cement,blast_furnace_slag,fly_ash,water,superplasticizer,coarse_aggregate,fine_aggregate,age,compressive_strength
2.6415687653031736,-0.8297586261324571,-0.9291749967480374,-1.0390336922666246,-0.6732774290763462,1.0127253018406068,-1.3241523312206938,-0.14503281113771,61.89
-0.0618591049530697,0.4943230672163881,-0.9291749967480374,2.513936443101771,-1.151058118526517,-0.5736756421685393,-1.4038387810152226,2.037685877559368,47.03
1.0629247534747104,0.27364278499158057,-0.9291749967480374,2.513936443101771,-1.151058118526517,-0.5736756421685393,-2.413200478412587,-0.14503281113771,36.45
-0.0618591049530697,0.4943230672163881,-0.9291749967480374,2.513936443101771,-1.151058118526517,-0.5736756421685393,-1.4038387810152226,-0.14503281113771,45.85
2.0002446354978605,-0.8297586261324571,-0.9291749967480374,2.513936443101771,-1.151058118526517,-0.5736756421685393,-2.413200478412587,-0.14503281113771,39.29
-0.7268628949358099,0.7080344984235701,-0.9291749967480374,0.575952732900828,-1.151058118526517,0.02477154321377245,0.6613683761596485,2.037685877559368,38.07
-0.7268628949358099,0.7080344984235701,-0.9291749967480374,0.575952732900828,-1.151058118526517,0.02477154321377245,0.6613683761596485,-0.14503281113771,28.02
-0.8117150105715897,1.3770441961156181,-0.9291749967480374,2.513936443101771,-1.151058118526517,-0.5736756421685393,-1.4038387810152226,2.037685877559368,42.33
0.3130688478561903,0.052962502766773036,-0.9291749967480374,2.513936443101771,-1.151058118526517,-0.5736756421685393,-1.4038387810152226,-0.14503281113771,47.81
1.0629247534747104,-0.8297586261324571,-0.9291749967480374,2.513936443101771,-1.151058118526517,-0.5736756421685393,-1.4038387810152226,2.037685877559368,52.91
-1.3089878742975558,1.6023703790188428,-0.9291749967480374,0.575952732900828,-1.151058118526517,0.9095447526367598,0.4143403817966089,2.037685877559368,39.36
1.0629247534747104,0.27364278499158057,-0.9291749967480374,2.513936443101771,-1.151058118526517,-0.5736756421685393,-2.413200478412587,2.037685877559368,40.56
-1.3089878742975558,1.6023703790188428,-0.9291749967480374,0.575952732900828,-1.151058118526517,0.9095447526367598,0.4143403817966089,-0.14503281113771,28.24
-1.3089878742975558,1.6023703790188428,-0.9291749967480374,0.575952732900828,-1.151058118526517,0.9095447526367598,0.4143403817966089,-1.0251613146445964,8.06
1.5315846944862854,-0.27805792057043827,-0.9291749967480374,2.513936443101771,-1.151058118526517,-0.5736756421685393,-2.413200478412587,-0.14503281113771,37.43
2.0002446354978605,-0.8297586261324571,-0.9291749967480374,2.513936443101771,-1.151058118526517,-0.5736756421685393,-2.413200478412587,-0.8843407540834946,38.6
-0.3430550695600147,1.928744901677637,-0.9291749967480374,2.513936443101771,-1.151058118526517,-0.5736756421685393,-2.413200478412587,-0.14503281113771,30.08
0.5942648124631353,0.8253434905535993,-0.9291749967480374,2.513936443101771,-1.151058118526517,-0.5736756421685393,-2.413200478412587,2.037685877559368,37.72
2.0002446354978605,-0.8297586261324571,-0.9291749967480374,2.513936443101771,-1.151058118526517,-0.5736756421685393,-2.413200478412587,2.037685877559368,42.23
0.6879968006654503,-0.388398061682842,-0.9291749967480374,2.513936443101771,-1.151058118526517,-0.5736756421685393,-1.4038387810152226,2.037685877559368,50.46
1.5315846944862854,-0.27805792057043827,-0.9291749967480374,2.513936443101771,-1.151058118526517,-0.5736756421685393,-2.413200478412587,2.037685877559368,41.54
1.5315846944862854,-0.27805792057043827,-0.9291749967480374,2.513936443101771,-1.151058118526517,-0.5736756421685393,-2.413200478412587,-0.8843407540834946,35.08
0.7570624761829456,-0.8297586261324571,-0.9291749967480374,0.575952732900828,-1.151058118526517,0.9095447526367598,0.4143403817966089,-1.0251613146445964,15.05
-0.3430550695600147,1.928744901677637,-0.9291749967480374,2.513936443101771,-1.151058118526517,-0.5736756421685393,-2.413200478412587,-0.8843407540834946,26.26
1.0629247534747104,0.27364278499158057,-0.9291749967480374,2.513936443101771,-1.151058118526517,-0.5736756421685393,-2.413200478412587,-0.8843407540834946,32.82
-0.3430550695600147,1.928744901677637,-0.9291749967480374,2.513936443101771,-1.151058118526517,-0.5736756421685393,-2.413200478412587,2.037685877559368,33.12
0.3130688478561903,0.052962502766773036,-0.9291749967480374,2.513936443101771,-1.151058118526517,-0.5736756421685393,-1.4038387810152226,2.037685877559368,49.19
-1.3089878742975558,1.6023703790188428,-0.9291749967480374,0.575952732900828,-1.151058118526517,0.9095447526367598,0.4143403817966089,-0.8843407540834946,14.59
-0.7268628949358099,0.7080344984235701,-0.9291749967480374,0.575952732900828,-1.151058118526517,0.02477154321377245,0.6613683761596485,-0.8843407540834946,14.64
-0.7268628949358099,0.7080344984235701,-0.9291749967480374,0.575952732900828,-1.151058118526517,0.02477154321377245,0.6613683761596485,-1.0251613146445964,9.13
0.5942648124631353,0.8253434905535993,-0.9291749967480374,2.513936443101771,-1.151058118526517,-0.5736756421685393,-2.413200478412587,-0.14503281113771,33.02
0.3722679982997577,-0.8297586261324571,-0.9291749967480374,0.575952732900828,-1.151058118526517,-0.07067046479978563,0.9947233578000941,-1.0251613146445964,9.87
0.5942648124631353,0.8253434905535993,-0.9291749967480374,2.513936443101771,-1.151058118526517,-0.5736756421685393,-2.413200478412587,-0.8843407540834946,30.28
-0.8117150105715897,1.3770441961156181,-0.9291749967480374,2.513936443101771,-1.151058118526517,-0.5736756421685393,-1.4038387810152226,-0.14503281113771,40.86
2.098909886237139,-0.8297586261324571,-0.9291749967480374,-1.900359785689266,-1.151058118526517,1.8510672641218628,0.32270096453290115,-0.14503281113771,71.99
1.003725603031143,1.367752394758784,-0.9291749967480374,-0.6029873574714126,0.7791758668521731,-0.649771297206376,-0.252369581484281,-1.0251613146445964,34.4
0.4048275310437199,2.2156292685698866,-0.9291749967480374,-0.31228980094127085,0.49250745318207056,0.908254995771713,-2.176797344022152,-1.0251613146445964,28.8
1.5069183818014655,0.4048894791568608,-0.9291749967480374,-1.4966131793974027,2.0022944318446103,-1.6041913773419598,1.4794825940501444,-1.0251613146445964,33.4
1.5069183818014655,0.4048894791568608,-0.9291749967480374,-1.609662229159124,2.403630210982754,-0.5220853675666158,0.3718409419061945,-1.0251613146445964,36.3
2.0002446354978605,0.550073875357392,-0.9291749967480374,-0.010825668243346675,0.5498411359160912,-1.6041913773419598,0.07700107766643738,-1.0251613146445964,37.8
1.1477768691104904,0.29803376355326977,-0.9291749967480374,-1.259748503706176,1.1614004184123097,-1.6041913773419598,1.9921320877282798,-1.0251613146445964,28.1
0.4590934189503233,1.6383761092765745,-0.9291749967480374,-1.3781808415517902,1.5818474251284602,-1.6041913773419598,1.3904993917795865,-1.0251613146445964,25.2
1.2780150000863386,0.27015835948276784,-0.9291749967480374,-1.8249937525147846,1.0276218253662621,-0.3827916261414231,1.0146449702487264,-1.0251613146445964,41.1
0.8912472171883652,1.3654294444195756,-0.9291749967480374,-0.8829183378337705,1.0658442805222756,-0.4098765203074317,-0.2643225489534615,-1.0251613146445964,35.3
0.5074393918125697,2.4548931535083622,-0.9291749967480374,0.13452311002172498,0.817398322008187,-0.43567165760839344,-1.5379776381693464,-1.0251613146445964,28.3
1.0579914909377464,0.926391830309169,-0.9291749967480374,-1.4750800270618365,1.8876270663765695,2.0355024958237387,-2.2671086537892844,-1.0251613146445964,28.6
0.13843135404766668,1.5036449896024815,-0.9291749967480374,-1.970342530779856,0.9893993702102482,0.3626878418563716,0.3718409419061945,-1.0251613146445964,24.4
1.6450497328364562,1.2260524240670656,-0.9291749967480374,0.25295544786733754,0.9702881426322414,-1.1811511256061882,-0.900486039813116,-1.0251613146445964,39.3
1.1606033517065963,1.3654294444195756,-0.9291749967480374,-1.905743073773157,3.053411948634986,-0.4098765203074317,-0.2643225489534615,-1.0251613146445964,40.6
0.6475440478623458,1.3654294444195756,-0.9291749967480374,-0.3445895294446196,0.6645085013841321,-0.4098765203074317,-0.2643225489534615,-1.0251613146445964,24.1
1.003725603031143,1.367752394758784,-0.9291749967480374,-0.6029873574714126,0.7791758668521731,-0.649771297206376,-0.252369581484281,-0.8843407540834946,46.2
0.4048275310437199,2.2156292685698866,-0.9291749967480374,-0.31228980094127085,0.49250745318207056,0.908254995771713,-2.176797344022152,-0.8843407540834946,42.8
1.5069183818014655,0.4048894791568608,-0.9291749967480374,-1.4966131793974027,2.0022944318446103,-1.6041913773419598,1.4794825940501444,-0.8843407540834946,49.2
1.5069183818014655,0.4048894791568608,-0.9291749967480374,-1.609662229159124,2.403630210982754,-0.5220853675666158,0.3718409419061945,-0.8843407540834946,46.8
2.0002446354978605,0.550073875357392,-0.9291749967480374,-0.010825668243346675,0.5498411359160912,-1.6041913773419598,0.07700107766643738,-0.8843407540834946,55.6
1.1477768691104904,0.29803376355326977,-0.9291749967480374,-1.259748503706176,1.1614004184123097,-1.6041913773419598,1.9921320877282798,-0.8843407540834946,34.9
0.4590934189503233,1.6383761092765745,-0.9291749967480374,-1.3781808415517902,1.5818474251284602,-1.6041913773419598,1.3904993917795865,-0.8843407540834946,33.4
1.2780150000863386,0.27015835948276784,-0.9291749967480374,-1.8249937525147846,1.0276218253662621,-0.3827916261414231,1.0146449702487264,-0.8843407540834946,54.1
0.8912472171883652,1.3654294444195756,-0.9291749967480374,-0.8829183378337705,1.0658442805222756,-0.4098765203074317,-0.2643225489534615,-0.8843407540834946,55.9
0.5074393918125697,2.4548931535083622,-0.9291749967480374,0.13452311002172498,0.817398322008187,-0.43567165760839344,-1.5379776381693464,-0.8843407540834946,49.8
1.0579914909377464,0.926391830309169,-0.9291749967480374,-1.4750800270618365,1.8876270663765695,2.0355024958237387,-2.2671086537892844,-0.8843407540834946,47.1
0.13843135404766668,1.5036449896024815,-0.9291749967480374,-1.970342530779856,0.9893993702102482,0.3626878418563716,0.3718409419061945,-0.8843407540834946,38.0
1.6450497328364562,1.2260524240670656,-0.9291749967480374,0.25295544786733754,0.9702881426322414,-1.1811511256061882,-0.900486039813116,-0.8843407540834946,56.1
1.1606033517065963,1.3654294444195756,-0.9291749967480374,-1.905743073773157,3.053411948634986,-0.4098765203074317,-0.2643225489534615,-0.8843407540834946,59.09
0.8912472171883652,1.3654294444195756,-0.9291749967480374,-0.8829183378337705,1.0658442805222756,-0.4098765203074317,-0.2643225489534615,-0.8843407540834946,22.9
0.6475440478623458,1.3654294444195756,-0.9291749967480374,-0.3445895294446196,0.6645085013841321,-0.4098765203074317,-0.2643225489534615,-0.8843407540834946,35.1
1.003725603031143,1.367752394758784,-0.9291749967480374,-0.6029873574714126,0.7791758668521731,-0.649771297206376,-0.252369581484281,-0.14503281113771,61.09
0.4048275310437199,2.2156292685698866,-0.9291749967480374,-0.31228980094127085,0.49250745318207056,0.908254995771713,-2.176797344022152,-0.14503281113771,59.8
1.5069183818014655,0.4048894791568608,-0.9291749967480374,-1.4966131793974027,2.0022944318446103,-1.6041913773419598,1.4794825940501444,-0.14503281113771,60.29
1.5069183818014655,0.4048894791568608,-0.9291749967480374,-1.609662229159124,2.403630210982754,-0.5220853675666158,0.3718409419061945,-0.14503281113771,61.8
2.0002446354978605,0.550073875357392,-0.9291749967480374,-0.010825668243346675,0.5498411359160912,-1.6041913773419598,0.07700107766643738,-0.14503281113771,68.3
1.1477768691104904,0.29803376355326977,-0.9291749967480374,-1.259748503706176,1.1614004184123097,-1.6041913773419598,1.9921320877282798,-0.14503281113771,50.7
0.4590934189503233,1.6383761092765745,-0.9291749967480374,-1.3781808415517902,1.5818474251284602,-1.6041913773419598,1.3904993917795865,-0.14503281113771,55.5
1.2780150000863386,0.27015835948276784,-0.9291749967480374,-1.8249937525147846,1.0276218253662621,-0.3827916261414231,1.0146449702487264,-0.14503281113771,68.5
0.8912472171883652,1.3654294444195756,-0.9291749967480374,-0.8829183378337705,1.0658442805222756,-0.4098765203074317,-0.2643225489534615,-0.14503281113771,71.3
0.5074393918125697,2.4548931535083622,-0.9291749967480374,0.13452311002172498,0.817398322008187,-0.43567165760839344,-1.5379776381693464,-0.14503281113771,74.7
1.0579914909377464,0.926391830309169,-0.9291749967480374,-1.4750800270618365,1.8876270663765695,2.0355024958237387,-2.2671086537892844,-0.14503281113771,52.2
0.13843135404766668,1.5036449896024815,-0.9291749967480374,-1.970342530779856,0.9893993702102482,0.3626878418563716,0.3718409419061945,-0.14503281113771,67.7
1.6450497328364562,1.2260524240670656,-0.9291749967480374,0.25295544786733754,0.9702881426322414,-1.1811511256061882,-0.900486039813116,-0.14503281113771,66.0
1.1606033517065963,1.3654294444195756,-0.9291749967480374,-1.905743073773157,3.053411948634986,-0.4098765203074317,-0.2643225489534615,-0.14503281113771,74.5
0.6475440478623458,1.3654294444195756,-0.9291749967480374,-0.3445895294446196,0.6645085013841321,-0.4098765203074317,-0.2643225489534615,-0.14503281113771,49.9
1.003725603031143,1.367752394758784,-0.9291749967480374,-0.6029873574714126,0.7791758668521731,-0.649771297206376,-0.252369581484281,0.8407111127900027,63.4
0.4048275310437199,2.2156292685698866,-0.9291749967480374,-0.31228980094127085,0.49250745318207056,0.908254995771713,-2.176797344022152,0.8407111127900027,64.9
1.5069183818014655,0.4048894791568608,-0.9291749967480374,-1.4966131793974027,2.0022944318446103,-1.6041913773419598,1.4794825940501444,0.8407111127900027,64.3
1.5069183818014655,0.4048894791568608,-0.9291749967480374,-1.609662229159124,2.403630210982754,-0.5220853675666158,0.3718409419061945,0.8407111127900027,64.9
2.0002446354978605,0.550073875357392,-0.9291749967480374,-0.010825668243346675,0.5498411359160912,-1.6041913773419598,0.07700107766643738,0.8407111127900027,72.3
1.1477768691104904,0.29803376355326977,-0.9291749967480374,-1.259748503706176,1.1614004184123097,-1.6041913773419598,1.9921320877282798,0.8407111127900027,55.2
0.4590934189503233,1.6383761092765745,-0.9291749967480374,-1.3781808415517902,1.5818474251284602,-1.6041913773419598,1.3904993917795865,0.8407111127900027,66.1
1.2780150000863386,0.27015835948276784,-0.9291749967480374,-1.8249937525147846,1.0276218253662621,-0.3827916261414231,1.0146449702487264,0.8407111127900027,73.7
1.0579914909377464,0.926391830309169,-0.9291749967480374,-1.4750800270618365,1.8876270663765695,2.0355024958237387,-2.2671086537892844,0.8407111127900027,54.9
0.13843135404766668,1.5036449896024815,-0.9291749967480374,-1.970342530779856,0.9893993702102482,0.3626878418563716,0.3718409419061945,0.8407111127900027,72.99
1.6450497328364562,1.2260524240670656,-0.9291749967480374,0.25295544786733754,0.9702881426322414,-1.1811511256061882,-0.900486039813116,0.8407111127900027,71.7
0.6475440478623458,1.3654294444195756,-0.9291749967480374,-0.3445895294446196,0.6645085013841321,-0.4098765203074317,-0.2643225489534615,0.8407111127900027,59.89
1.003725603031143,1.367752394758784,-0.9291749967480374,-0.6029873574714126,0.7791758668521731,-0.649771297206376,-0.252369581484281,2.0728910176996433,64.9
0.4048275310437199,2.2156292685698866,-0.9291749967480374,-0.31228980094127085,0.49250745318207056,0.908254995771713,-2.176797344022152,2.0728910176996433,66.6
1.5069183818014655,0.4048894791568608,-0.9291749967480374,-1.4966131793974027,2.0022944318446103,-1.6041913773419598,1.4794825940501444,2.0728910176996433,65.2
1.5069183818014655,0.4048894791568608,-0.9291749967480374,-1.609662229159124,2.403630210982754,-0.5220853675666158,0.3718409419061945,2.0728910176996433,66.7
2.0002446354978605,0.550073875357392,-0.9291749967480374,-0.010825668243346675,0.5498411359160912,-1.6041913773419598,0.07700107766643738,2.0728910176996433,74.19
1.1477768691104904,0.29803376355326977,-0.9291749967480374,-1.259748503706176,1.1614004184123097,-1.6041913773419598,1.9921320877282798,2.0728910176996433,57.6
0.4590934189503233,1.6383761092765745,-0.9291749967480374,-1.3781808415517902,1.5818474251284602,-1.6041913773419598,1.3904993917795865,2.0728910176996433,68.1
1.2780150000863386,0.27015835948276784,-0.9291749967480374,-1.8249937525147846,1.0276218253662621,-0.3827916261414231,1.0146449702487264,2.0728910176996433,75.5
1.0579914909377464,0.926391830309169,-0.9291749967480374,-1.4750800270618365,1.8876270663765695,2.0355024958237387,-2.2671086537892844,2.0728910176996433,56.5
0.13843135404766668,1.5036449896024815,-0.9291749967480374,-1.970342530779856,0.9893993702102482,0.3626878418563716,0.3718409419061945,2.0728910176996433,76.8
1.6450497328364562,1.2260524240670656,-0.9291749967480374,0.25295544786733754,0.9702881426322414,-1.1811511256061882,-0.900486039813116,2.0728910176996433,73.3
0.6475440478623458,1.3654294444195756,-0.9291749967480374,-0.3445895294446196,0.6645085013841321,-0.4098765203074317,-0.2643225489534615,2.0728910176996433,67.8
-0.49203959817632587,-0.8297586261324571,0.5700788681492199,0.43060395463575796,-0.29105287751620956,-0.1209709825366607,1.2563605346254627,-1.0251613146445964,11.58
-0.49203959817632587,-0.8297586261324571,0.5700788681492199,0.43060395463575796,-0.29105287751620956,-0.1209709825366607,1.2563605346254627,-0.6379047731015663,24.45
-0.49203959817632587,-0.8297586261324571,0.5700788681492199,0.43060395463575796,-0.29105287751620956,-0.1209709825366607,1.2563605346254627,-0.14503281113771,24.89
-0.49203959817632587,-0.8297586261324571,0.5700788681492199,0.43060395463575796,-0.29105287751620956,-0.1209709825366607,1.2563605346254627,0.8407111127900027,29.45
-0.49203959817632587,-0.8297586261324571,0.5700788681492199,0.43060395463575796,-0.29105287751620956,-0.1209709825366607,1.2563605346254627,2.3897372789621225,40.71
-0.37956121233354784,-0.8297586261324571,0.5375200975568285,0.8935667298504274,-0.2719416499382028,-0.3802121124113263,1.0159730777453022,-1.0251613146445964,10.38
-0.37956121233354784,-0.8297586261324571,0.5375200975568285,0.8935667298504274,-0.2719416499382028,-0.3802121124113263,1.0159730777453022,-0.6379047731015663,22.14
-0.37956121233354784,-0.8297586261324571,0.5375200975568285,0.8935667298504274,-0.2719416499382028,-0.3802121124113263,1.0159730777453022,-0.14503281113771,22.84
-0.37956121233354784,-0.8297586261324571,0.5375200975568285,0.8935667298504274,-0.2719416499382028,-0.3802121124113263,1.0159730777453022,0.8407111127900027,27.66
-0.37956121233354784,-0.8297586261324571,0.5375200975568285,0.8935667298504274,-0.2719416499382028,-0.3802121124113263,1.0159730777453022,2.3897372789621225,34.56
-0.7653423427241287,-0.8297586261324571,0.6289947387449756,-0.8452353212465306,0.28228394982399546,0.3859034654272366,1.7291668034063339,-1.0251613146445964,12.45
-0.7653423427241287,-0.8297586261324571,0.6289947387449756,-0.8452353212465306,0.28228394982399546,0.3859034654272366,1.7291668034063339,-0.6379047731015663,24.99
-0.7653423427241287,-0.8297586261324571,0.6289947387449756,-0.8452353212465306,0.28228394982399546,0.3859034654272366,1.7291668034063339,-0.14503281113771,25.72
-0.7653423427241287,-0.8297586261324571,0.6289947387449756,-0.8452353212465306,0.28228394982399546,0.3859034654272366,1.7291668034063339,0.8407111127900027,33.96
-0.7653423427241287,-0.8297586261324571,0.6289947387449756,-0.8452353212465306,0.28228394982399546,0.3859034654272366,1.7291668034063339,2.3897372789621225,37.34
-0.8048084430198403,-0.8297586261324571,1.0150487329119013,-1.0336504041827332,0.3396176325580159,1.464140204607437,0.37582526439592034,-1.0251613146445964,15.04
-0.8048084430198403,-0.8297586261324571,1.0150487329119013,-1.0336504041827332,0.3396176325580159,1.464140204607437,0.37582526439592034,-0.6379047731015663,21.06
-0.8048084430198403,-0.8297586261324571,1.0150487329119013,-1.0336504041827332,0.3396176325580159,1.464140204607437,0.37582526439592034,-0.14503281113771,26.4
-0.8048084430198403,-0.8297586261324571,1.0150487329119013,-1.0336504041827332,0.3396176325580159,1.464140204607437,0.37582526439592034,0.8407111127900027,35.34
-0.8048084430198403,-0.8297586261324571,1.0150487329119013,-1.0336504041827332,0.3396176325580159,1.464140204607437,0.37582526439592034,2.3897372789621225,40.57
-0.5936648064377833,-0.8297586261324571,0.9561328623161455,-0.05389197291447782,-0.06171814658012752,1.0462589803318558,0.047782712741776215,-1.0251613146445964,12.47
-0.5936648064377833,-0.8297586261324571,0.9561328623161455,-0.05389197291447782,-0.06171814658012752,1.0462589803318558,0.047782712741776215,-0.6379047731015663,20.92
-0.5936648064377833,-0.8297586261324571,0.9561328623161455,-0.05389197291447782,-0.06171814658012752,1.0462589803318558,0.047782712741776215,-0.14503281113771,24.9
-0.5936648064377833,-0.8297586261324571,0.9561328623161455,-0.05389197291447782,-0.06171814658012752,1.0462589803318558,0.047782712741776215,0.8407111127900027,34.2
-0.5936648064377833,-0.8297586261324571,0.9561328623161455,-0.05389197291447782,-0.06171814658012752,1.0462589803318558,0.047782712741776215,2.3897372789621225,39.61
-0.4170540076144739,-0.8297586261324571,0.9049690799566734,0.7643678158370308,-0.2719416499382028,0.6825475443882979,-0.2271355390493472,-1.0251613146445964,10.03
-0.4170540076144739,-0.8297586261324571,0.9049690799566734,0.7643678158370308,-0.2719416499382028,0.6825475443882979,-0.2271355390493472,-0.6379047731015663,20.08
-0.4170540076144739,-0.8297586261324571,0.9049690799566734,0.7643678158370308,-0.2719416499382028,0.6825475443882979,-0.2271355390493472,-0.14503281113771,24.48
-0.4170540076144739,-0.8297586261324571,0.9049690799566734,0.7643678158370308,-0.2719416499382028,0.6825475443882979,-0.2271355390493472,0.8407111127900027,31.54
-0.4170540076144739,-0.8297586261324571,0.9049690799566734,0.7643678158370308,-0.2719416499382028,0.6825475443882979,-0.2271355390493472,2.3897372789621225,35.34
-0.8087550530494112,-0.8297586261324571,1.0119478976173877,-1.0444169803505157,0.7409534116961595,1.4396348241715222,0.3572317594438639,-1.0251613146445964,9.45
-0.8087550530494112,-0.8297586261324571,1.0119478976173877,-1.0444169803505157,0.7409534116961595,1.4396348241715222,0.3572317594438639,-0.6379047731015663,22.72
-0.8087550530494112,-0.8297586261324571,1.0119478976173877,-1.0444169803505157,0.7409534116961595,1.4396348241715222,0.3572317594438639,-0.14503281113771,28.47
-0.8087550530494112,-0.8297586261324571,1.0119478976173877,-1.0444169803505157,0.7409534116961595,1.4396348241715222,0.3572317594438639,0.8407111127900027,38.56
-0.8087550530494112,-0.8297586261324571,1.0119478976173877,-1.0444169803505157,0.7409534116961595,1.4396348241715222,0.3572317594438639,2.3897372789621225,40.39
-1.0475249598384664,-0.8297586261324571,1.602657021222202,-0.25845692010235577,-0.29105287751620956,1.0591565489823367,0.05840757271438096,-1.0251613146445964,10.76
-1.0475249598384664,-0.8297586261324571,1.602657021222202,-0.25845692010235577,-0.29105287751620956,1.0591565489823367,0.05840757271438096,-0.6379047731015663,25.48
-1.0475249598384664,-0.8297586261324571,1.602657021222202,-0.25845692010235577,-0.29105287751620956,1.0591565489823367,0.05840757271438096,-0.14503281113771,21.54
-1.0475249598384664,-0.8297586261324571,1.602657021222202,-0.25845692010235577,-0.29105287751620956,1.0591565489823367,0.05840757271438096,0.8407111127900027,28.63
-1.0475249598384664,-0.8297586261324571,1.602657021222202,-0.25845692010235577,-0.29105287751620956,1.0591565489823367,0.05840757271438096,2.3897372789621225,33.54
-0.5778783663194987,0.30964851524931225,-0.5493226731701387,0.02147406026000207,0.16761658435595453,1.1520190432657995,0.12879727003288077,-1.0251613146445964,18.0
-0.5778783663194987,0.30964851524931225,-0.5493226731701387,0.02147406026000207,0.16761658435595453,1.1520190432657995,0.12879727003288077,-0.6379047731015663,30.39
-0.5778783663194987,0.30964851524931225,-0.5493226731701387,0.02147406026000207,0.16761658435595453,1.1520190432657995,0.12879727003288077,-0.14503281113771,45.71
-0.5778783663194987,0.30964851524931225,-0.5493226731701387,0.02147406026000207,0.16761658435595453,1.1520190432657995,0.12879727003288077,0.8407111127900027,50.77
-0.5778783663194987,0.30964851524931225,-0.5493226731701387,0.02147406026000207,0.16761658435595453,1.1520190432657995,0.12879727003288077,2.3897372789621225,53.9
-0.5768917138121057,0.30964851524931225,-0.5493226731701387,0.02147406026000207,0.1293941291999408,1.1545985569958963,0.13012537752945658,-1.0251613146445964,13.18
-0.5768917138121057,0.30964851524931225,-0.5493226731701387,0.02147406026000207,0.1293941291999408,1.1545985569958963,0.13012537752945658,-0.6379047731015663,17.84
-0.5768917138121057,0.30964851524931225,-0.5493226731701387,0.02147406026000207,0.1293941291999408,1.1545985569958963,0.13012537752945658,-0.14503281113771,40.23
-0.5768917138121057,0.30964851524931225,-0.5493226731701387,0.02147406026000207,0.1293941291999408,1.1545985569958963,0.13012537752945658,0.8407111127900027,47.13
-0.5768917138121057,0.30964851524931225,-0.5493226731701387,0.02147406026000207,0.1293941291999408,1.1545985569958963,0.13012537752945658,2.3897372789621225,49.97
-0.4200139651366524,-0.8297586261324571,0.9034186623094168,0.7482179515853558,0.014726763731899717,0.6657807051426704,-0.24041661401510198,-1.0251613146445964,13.36
-0.4200139651366524,-0.8297586261324571,0.9034186623094168,0.7482179515853558,0.014726763731899717,0.6657807051426704,-0.24041661401510198,-0.6379047731015663,22.32
-0.4200139651366524,-0.8297586261324571,0.9034186623094168,0.7482179515853558,0.014726763731899717,0.6657807051426704,-0.24041661401510198,-0.14503281113771,24.54
-0.4200139651366524,-0.8297586261324571,0.9034186623094168,0.7482179515853558,0.014726763731899717,0.6657807051426704,-0.24041661401510198,0.8407111127900027,31.35
-0.4200139651366524,-0.8297586261324571,0.9034186623094168,0.7482179515853558,0.014726763731899717,0.6657807051426704,-0.24041661401510198,2.3897372789621225,40.86
-0.337135154515658,-0.8297586261324571,0.5297680093205448,0.2906384644545775,0.1867278119339613,-0.3428091633249321,0.9469114879233766,-1.0251613146445964,19.93
-0.337135154515658,-0.8297586261324571,0.5297680093205448,0.2906384644545775,0.1867278119339613,-0.3428091633249321,0.9469114879233766,-0.6379047731015663,25.69
-0.337135154515658,-0.8297586261324571,0.5297680093205448,0.2906384644545775,0.1867278119339613,-0.3428091633249321,0.9469114879233766,-0.14503281113771,30.23
-0.337135154515658,-0.8297586261324571,0.5297680093205448,0.2906384644545775,0.1867278119339613,-0.3428091633249321,0.9469114879233766,0.8407111127900027,39.59
-0.337135154515658,-0.8297586261324571,0.5297680093205448,0.2906384644545775,0.1867278119339613,-0.3428091633249321,0.9469114879233766,2.3897372789621225,44.3
-0.219723506135916,-0.8297586261324571,0.5545746916766526,0.32832148104181896,-0.09994060173614122,-0.2525261827715661,1.1355027524370953,-1.0251613146445964,13.82
-0.219723506135916,-0.8297586261324571,0.5545746916766526,0.32832148104181896,-0.09994060173614122,-0.2525261827715661,1.1355027524370953,-0.6379047731015663,24.92
-0.219723506135916,-0.8297586261324571,0.5545746916766526,0.32832148104181896,-0.09994060173614122,-0.2525261827715661,1.1355027524370953,-0.14503281113771,29.22
-0.219723506135916,-0.8297586261324571,0.5545746916766526,0.32832148104181896,-0.09994060173614122,-0.2525261827715661,1.1355027524370953,0.8407111127900027,38.33
-0.219723506135916,-0.8297586261324571,0.5545746916766526,0.32832148104181896,-0.09994060173614122,-0.2525261827715661,1.1355027524370953,2.3897372789621225,42.35
-0.5897181964082121,-0.8297586261324571,0.627444321097719,-1.1843824705316945,0.5116186807600773,0.4039600615379095,1.6986203309850985,-1.0251613146445964,13.54
-0.5897181964082121,-0.8297586261324571,0.627444321097719,-1.1843824705316945,0.5116186807600773,0.4039600615379095,1.6986203309850985,-0.6379047731015663,26.31
-0.5897181964082121,-0.8297586261324571,0.627444321097719,-1.1843824705316945,0.5116186807600773,0.4039600615379095,1.6986203309850985,-0.14503281113771,31.64
-0.5897181964082121,-0.8297586261324571,0.627444321097719,-1.1843824705316945,0.5116186807600773,0.4039600615379095,1.6986203309850985,0.8407111127900027,42.55
-0.5897181964082121,-0.8297586261324571,0.627444321097719,-1.1843824705316945,0.5116186807600773,0.4039600615379095,1.6986203309850985,2.3897372789621225,42.92
-0.5887315439008194,-0.8297586261324571,0.627444321097719,-1.1789991824478034,0.8365095495861937,0.35236978693598603,1.7012765459782484,-1.0251613146445964,13.33
-0.5887315439008194,-0.8297586261324571,0.627444321097719,-1.1789991824478034,0.8365095495861937,0.35236978693598603,1.7012765459782484,-0.6379047731015663,25.37
-0.5887315439008194,-0.8297586261324571,0.627444321097719,-1.1789991824478034,0.8365095495861937,0.35236978693598603,1.7012765459782484,-0.14503281113771,37.4
-0.5887315439008194,-0.8297586261324571,0.627444321097719,-1.1789991824478034,0.8365095495861937,0.35236978693598603,1.7012765459782484,0.8407111127900027,44.4
-0.5887315439008194,-0.8297586261324571,0.627444321097719,-1.1789991824478034,0.8365095495861937,0.35236978693598603,1.7012765459782484,2.3897372789621225,47.74
-0.594651458945176,-0.8297586261324571,1.0057462270283608,-1.2005323347833698,0.3396176325580159,1.404811388815226,0.31606042705002374,-1.0251613146445964,19.52
-0.594651458945176,-0.8297586261324571,1.0057462270283608,-1.2005323347833698,0.3396176325580159,1.404811388815226,0.31606042705002374,-0.6379047731015663,31.35
-0.594651458945176,-0.8297586261324571,1.0057462270283608,-1.2005323347833698,0.3396176325580159,1.404811388815226,0.31606042705002374,-0.14503281113771,38.5
-0.594651458945176,-0.8297586261324571,1.0057462270283608,-1.2005323347833698,0.3396176325580159,1.404811388815226,0.31606042705002374,0.8407111127900027,45.08
-0.594651458945176,-0.8297586261324571,1.0057462270283608,-1.2005323347833698,0.3396176325580159,1.404811388815226,0.31606042705002374,2.3897372789621225,47.82
-0.3992942624814036,-0.8297586261324571,0.9561328623161455,-0.3930391221996435,0.1293941291999408,1.030781897951281,0.03715785276917298,-1.0251613146445964,15.44
-0.3992942624814036,-0.8297586261324571,0.9561328623161455,-0.3930391221996435,0.1293941291999408,1.030781897951281,0.03715785276917298,-0.6379047731015663,26.77
-0.3992942624814036,-0.8297586261324571,0.9561328623161455,-0.3930391221996435,0.1293941291999408,1.030781897951281,0.03715785276917298,-0.14503281113771,33.73
-0.3992942624814036,-0.8297586261324571,0.9561328623161455,-0.3930391221996435,0.1293941291999408,1.030781897951281,0.03715785276917298,0.8407111127900027,42.7
-0.3992942624814036,-0.8297586261324571,0.9561328623161455,-0.3930391221996435,0.1293941291999408,1.030781897951281,0.03715785276917298,2.3897372789621225,45.84
-0.2059103710324169,-0.8297586261324571,0.9049690799566734,0.38753764996462525,-0.04260691900212075,0.669649975737817,-0.2390885065185262,-1.0251613146445964,17.22
-0.2059103710324169,-0.8297586261324571,0.9049690799566734,0.38753764996462525,-0.04260691900212075,0.669649975737817,-0.2390885065185262,-0.6379047731015663,29.93
-0.2059103710324169,-0.8297586261324571,0.9049690799566734,0.38753764996462525,-0.04260691900212075,0.669649975737817,-0.2390885065185262,-0.14503281113771,29.65
-0.2059103710324169,-0.8297586261324571,0.9049690799566734,0.38753764996462525,-0.04260691900212075,0.669649975737817,-0.2390885065185262,0.8407111127900027,36.97
-0.2059103710324169,-0.8297586261324571,0.9049690799566734,0.38753764996462525,-0.04260691900212075,0.669649975737817,-0.2390885065185262,2.3897372789621225,43.58
-0.2059103710324169,-0.8297586261324571,0.9049690799566734,0.38753764996462525,0.07206044646592036,0.669649975737817,-0.2390885065185262,-1.0251613146445964,13.12
-0.2059103710324169,-0.8297586261324571,0.9049690799566734,0.38753764996462525,0.07206044646592036,0.669649975737817,-0.2390885065185262,-0.6379047731015663,24.43
-0.2059103710324169,-0.8297586261324571,0.9049690799566734,0.38753764996462525,0.07206044646592036,0.669649975737817,-0.2390885065185262,-0.14503281113771,32.66
-0.2059103710324169,-0.8297586261324571,0.9049690799566734,0.38753764996462525,0.07206044646592036,0.669649975737817,-0.2390885065185262,0.8407111127900027,36.64
-0.2059103710324169,-0.8297586261324571,0.9049690799566734,0.38753764996462525,0.07206044646592036,0.669649975737817,-0.2390885065185262,2.3897372789621225,44.21
-0.8965671262073696,-0.8297586261324571,1.6600224741707008,-0.6299037978908701,0.3013951774020022,1.020463843030894,0.02786110029314402,-1.0251613146445964,13.62
-0.8965671262073696,-0.8297586261324571,1.6600224741707008,-0.6299037978908701,0.3013951774020022,1.020463843030894,0.02786110029314402,-0.6379047731015663,21.6
-0.8965671262073696,-0.8297586261324571,1.6600224741707008,-0.6299037978908701,0.3013951774020022,1.020463843030894,0.02786110029314402,-0.14503281113771,27.77
-0.8965671262073696,-0.8297586261324571,1.6600224741707008,-0.6299037978908701,0.3013951774020022,1.020463843030894,0.02786110029314402,0.8407111127900027,35.57
-0.8965671262073696,-0.8297586261324571,1.6600224741707008,-0.6299037978908701,0.3013951774020022,1.020463843030894,0.02786110029314402,2.3897372789621225,45.37
-0.8906472111630129,-0.30477184947133595,0.9623345329051725,-0.5976040693875214,0.41606254287004313,1.0694746039027236,0.06637621769383414,-1.0251613146445964,7.32
-0.8906472111630129,-0.30477184947133595,0.9623345329051725,-0.5976040693875214,0.41606254287004313,1.0694746039027236,0.06637621769383414,-0.6379047731015663,21.5
-0.8906472111630129,-0.30477184947133595,0.9623345329051725,-0.5976040693875214,0.41606254287004313,1.0694746039027236,0.06637621769383414,-0.14503281113771,31.27
-0.8906472111630129,-0.30477184947133595,0.9623345329051725,-0.5976040693875214,0.41606254287004313,1.0694746039027236,0.06637621769383414,0.8407111127900027,43.5
-0.8906472111630129,-0.30477184947133595,0.9623345329051725,-0.5976040693875214,0.41606254287004313,1.0694746039027236,0.06637621769383414,2.3897372789621225,48.67
-1.0198986896314683,-0.33961610455946345,0.9979941387920771,-1.2382153513706098,0.9129544598982211,1.3454825730230124,0.2722328796630335,-1.0251613146445964,7.4
-1.0198986896314683,-0.33961610455946345,0.9979941387920771,-1.2382153513706098,0.9129544598982211,1.3454825730230124,0.2722328796630335,-0.6379047731015663,23.51
-1.0198986896314683,-0.33961610455946345,0.9979941387920771,-1.2382153513706098,0.9129544598982211,1.3454825730230124,0.2722328796630335,-0.14503281113771,31.12
-1.0198986896314683,-0.33961610455946345,0.9979941387920771,-1.2382153513706098,0.9129544598982211,1.3454825730230124,0.2722328796630335,0.8407111127900027,39.15
-1.0198986896314683,-0.33961610455946345,0.9979941387920771,-1.2382153513706098,0.9129544598982211,1.3454825730230124,0.2722328796630335,2.3897372789621225,48.15
0.17888410685077072,-0.8297586261324571,0.5623267799129363,-0.7106531191492428,0.6453972738061253,-0.1970666375744975,1.185970837306963,-1.0251613146445964,22.5
0.17888410685077072,-0.8297586261324571,0.5623267799129363,-0.7106531191492428,0.6453972738061253,-0.1970666375744975,1.185970837306963,-0.6379047731015663,34.67
0.17888410685077072,-0.8297586261324571,0.5623267799129363,-0.7106531191492428,0.6453972738061253,-0.1970666375744975,1.185970837306963,-0.14503281113771,34.74
0.17888410685077072,-0.8297586261324571,0.5623267799129363,-0.7106531191492428,0.6453972738061253,-0.1970666375744975,1.185970837306963,0.8407111127900027,45.08
0.17888410685077072,-0.8297586261324571,0.5623267799129363,-0.7106531191492428,0.6453972738061253,-0.1970666375744975,1.185970837306963,2.3897372789621225,48.97
0.04765932336753016,-0.8297586261324571,0.5809317916800171,-1.114399725441106,1.1040667356782894,-0.03326751571339143,1.3267502319439641,-1.0251613146445964,23.14
0.04765932336753016,-0.8297586261324571,0.5809317916800171,-1.114399725441106,1.1040667356782894,-0.03326751571339143,1.3267502319439641,-0.6379047731015663,41.89
0.04765932336753016,-0.8297586261324571,0.5809317916800171,-1.114399725441106,1.1040667356782894,-0.03326751571339143,1.3267502319439641,-0.14503281113771,48.28
0.04765932336753016,-0.8297586261324571,0.5809317916800171,-1.114399725441106,1.1040667356782894,-0.03326751571339143,1.3267502319439641,0.8407111127900027,51.04
0.04765932336753016,-0.8297586261324571,0.5809317916800171,-1.114399725441106,1.1040667356782894,-0.03326751571339143,1.3267502319439641,2.3897372789621225,55.64
0.23117668974258868,-0.8297586261324571,0.5530242740293958,-0.5276213242969312,0.5498411359160912,-0.27574180634243106,1.1089406025055857,-1.0251613146445964,22.95
0.23117668974258868,-0.8297586261324571,0.5530242740293958,-0.5276213242969312,0.5498411359160912,-0.27574180634243106,1.1089406025055857,-0.6379047731015663,35.23
0.23117668974258868,-0.8297586261324571,0.5530242740293958,-0.5276213242969312,0.5498411359160912,-0.27574180634243106,1.1089406025055857,-0.14503281113771,39.94
0.23117668974258868,-0.8297586261324571,0.5530242740293958,-0.5276213242969312,0.5498411359160912,-0.27574180634243106,1.1089406025055857,0.8407111127900027,48.72
0.23117668974258868,-0.8297586261324571,0.5530242740293958,-0.5276213242969312,0.5498411359160912,-0.27574180634243106,1.1089406025055857,2.3897372789621225,52.04
-0.2019637610028457,-0.8297586261324571,0.6196922328614354,-1.8949764976053747,1.2187341011463304,0.38074443796704455,1.6481522461152294,-1.0251613146445964,21.02
-0.2019637610028457,-0.8297586261324571,0.6196922328614354,-1.8949764976053747,1.2187341011463304,0.38074443796704455,1.6481522461152294,-0.6379047731015663,33.36
-0.2019637610028457,-0.8297586261324571,0.6196922328614354,-1.8949764976053747,1.2187341011463304,0.38074443796704455,1.6481522461152294,-0.14503281113771,33.94
-0.2019637610028457,-0.8297586261324571,0.6196922328614354,-1.8949764976053747,1.2187341011463304,0.38074443796704455,1.6481522461152294,0.8407111127900027,44.14
-0.2019637610028457,-0.8297586261324571,0.6196922328614354,-1.8949764976053747,1.2187341011463304,0.38074443796704455,1.6481522461152294,2.3897372789621225,45.37
-0.22860337870245118,-0.8297586261324571,0.6026376387416111,-1.2489819275383938,1.2951790114583577,0.14600868852829227,1.5047166364850781,-1.0251613146445964,15.36
-0.22860337870245118,-0.8297586261324571,0.6026376387416111,-1.2489819275383938,1.2951790114583577,0.14600868852829227,1.5047166364850781,-0.6379047731015663,28.68
-0.22860337870245118,-0.8297586261324571,0.6026376387416111,-1.2489819275383938,1.2951790114583577,0.14600868852829227,1.5047166364850781,-0.14503281113771,30.85
-0.22860337870245118,-0.8297586261324571,0.6026376387416111,-1.2489819275383938,1.2951790114583577,0.14600868852829227,1.5047166364850781,0.8407111127900027,42.03
-0.22860337870245118,-0.8297586261324571,0.6026376387416111,-1.2489819275383938,1.2951790114583577,0.14600868852829227,1.5047166364850781,2.3897372789621225,51.06
-0.19703049846588175,-0.8297586261324571,0.6026376387416111,-1.8842099214375907,1.5627361975504532,0.14600868852829227,1.5047166364850781,-1.0251613146445964,21.78
-0.19703049846588175,-0.8297586261324571,0.6026376387416111,-1.8842099214375907,1.5627361975504532,0.14600868852829227,1.5047166364850781,-0.6379047731015663,42.29
-0.19703049846588175,-0.8297586261324571,0.6026376387416111,-1.8842099214375907,1.5627361975504532,0.14600868852829227,1.5047166364850781,-0.14503281113771,50.6
-0.19703049846588175,-0.8297586261324571,0.6026376387416111,-1.8842099214375907,1.5627361975504532,0.14600868852829227,1.5047166364850781,0.8407111127900027,55.83
-0.19703049846588175,-0.8297586261324571,0.6026376387416111,-1.8842099214375907,1.5627361975504532,0.14600868852829227,1.5047166364850781,2.3897372789621225,60.95
-0.2512963863724852,-0.8297586261324571,1.0103974799701312,-2.045708563954336,1.142289190834303,1.4228679849258976,0.33465393200208016,-1.0251613146445964,23.52
-0.2512963863724852,-0.8297586261324571,1.0103974799701312,-2.045708563954336,1.142289190834303,1.4228679849258976,0.33465393200208016,-0.6379047731015663,42.22
-0.2512963863724852,-0.8297586261324571,1.0103974799701312,-2.045708563954336,1.142289190834303,1.4228679849258976,0.33465393200208016,-0.14503281113771,52.5
-0.2512963863724852,-0.8297586261324571,1.0103974799701312,-2.045708563954336,1.142289190834303,1.4228679849258976,0.33465393200208016,0.8407111127900027,60.32
-0.2512963863724852,-0.8297586261324571,1.0103974799701312,-2.045708563954336,1.142289190834303,1.4228679849258976,0.33465393200208016,2.3897372789621225,66.42
0.02792627321967437,-0.8297586261324571,0.9530320270216321,-1.1736158943639123,0.7409534116961595,0.9946687057299324,0.023876777803418184,-1.0251613146445964,23.8
0.02792627321967437,-0.8297586261324571,0.9530320270216321,-1.1736158943639123,0.7409534116961595,0.9946687057299324,0.023876777803418184,-0.6379047731015663,38.77
0.02792627321967437,-0.8297586261324571,0.9530320270216321,-1.1736158943639123,0.7409534116961595,0.9946687057299324,0.023876777803418184,-0.14503281113771,51.33
0.02792627321967437,-0.8297586261324571,0.9530320270216321,-1.1736158943639123,0.7409534116961595,0.9946687057299324,0.023876777803418184,0.8407111127900027,56.85
0.02792627321967437,-0.8297586261324571,0.9530320270216321,-1.1736158943639123,0.7409534116961595,0.9946687057299324,0.023876777803418184,2.3897372789621225,58.61
0.24597647735348052,-0.8297586261324571,0.8925657387786197,-0.3499728175285108,0.6645085013841321,0.5974235912951225,-0.29486902137469695,-1.0251613146445964,21.91
0.24597647735348052,-0.8297586261324571,0.8925657387786197,-0.3499728175285108,0.6645085013841321,0.5974235912951225,-0.29486902137469695,-0.6379047731015663,36.99
0.24597647735348052,-0.8297586261324571,0.8925657387786197,-0.3499728175285108,0.6645085013841321,0.5974235912951225,-0.29486902137469695,-0.14503281113771,47.4
0.24597647735348052,-0.8297586261324571,0.8925657387786197,-0.3499728175285108,0.6645085013841321,0.5974235912951225,-0.29486902137469695,0.8407111127900027,51.96
0.24597647735348052,-0.8297586261324571,0.8925657387786197,-0.3499728175285108,0.6645085013841321,0.5974235912951225,-0.29486902137469695,2.3897372789621225,56.74
-0.5778783663194987,-0.8297586261324571,1.7794046330094688,-1.4266304343068126,0.7982870944301799,0.9933789488648854,0.009267595341087606,-1.0251613146445964,17.57
-0.5778783663194987,-0.8297586261324571,1.7794046330094688,-1.4266304343068126,0.7982870944301799,0.9933789488648854,0.009267595341087606,-0.6379047731015663,33.73
-0.5778783663194987,-0.8297586261324571,1.7794046330094688,-1.4266304343068126,0.7982870944301799,0.9933789488648854,0.009267595341087606,-0.14503281113771,40.15
-0.5778783663194987,-0.8297586261324571,1.7794046330094688,-1.4266304343068126,0.7982870944301799,0.9933789488648854,0.009267595341087606,0.8407111127900027,46.64
-0.5778783663194987,-0.8297586261324571,1.7794046330094688,-1.4266304343068126,0.7982870944301799,0.9933789488648854,0.009267595341087606,2.3897372789621225,50.08
-0.5798516713342842,-0.8297586261324571,1.7716525447731852,-1.4373970104745966,1.0849555081002824,0.9779018664843079,-0.0026853721280914104,-1.0251613146445964,17.37
-0.5798516713342842,-0.8297586261324571,1.7716525447731852,-1.4373970104745966,1.0849555081002824,0.9779018664843079,-0.0026853721280914104,-0.6379047731015663,33.7
-0.5798516713342842,-0.8297586261324571,1.7716525447731852,-1.4373970104745966,1.0849555081002824,0.9779018664843079,-0.0026853721280914104,-0.14503281113771,45.94
-0.5798516713342842,-0.8297586261324571,1.7716525447731852,-1.4373970104745966,1.0849555081002824,0.9779018664843079,-0.0026853721280914104,0.8407111127900027,51.43
-0.5798516713342842,-0.8297586261324571,1.7716525447731852,-1.4373970104745966,1.0849555081002824,0.9779018664843079,-0.0026853721280914104,2.3897372789621225,59.3
0.048645975874922615,0.3061640897404995,-0.5493226731701387,-1.1090164373572147,0.9893993702102482,1.0991390117988291,0.09028215263219218,-1.0251613146445964,30.45
0.048645975874922615,0.3061640897404995,-0.5493226731701387,-1.1090164373572147,0.9893993702102482,1.0991390117988291,0.09028215263219218,-0.6379047731015663,47.71
0.048645975874922615,0.3061640897404995,-0.5493226731701387,-1.1090164373572147,0.9893993702102482,1.0991390117988291,0.09028215263219218,-0.14503281113771,63.14
0.048645975874922615,0.3061640897404995,-0.5493226731701387,-1.1090164373572147,0.9893993702102482,1.0991390117988291,0.09028215263219218,0.8407111127900027,66.82
0.048645975874922615,0.3061640897404995,-0.5493226731701387,-1.1090164373572147,0.9893993702102482,1.0991390117988291,0.09028215263219218,2.3897372789621225,66.95
-0.5334790034868232,-0.19559318352853647,0.9902420505557935,-2.1802907660516238,1.1231779632562962,1.2797049729055612,0.2257491172828917,-1.0251613146445964,27.42
-0.5334790034868232,-0.19559318352853647,0.9902420505557935,-2.1802907660516238,1.1231779632562962,1.2797049729055612,0.2257491172828917,-0.6379047731015663,35.96
-0.5334790034868232,-0.19559318352853647,0.9902420505557935,-2.1802907660516238,1.1231779632562962,1.2797049729055612,0.2257491172828917,-0.14503281113771,55.51
-0.5334790034868232,-0.19559318352853647,0.9902420505557935,-2.1802907660516238,1.1231779632562962,1.2797049729055612,0.2257491172828917,0.8407111127900027,61.99
-0.5334790034868232,-0.19559318352853647,0.9902420505557935,-2.1802907660516238,1.1231779632562962,1.2797049729055612,0.2257491172828917,2.3897372789621225,63.53
-0.566038536230785,-0.20488498488537052,0.9607841152579158,-1.3835641296356813,0.6836197289621389,0.4877942577660351,0.06504811019725835,-1.0251613146445964,18.02
-0.566038536230785,-0.20488498488537052,0.9607841152579158,-1.3835641296356813,0.6836197289621389,0.4877942577660351,0.06504811019725835,-0.6379047731015663,38.6
-0.566038536230785,-0.20488498488537052,0.9607841152579158,-1.3835641296356813,0.6836197289621389,0.4877942577660351,0.06504811019725835,-0.14503281113771,52.2
-0.566038536230785,-0.20488498488537052,0.9607841152579158,-1.3835641296356813,0.6836197289621389,0.4877942577660351,0.06504811019725835,0.8407111127900027,53.96
-0.566038536230785,-0.20488498488537052,0.9607841152579158,-1.3835641296356813,0.6836197289621389,0.4877942577660351,0.06504811019725835,2.3897372789621225,56.63
-0.5265724359350735,-0.8297586261324571,0.9948933034975638,-1.2274487752028274,1.0085105977882554,1.3183976788570038,0.25496748220755133,-1.0251613146445964,15.34
-0.5265724359350735,-0.8297586261324571,0.9948933034975638,-1.2274487752028274,1.0085105977882554,1.3183976788570038,0.25496748220755133,-0.6379047731015663,26.05
-0.5265724359350735,-0.8297586261324571,0.9948933034975638,-1.2274487752028274,1.0085105977882554,1.3183976788570038,0.25496748220755133,-0.14503281113771,30.22
-0.5265724359350735,-0.8297586261324571,0.9948933034975638,-1.2274487752028274,1.0085105977882554,1.3183976788570038,0.25496748220755133,0.8407111127900027,37.27
-0.5265724359350735,-0.8297586261324571,0.9948933034975638,-1.2274487752028274,1.0085105977882554,1.3183976788570038,0.25496748220755133,2.3897372789621225,46.23
1.0234586531789989,-0.8297586261324571,-0.9291749967480374,1.7925758398603087,-1.151058118526517,0.3485005163408424,-0.17666745417947957,-1.0251613146445964,16.28
1.0234586531789989,-0.8297586261324571,-0.9291749967480374,1.7925758398603087,-1.151058118526517,0.3485005163408424,-0.17666745417947957,-0.6379047731015663,25.62
1.0234586531789989,-0.8297586261324571,-0.9291749967480374,1.7925758398603087,-1.151058118526517,0.3485005163408424,-0.17666745417947957,-0.14503281113771,31.97
1.0234586531789989,-0.8297586261324571,-0.9291749967480374,1.7925758398603087,-1.151058118526517,0.3485005163408424,-0.17666745417947957,0.8407111127900027,36.3
1.0234586531789989,-0.8297586261324571,-0.9291749967480374,1.7925758398603087,-1.151058118526517,0.3485005163408424,-0.17666745417947957,2.3897372789621225,43.06
2.2469077623460576,-0.8297586261324571,-0.9291749967480374,-2.2233570707227566,-0.3866090154062437,-0.13515830805218995,1.0265979377179053,-0.14503281113771,67.57
2.0002446354978605,-0.8297586261324571,-0.01442858486656708,-2.115691309044926,-0.7879447945443872,1.5673207538112839,-1.7889899550221118,-0.14503281113771,57.23
2.2962403877156974,-0.8297586261324571,0.0010755916060002139,0.7374513754175733,-1.151058118526517,0.6902860855785852,-1.9350817796454145,-0.14503281113771,64.02
2.404772163528904,-0.8297586261324571,-0.9291749967480374,-1.0390336922666246,0.41606254287004313,-2.263257135381532,0.3492631144644107,-0.14503281113771,41.37
2.444238263824616,-0.8297586261324571,-0.9291749967480374,-0.6083706455553038,-0.15727428447016167,-1.5667884282555655,1.053160087649415,-0.14503281113771,60.28
2.523170464416039,-0.8297586261324571,-0.9291749967480374,0.19912256702842246,0.16761658435595453,-0.7284464659743096,-0.7397850327274826,-0.14503281113771,56.83
2.444238263824616,-0.8297586261324571,-0.9291749967480374,-0.3392062413607284,-0.15727428447016167,-1.3733248984983526,0.3891063393616751,-0.14503281113771,51.02
1.1122573788443497,-0.8297586261324571,1.1793930035211146,-1.2543652156222849,2.6711873970748496,-0.9477051330324843,-0.10229343437125239,-0.14503281113771,55.55
2.2478944148534508,-0.8297586261324571,-0.9291749967480374,1.0066157796121489,-0.5777212911863121,1.9078165661839797,-2.1582038390700946,-0.14503281113771,44.13
1.754568161157056,-0.24902104133033198,-0.9291749967480374,1.0066157796121489,-0.5777212911863121,1.9078165661839797,-2.1582038390700946,-0.14503281113771,39.38
1.2306556797314845,-0.629984896960526,1.5204848859175952,-0.7698692880720491,2.8240772176989046,-0.12226073940170908,-1.89523855474815,-0.14503281113771,55.65
0.5991980750000993,-0.6265004714517133,1.5980057682804316,-0.7698692880720491,2.269851617936706,0.25176875146223593,-1.6428981303988088,-0.14503281113771,47.28
0.6090646000740272,-0.625338996282109,1.5204848859175952,0.4144540903840828,1.7729597009085285,-0.12226073940170908,-1.89523855474815,-0.14503281113771,44.33
1.3095878803229077,-0.8297586261324571,-0.9291749967480374,-0.3392062413607284,-1.151058118526517,1.8510672641218628,-1.0718119068713525,-0.14503281113771,52.3
-0.7130497598323108,1.4931917130760433,-0.9291749967480374,0.4682869712229979,-1.151058118526517,2.1735064803838844,-1.5366495306727705,-0.14503281113771,49.25
2.404772163528904,-0.8297586261324571,-0.9291749967480374,-1.0390336922666246,0.4351737704480503,-2.263257135381532,0.3492631144644107,-0.14503281113771,41.37
-1.255708638898345,0.517552570608473,0.9158220034874706,0.14528968618950738,-0.06171814658012752,-1.8505349385661445,1.3851869617932848,-0.14503281113771,29.16
-1.1077107627894265,0.6569295909609831,0.9623345329051725,0.03762392451167721,0.07206044646592036,-1.9666130564204722,1.3719058868275302,-0.14503281113771,39.4
-0.37758790731876235,0.9821426384501731,-0.9291749967480374,0.4144540903840828,-0.023495691424113816,0.05830522170502299,-0.20854203409729077,-0.14503281113771,39.3
-0.219723506135916,1.2608966791551932,0.5437217681458555,-1.2005323347833698,0.6645085013841321,-1.5023005850031612,0.32270096453290115,-0.14503281113771,67.87
2.0002446354978605,-0.8297586261324571,-0.9291749967480374,-1.0390336922666246,0.6645085013841321,0.8708520466853172,-1.510087380741261,-0.14503281113771,58.52
0.1256048714515603,1.3770441961156181,-0.9291749967480374,-0.9852008114277094,0.3013951774020022,0.703183654229066,-1.2046226565289007,-0.14503281113771,53.58
0.8261281517004408,0.5523968256966005,-0.9291749967480374,-1.1466994539444546,0.568952363494098,1.090110713743492,-1.576492755570035,-0.14503281113771,59.0
0.026939620712281356,1.2608966791551932,0.9313261799600379,-1.0390336922666246,0.8365095495861937,-1.889227644517587,-0.1421366592685168,-0.14503281113771,76.24
2.2469077623460576,-0.8297586261324571,-0.9291749967480374,-1.6311953814946905,0.568952363494098,0.7289787915300278,-1.6030549055015446,-0.14503281113771,69.84
-1.0583781374197871,-0.8297586261324571,1.297224744712626,-0.9421345067565767,-1.151058118526517,0.37558541050685246,1.6627614285775598,-1.0251613146445964,14.4
-1.0583781374197871,0.6627369668090044,1.1189267152781022,-0.3338229532768372,0.39695131529203637,0.37816492423694775,-0.3865084386384047,-1.0251613146445964,19.42
-0.9301133114587244,0.6778361440138597,0.9096203328984436,-0.07542512525004416,-0.46305392571827103,0.39751127721266905,-0.3838522236452547,-1.0251613146445964,20.73
-1.0346984772423602,0.6789976191834639,1.0646620976241166,-0.31228980094127085,0.3396176325580159,0.3846137085621882,-0.3865084386384047,-1.0251613146445964,14.94
-0.9853658518727206,-0.671798003066279,1.7437450271225643,-1.3189646726289823,-0.36749778782823694,0.3846137085621882,1.0717535926014714,-1.0251613146445964,21.29
-0.9745126742914,-0.24785956616072774,1.7607996212423882,-0.8883016259176617,0.09117167404392712,0.3833239516971413,0.23637397725549494,-1.0251613146445964,23.08
-1.0386450872719313,0.0459936517491476,1.6600224741707008,-0.9313679305887943,0.35872886013602284,0.39751127721266905,-0.07440317694316702,-1.0251613146445964,15.52
-0.9715527167692215,0.25505918227791263,1.549942821215473,-0.4845550196257985,0.7027309565401456,0.39622152034762215,-0.3865084386384047,-1.0251613146445964,15.82
-0.8087550530494112,-0.8297586261324571,1.0119478976173877,-0.7914024404076154,0.7409534116961595,1.3222669494521475,0.30809178207057053,-1.0251613146445964,12.55
-0.219723506135916,-0.8297586261324571,0.5545746916766526,0.5651861567330456,-0.1381630568921549,-0.35570673197541297,1.082378452574076,-1.0251613146445964,8.49
-0.5798516713342842,-0.8297586261324571,1.7716525447731852,-1.1897657586155874,1.0849555081002824,0.8656930192251238,-0.050497242004808984,-1.0251613146445964,15.61
-0.7653423427241287,-0.8297586261324571,0.6289947387449756,-0.5976040693875214,0.28228394982399546,0.27756388876319765,1.674714396046739,-1.0251613146445964,12.18
-0.2059103710324169,-0.8297586261324571,0.9049690799566734,0.624402325655852,-0.04260691900212075,0.8656930192251238,-0.28424416140209374,-1.0251613146445964,11.98
-1.0583781374197871,-0.8297586261324571,1.297224744712626,-0.9421345067565767,-1.151058118526517,0.37558541050685246,1.6627614285775598,-0.6379047731015663,16.88
-1.0583781374197871,0.6627369668090044,1.1189267152781022,-0.3338229532768372,0.39695131529203637,0.37816492423694775,-0.3865084386384047,-0.6379047731015663,33.09
-0.9301133114587244,0.6778361440138597,0.9096203328984436,-0.07542512525004416,-0.46305392571827103,0.39751127721266905,-0.3838522236452547,-0.6379047731015663,34.24
-1.0346984772423602,0.6789976191834639,1.0646620976241166,-0.31228980094127085,0.3396176325580159,0.3846137085621882,-0.3865084386384047,-0.6379047731015663,31.81
-0.9853658518727206,-0.671798003066279,1.7437450271225643,-1.3189646726289823,-0.36749778782823694,0.3846137085621882,1.0717535926014714,-0.6379047731015663,29.75
-0.9745126742914,-0.24785956616072774,1.7607996212423882,-0.8883016259176617,0.09117167404392712,0.3833239516971413,0.23637397725549494,-0.6379047731015663,33.01
-1.0386450872719313,0.0459936517491476,1.6600224741707008,-0.9313679305887943,0.35872886013602284,0.39751127721266905,-0.07440317694316702,-0.6379047731015663,32.9
-0.9715527167692215,0.25505918227791263,1.549942821215473,-0.4845550196257985,0.7027309565401456,0.39622152034762215,-0.3865084386384047,-0.6379047731015663,29.55
-0.8087550530494112,-0.8297586261324571,1.0119478976173877,-0.7914024404076154,0.7409534116961595,1.3222669494521475,0.30809178207057053,-0.6379047731015663,19.42
-0.219723506135916,-0.8297586261324571,0.5545746916766526,0.5651861567330456,-0.1381630568921549,-0.35570673197541297,1.082378452574076,-0.6379047731015663,24.66
-0.5798516713342842,-0.8297586261324571,1.7716525447731852,-1.1897657586155874,1.0849555081002824,0.8656930192251238,-0.050497242004808984,-0.6379047731015663,29.59
-0.7653423427241287,-0.8297586261324571,0.6289947387449756,-0.5976040693875214,0.28228394982399546,0.27756388876319765,1.674714396046739,-0.6379047731015663,24.28
-0.2059103710324169,-0.8297586261324571,0.9049690799566734,0.624402325655852,-0.04260691900212075,0.8656930192251238,-0.28424416140209374,-0.6379047731015663,20.73
-1.0583781374197871,-0.8297586261324571,1.297224744712626,-0.9421345067565767,-1.151058118526517,0.37558541050685246,1.6627614285775598,-0.14503281113771,26.2
-1.0583781374197871,0.6627369668090044,1.1189267152781022,-0.3338229532768372,0.39695131529203637,0.37816492423694775,-0.3865084386384047,-0.14503281113771,46.39
-0.9301133114587244,0.6778361440138597,0.9096203328984436,-0.07542512525004416,-0.46305392571827103,0.39751127721266905,-0.3838522236452547,-0.14503281113771,39.16
-1.0346984772423602,0.6789976191834639,1.0646620976241166,-0.31228980094127085,0.3396176325580159,0.3846137085621882,-0.3865084386384047,-0.14503281113771,41.2
-0.9853658518727206,-0.671798003066279,1.7437450271225643,-1.3189646726289823,-0.36749778782823694,0.3846137085621882,1.0717535926014714,-0.14503281113771,33.69
-0.9745126742914,-0.24785956616072774,1.7607996212423882,-0.8883016259176617,0.09117167404392712,0.3833239516971413,0.23637397725549494,-0.14503281113771,38.2
-1.0386450872719313,0.0459936517491476,1.6600224741707008,-0.9313679305887943,0.35872886013602284,0.39751127721266905,-0.07440317694316702,-0.14503281113771,41.41
-0.9715527167692215,0.25505918227791263,1.549942821215473,-0.4845550196257985,0.7027309565401456,0.39622152034762215,-0.3865084386384047,-0.14503281113771,37.81
-0.8087550530494112,-0.8297586261324571,1.0119478976173877,-0.7914024404076154,0.7409534116961595,1.3222669494521475,0.30809178207057053,-0.14503281113771,24.85
-0.219723506135916,-0.8297586261324571,0.5545746916766526,0.5651861567330456,-0.1381630568921549,-0.35570673197541297,1.082378452574076,-0.14503281113771,27.22
-0.5798516713342842,-0.8297586261324571,1.7716525447731852,-1.1897657586155874,1.0849555081002824,0.8656930192251238,-0.050497242004808984,-0.14503281113771,44.64
-0.7653423427241287,-0.8297586261324571,0.6289947387449756,-0.5976040693875214,0.28228394982399546,0.27756388876319765,1.674714396046739,-0.14503281113771,37.27
-0.2059103710324169,-0.8297586261324571,0.9049690799566734,0.624402325655852,-0.04260691900212075,0.8656930192251238,-0.28424416140209374,-0.14503281113771,33.27
-1.0583781374197871,-0.8297586261324571,1.297224744712626,-0.9421345067565767,-1.151058118526517,0.37558541050685246,1.6627614285775598,0.8407111127900027,36.56
-1.0583781374197871,0.6627369668090044,1.1189267152781022,-0.3338229532768372,0.39695131529203637,0.37816492423694775,-0.3865084386384047,0.8407111127900027,53.72
-0.9301133114587244,0.6778361440138597,0.9096203328984436,-0.07542512525004416,-0.46305392571827103,0.39751127721266905,-0.3838522236452547,0.8407111127900027,48.59
-1.0346984772423602,0.6789976191834639,1.0646620976241166,-0.31228980094127085,0.3396176325580159,0.3846137085621882,-0.3865084386384047,0.8407111127900027,51.72
-0.9853658518727206,-0.671798003066279,1.7437450271225643,-1.3189646726289823,-0.36749778782823694,0.3846137085621882,1.0717535926014714,0.8407111127900027,35.85
-0.9745126742914,-0.24785956616072774,1.7607996212423882,-0.8883016259176617,0.09117167404392712,0.3833239516971413,0.23637397725549494,0.8407111127900027,53.77
-1.0386450872719313,0.0459936517491476,1.6600224741707008,-0.9313679305887943,0.35872886013602284,0.39751127721266905,-0.07440317694316702,0.8407111127900027,53.46
-0.9715527167692215,0.25505918227791263,1.549942821215473,-0.4845550196257985,0.7027309565401456,0.39622152034762215,-0.3865084386384047,0.8407111127900027,48.99
-0.8087550530494112,-0.8297586261324571,1.0119478976173877,-0.7914024404076154,0.7409534116961595,1.3222669494521475,0.30809178207057053,0.8407111127900027,31.72
-0.219723506135916,-0.8297586261324571,0.5545746916766526,0.5651861567330456,-0.1381630568921549,-0.35570673197541297,1.082378452574076,0.8407111127900027,39.64
-0.5798516713342842,-0.8297586261324571,1.7716525447731852,-1.1897657586155874,1.0849555081002824,0.8656930192251238,-0.050497242004808984,0.8407111127900027,51.26
-0.7653423427241287,-0.8297586261324571,0.6289947387449756,-0.5976040693875214,0.28228394982399546,0.27756388876319765,1.674714396046739,0.8407111127900027,43.39
-0.2059103710324169,-0.8297586261324571,0.9049690799566734,0.624402325655852,-0.04260691900212075,0.8656930192251238,-0.28424416140209374,0.8407111127900027,39.27
-1.0583781374197871,-0.8297586261324571,1.297224744712626,-0.9421345067565767,-1.151058118526517,0.37558541050685246,1.6627614285775598,2.3897372789621225,37.96
-1.0583781374197871,0.6627369668090044,1.1189267152781022,-0.3338229532768372,0.39695131529203637,0.37816492423694775,-0.3865084386384047,2.3897372789621225,55.02
-0.9301133114587244,0.6778361440138597,0.9096203328984436,-0.07542512525004416,-0.46305392571827103,0.39751127721266905,-0.3838522236452547,2.3897372789621225,49.99
-1.0346984772423602,0.6789976191834639,1.0646620976241166,-0.31228980094127085,0.3396176325580159,0.3846137085621882,-0.3865084386384047,2.3897372789621225,53.66
-0.9853658518727206,-0.671798003066279,1.7437450271225643,-1.3189646726289823,-0.36749778782823694,0.3846137085621882,1.0717535926014714,2.3897372789621225,37.68
-0.9745126742914,-0.24785956616072774,1.7607996212423882,-0.8883016259176617,0.09117167404392712,0.3833239516971413,0.23637397725549494,2.3897372789621225,56.06
-1.0386450872719313,0.0459936517491476,1.6600224741707008,-0.9313679305887943,0.35872886013602284,0.39751127721266905,-0.07440317694316702,2.3897372789621225,56.81
-0.9715527167692215,0.25505918227791263,1.549942821215473,-0.4845550196257985,0.7027309565401456,0.39622152034762215,-0.3865084386384047,2.3897372789621225,50.94
-0.8087550530494112,-0.8297586261324571,1.0119478976173877,-0.7914024404076154,0.7409534116961595,1.3222669494521475,0.30809178207057053,2.3897372789621225,33.56
-0.219723506135916,-0.8297586261324571,0.5545746916766526,0.5651861567330456,-0.1381630568921549,-0.35570673197541297,1.082378452574076,2.3897372789621225,41.16
-0.5798516713342842,-0.8297586261324571,1.7716525447731852,-1.1897657586155874,1.0849555081002824,0.8656930192251238,-0.050497242004808984,2.3897372789621225,52.96
-0.7653423427241287,-0.8297586261324571,0.6289947387449756,-0.5976040693875214,0.28228394982399546,0.27756388876319765,1.674714396046739,2.3897372789621225,44.28
-0.2059103710324169,-0.8297586261324571,0.9049690799566734,0.624402325655852,-0.04260691900212075,0.8656930192251238,-0.28424416140209374,2.3897372789621225,40.15
1.7141154083539514,-0.551004585427437,0.2956549445847788,-1.0390336922666246,1.0658442805222756,-0.12226073940170908,-0.846033632453521,-0.14503281113771,57.03
1.7141154083539514,-0.551004585427437,0.2956549445847788,-1.0390336922666246,1.0658442805222756,-0.12226073940170908,-0.846033632453521,-0.14503281113771,44.42
1.7141154083539514,-0.551004585427437,0.2956549445847788,-1.0390336922666246,1.0658442805222756,-0.12226073940170908,-0.846033632453521,-0.14503281113771,51.02
1.7141154083539514,-0.551004585427437,0.2956549445847788,-1.0390336922666246,0.817398322008187,-0.12226073940170908,-0.846033632453521,-0.14503281113771,53.39
1.7141154083539514,-0.551004585427437,0.2956549445847788,-1.0390336922666246,1.0658442805222756,-0.12226073940170908,-0.846033632453521,-1.0251613146445964,35.36
1.7141154083539514,-0.551004585427437,0.2956549445847788,-1.0390336922666246,1.0658442805222756,-0.12226073940170908,-0.846033632453521,-1.0251613146445964,25.02
1.7141154083539514,-0.551004585427437,0.2956549445847788,-1.0390336922666246,1.0658442805222756,-0.12226073940170908,-0.846033632453521,-1.0251613146445964,23.35
1.7141154083539514,-0.551004585427437,0.2956549445847788,-1.0390336922666246,1.0658442805222756,-0.12226073940170908,-0.846033632453521,-0.8843407540834946,52.01
1.7141154083539514,-0.551004585427437,0.2956549445847788,-1.0390336922666246,1.0658442805222756,-0.12226073940170908,-0.846033632453521,-0.8843407540834946,38.02
1.7141154083539514,-0.551004585427437,0.2956549445847788,-1.0390336922666246,1.0658442805222756,-0.12226073940170908,-0.846033632453521,-0.8843407540834946,39.3
1.7141154083539514,-0.551004585427437,0.2956549445847788,-1.0390336922666246,1.0658442805222756,-0.12226073940170908,-0.846033632453521,0.8407111127900027,61.07
1.7141154083539514,-0.551004585427437,0.2956549445847788,-1.0390336922666246,1.0658442805222756,-0.12226073940170908,-0.846033632453521,0.8407111127900027,56.14
1.7141154083539514,-0.551004585427437,0.2956549445847788,-1.0390336922666246,1.0658442805222756,-0.12226073940170908,-0.846033632453521,0.8407111127900027,55.25
1.7141154083539514,-0.551004585427437,0.2956549445847788,-1.0390336922666246,0.817398322008187,-0.12226073940170908,-0.846033632453521,0.8407111127900027,54.77
1.1319904289922056,-0.597463592211607,0.5282175916732882,-1.3081980964611999,1.5818474251284602,-0.49629023026565405,0.920349337991867,-0.14503281113771,50.24
1.1319904289922056,-0.597463592211607,0.5282175916732882,-1.3081980964611999,1.505402514816433,-0.49629023026565405,0.920349337991867,-0.14503281113771,46.68
1.1319904289922056,-0.597463592211607,0.5282175916732882,-1.3081980964611999,1.0658442805222756,-0.49629023026565405,0.920349337991867,-0.14503281113771,46.68
1.1319904289922056,-0.597463592211607,0.5282175916732882,-1.3081980964611999,1.5818474251284602,-0.49629023026565405,0.920349337991867,-1.0251613146445964,22.75
1.1319904289922056,-0.597463592211607,0.5282175916732882,-1.3081980964611999,1.505402514816433,-0.49629023026565405,0.920349337991867,-1.0251613146445964,25.51
1.1319904289922056,-0.597463592211607,0.5282175916732882,-1.3081980964611999,1.0658442805222756,-0.49629023026565405,0.920349337991867,-1.0251613146445964,34.77
1.1319904289922056,-0.597463592211607,0.5282175916732882,-1.3081980964611999,1.5818474251284602,-0.49629023026565405,0.920349337991867,-0.8843407540834946,36.84
1.1319904289922056,-0.597463592211607,0.5282175916732882,-1.3081980964611999,1.505402514816433,-0.49629023026565405,0.920349337991867,-0.8843407540834946,45.9
1.1319904289922056,-0.597463592211607,0.5282175916732882,-1.3081980964611999,1.0658442805222756,-0.49629023026565405,0.920349337991867,-0.8843407540834946,41.67
1.1319904289922056,-0.597463592211607,0.5282175916732882,-1.3081980964611999,1.5818474251284602,-0.49629023026565405,0.920349337991867,0.8407111127900027,56.34
1.1319904289922056,-0.597463592211607,0.5282175916732882,-1.3081980964611999,1.505402514816433,-0.49629023026565405,0.920349337991867,0.8407111127900027,47.97
1.1319904289922056,-0.597463592211607,0.5282175916732882,-1.3081980964611999,1.0658442805222756,-0.49629023026565405,0.920349337991867,0.8407111127900027,61.46
0.8162616266265129,-0.6090783439076496,0.5747301210909901,-1.954192666528181,1.352512694192378,-0.12226073940170908,1.2656572871014917,-0.14503281113771,44.03
0.8162616266265129,-0.6090783439076496,0.5747301210909901,-1.954192666528181,1.1996228735683236,-0.12226073940170908,1.2656572871014917,-0.14503281113771,55.45
2.1581090366807065,-0.5277750820353521,0.9778387093777398,1.5449445880012995,-0.4057202429842506,-1.2185540746925823,-1.0186876070083335,-0.14503281113771,55.55
2.1581090366807065,-0.5277750820353521,0.9778387093777398,1.060448660451064,-0.4057202429842506,-1.992408193721434,-1.0186876070083335,-0.14503281113771,57.92
2.1581090366807065,-0.5277750820353521,0.9778387093777398,1.5449445880012995,-0.4057202429842506,-1.2185540746925823,-1.0186876070083335,-1.0251613146445964,25.61
2.1581090366807065,-0.5277750820353521,0.9778387093777398,1.5449445880012995,-0.4057202429842506,-1.2185540746925823,-1.0186876070083335,-0.8843407540834946,33.49
2.1581090366807065,-0.5277750820353521,0.9778387093777398,1.5449445880012995,-0.4057202429842506,-1.2185540746925823,-1.0186876070083335,0.8407111127900027,59.59
2.1581090366807065,-0.5277750820353521,0.9778387093777398,1.060448660451064,-0.4057202429842506,-1.992408193721434,-1.0186876070083335,-1.0251613146445964,29.55
2.1581090366807065,-0.5277750820353521,0.9778387093777398,1.060448660451064,-0.4057202429842506,-1.992408193721434,-1.0186876070083335,-0.8843407540834946,37.92
2.1581090366807065,-0.5277750820353521,0.9778387093777398,1.060448660451064,-0.4057202429842506,-1.992408193721434,-1.0186876070083335,0.8407111127900027,61.86
1.4970518567275377,-0.574234088819522,1.1173762976308454,-0.17770759884398313,0.4733962256040638,-1.992408193721434,-0.34135278375483874,-0.14503281113771,62.05
1.4970518567275377,-0.574234088819522,1.1173762976308454,-0.17770759884398313,0.4733962256040638,-1.2185540746925823,-0.34135278375483874,-1.0251613146445964,32.01
1.4970518567275377,-0.574234088819522,1.1173762976308454,-0.716036407233134,0.5498411359160912,-1.992408193721434,-0.34135278375483874,-0.14503281113771,72.1
1.4970518567275377,-0.574234088819522,1.1173762976308454,-0.17770759884398313,0.4733962256040638,-1.992408193721434,-0.34135278375483874,-0.8843407540834946,39.0
1.4970518567275377,-0.574234088819522,1.1173762976308454,-0.17770759884398313,0.4733962256040638,-1.992408193721434,-0.34135278375483874,0.8407111127900027,65.7
1.4970518567275377,-0.574234088819522,1.1173762976308454,-0.716036407233134,0.5498411359160912,-1.992408193721434,-0.34135278375483874,-1.0251613146445964,32.11
1.4970518567275377,-0.574234088819522,1.1173762976308454,-0.716036407233134,0.5498411359160912,-1.992408193721434,-0.34135278375483874,-0.8843407540834946,40.29
1.4970518567275377,-0.574234088819522,1.1173762976308454,-0.716036407233134,0.5498411359160912,-1.992408193721434,-0.34135278375483874,0.8407111127900027,74.36
-0.693316709684455,-0.7019963574759895,1.256913885883951,1.3296130646456392,-0.8261672497004009,-0.4446999556637306,0.3359820394986559,-0.14503281113771,21.97
-0.693316709684455,-0.7019963574759895,1.256913885883951,1.3296130646456392,-0.8261672497004009,-0.4446999556637306,0.3359820394986559,-1.0251613146445964,9.85
-0.693316709684455,-0.7019963574759895,1.256913885883951,1.3296130646456392,-0.8261672497004009,-0.4446999556637306,0.3359820394986559,-0.8843407540834946,15.07
-0.693316709684455,-0.7019963574759895,1.256913885883951,1.3296130646456392,-0.8261672497004009,-0.4446999556637306,0.3359820394986559,0.8407111127900027,23.25
0.11573834637763242,-0.6555373506918195,1.256913885883951,-0.12387471800506805,-0.09994060173614122,-1.7344568207118167,0.3359820394986559,-0.14503281113771,43.73
0.11573834637763242,-0.6555373506918195,1.256913885883951,-0.12387471800506805,-0.09994060173614122,-1.7344568207118167,0.3359820394986559,-1.0251613146445964,13.4
0.11573834637763242,-0.6555373506918195,1.256913885883951,-0.12387471800506805,-0.09994060173614122,-1.7344568207118167,0.3359820394986559,-0.8843407540834946,24.13
0.11573834637763242,-0.6555373506918195,1.256913885883951,-0.12387471800506805,-0.09994060173614122,-1.7344568207118167,0.3359820394986559,0.8407111127900027,44.52
0.8557277269222245,-0.6090783439076496,1.256913885883951,-1.4696967389779452,0.9320656874762279,-0.4446999556637306,0.3359820394986559,-0.14503281113771,62.94
0.8557277269222245,-0.6090783439076496,1.256913885883951,-1.4696967389779452,0.9320656874762279,-0.4446999556637306,0.3359820394986559,-0.14503281113771,59.49
0.8557277269222245,-0.6090783439076496,1.256913885883951,-1.4696967389779452,0.9320656874762279,-0.4446999556637306,0.3359820394986559,-1.0251613146445964,25.12
0.8557277269222245,-0.6090783439076496,1.256913885883951,-1.4696967389779452,0.9320656874762279,-0.4446999556637306,0.3359820394986559,-1.0251613146445964,23.64
0.8557277269222245,-0.6090783439076496,1.256913885883951,-1.4696967389779452,0.9320656874762279,-0.4446999556637306,0.3359820394986559,-0.8843407540834946,35.75
0.8557277269222245,-0.6090783439076496,1.256913885883951,-1.4696967389779452,0.9320656874762279,-0.4446999556637306,0.3359820394986559,-0.8843407540834946,38.61
0.8557277269222245,-0.6090783439076496,1.256913885883951,-1.4696967389779452,0.9320656874762279,-0.4446999556637306,0.3359820394986559,0.8407111127900027,68.75
0.8557277269222245,-0.6090783439076496,1.256913885883951,-1.4696967389779452,0.9320656874762279,-0.4446999556637306,0.3359820394986559,0.8407111127900027,66.78
1.6154501576146725,-0.8297586261324571,-0.9291749967480374,1.9756076347126204,-1.151058118526517,-1.7808880678535481,-0.7437693552172085,-0.14503281113771,23.85
0.1650709717472719,-0.8297586261324571,-0.9291749967480374,0.575952732900828,-1.151058118526517,-0.8161499327975789,1.5883874087693328,2.037685877559368,32.07
0.1650709717472719,-0.8297586261324571,-0.9291749967480374,0.575952732900828,-1.151058118526517,-0.8161499327975789,1.5883874087693328,-1.0251613146445964,11.65
1.191189579435773,-0.8297586261324571,-0.9291749967480374,0.575952732900828,-1.151058118526517,-0.46275655177440356,0.13145348502603235,-1.0251613146445964,19.2
1.191189579435773,-0.8297586261324571,-0.9291749967480374,0.575952732900828,-1.151058118526517,-0.46275655177440356,0.13145348502603235,2.037685877559368,48.85
1.191189579435773,-0.8297586261324571,-0.9291749967480374,0.575952732900828,-1.151058118526517,-0.46275655177440356,0.13145348502603235,-0.14503281113771,39.6
2.0495772608675,-0.8297586261324571,-0.9291749967480374,0.575952732900828,-1.151058118526517,-0.519505853836519,-0.8433774174603695,-0.14503281113771,43.94
2.0495772608675,-0.8297586261324571,-0.9291749967480374,0.575952732900828,-1.151058118526517,-0.519505853836519,-0.8433774174603695,-0.8843407540834946,34.57
2.0495772608675,-0.8297586261324571,-0.9291749967480374,0.575952732900828,-1.151058118526517,-0.519505853836519,-0.8433774174603695,2.037685877559368,54.32
2.0495772608675,-0.8297586261324571,-0.9291749967480374,0.575952732900828,-1.151058118526517,-0.519505853836519,-0.8433774174603695,-1.0251613146445964,24.4
0.5991980750000993,-0.8297586261324571,-0.9291749967480374,0.575952732900828,-1.151058118526517,-0.5839936970889233,0.8884747580740558,-1.0251613146445964,15.62
-0.17039088076627654,-0.8297586261324571,-0.9291749967480374,0.575952732900828,-1.151058118526517,-1.1179530392188322,2.248456834567347,2.037685877559368,21.86
-0.17039088076627654,-0.8297586261324571,-0.9291749967480374,0.575952732900828,-1.151058118526517,-1.1179530392188322,2.248456834567347,-0.8843407540834946,10.22
0.1650709717472719,-0.8297586261324571,-0.9291749967480374,0.575952732900828,-1.151058118526517,-0.8161499327975789,1.5883874087693328,-0.8843407540834946,14.6
-0.17039088076627654,-0.8297586261324571,-0.9291749967480374,0.575952732900828,-1.151058118526517,-1.1179530392188322,2.248456834567347,-0.14503281113771,18.75
0.5991980750000993,-0.8297586261324571,-0.9291749967480374,0.575952732900828,-1.151058118526517,-0.5839936970889233,0.8884747580740558,-0.14503281113771,31.97
0.5991980750000993,-0.8297586261324571,-0.9291749967480374,0.575952732900828,-1.151058118526517,-0.5839936970889233,0.8884747580740558,-0.8843407540834946,23.4
0.1650709717472719,-0.8297586261324571,-0.9291749967480374,0.575952732900828,-1.151058118526517,-0.8161499327975789,1.5883874087693328,-0.14503281113771,25.57
0.5991980750000993,-0.8297586261324571,-0.9291749967480374,0.575952732900828,-1.151058118526517,-0.5839936970889233,0.8884747580740558,2.037685877559368,41.68
1.191189579435773,-0.8297586261324571,-0.9291749967480374,0.575952732900828,-1.151058118526517,-0.46275655177440356,0.13145348502603235,-0.8843407540834946,27.74
-0.17039088076627654,-0.8297586261324571,-0.9291749967480374,0.575952732900828,-1.151058118526517,-1.1179530392188322,2.248456834567347,-1.0251613146445964,8.2
-1.11955059287814,1.9368752278648667,-0.9291749967480374,0.23680558361566242,-1.151058118526517,0.8270003132736812,-0.5498656607171897,-0.8843407540834946,9.62
-0.3361485020082653,1.0146639431990923,-0.9291749967480374,0.23680558361566242,-1.151058118526517,0.8270003132736812,-0.5498656607171897,-0.8843407540834946,15.69
-0.8916338636704056,2.3387456365479373,-0.9291749967480374,0.23680558361566242,-1.151058118526517,0.46328887733012175,-0.8154871600322856,-0.14503281113771,27.94
-0.7771821728128421,2.5408423160590767,-0.9291749967480374,0.23680558361566242,-1.151058118526517,0.2801434024932944,-0.9482979096898336,-0.14503281113771,32.63
-0.1654576182293126,1.148233587703581,-0.9291749967480374,0.23680558361566242,-1.151058118526517,0.6464343521669491,-0.6826764103747377,-0.8843407540834946,17.24
0.005233265549640101,1.282964707377674,-0.9291749967480374,0.23680558361566242,-1.151058118526517,0.46328887733012175,-0.8154871600322856,-0.8843407540834946,19.77
-0.5078260382946105,0.879932823524999,-0.9291749967480374,0.23680558361566242,-1.151058118526517,1.0127253018406068,-0.4170549110596417,-0.14503281113771,25.75
1.2306556797314845,-0.8297586261324571,-0.9291749967480374,0.23680558361566242,-1.151058118526517,0.8270003132736812,-0.5498656607171897,-0.14503281113771,33.08
1.08759106615953,-0.8297586261324571,-0.9291749967480374,0.23680558361566242,-1.151058118526517,0.919862807557144,-0.48346028588841566,-0.8843407540834946,24.07
-0.6074779415412824,2.841664384986578,-0.9291749967480374,0.23680558361566242,-1.151058118526517,0.006714947103099538,-1.1475140341761556,-0.8843407540834946,21.82
-1.11955059287814,1.9368752278648667,-0.9291749967480374,0.23680558361566242,-1.151058118526517,0.8270003132736812,-0.5498656607171897,-0.14503281113771,21.07
0.2321633422499817,-0.8297586261324571,-0.9291749967480374,0.23680558361566242,-1.151058118526517,1.4821968007181112,-0.08502803691577177,-0.8843407540834946,14.84
-0.1654576182293126,1.148233587703581,-0.9291749967480374,0.23680558361566242,-1.151058118526517,0.6464343521669491,-0.6826764103747377,-0.14503281113771,32.05
-0.6785169220735632,0.7463631790205102,-0.9291749967480374,0.23680558361566242,-1.151058118526517,1.2861537572308017,-0.21783878657331973,-0.8843407540834946,11.96
1.2306556797314845,-0.8297586261324571,-0.9291749967480374,0.23680558361566242,-1.151058118526517,0.8270003132736812,-0.5498656607171897,-0.8843407540834946,25.45
1.076737888578209,-0.8297586261324571,-0.9291749967480374,0.23680558361566242,-1.151058118526517,1.6524447069044563,0.1141880875705502,-0.14503281113771,22.49
0.2321633422499817,-0.8297586261324571,-0.9291749967480374,0.23680558361566242,-1.151058118526517,1.4821968007181112,-0.08502803691577177,-0.14503281113771,25.22
-0.43678705776232973,3.1436479290836834,-0.9291749967480374,0.23680558361566242,-1.151058118526517,-0.26671350828709534,-1.3467301586624776,-0.14503281113771,39.7
-0.5078260382946105,0.879932823524999,-0.9291749967480374,0.23680558361566242,-1.151058118526517,1.0127253018406068,-0.4170549110596417,-0.8843407540834946,13.09
0.4324538012507181,1.6174695562236978,-0.9291749967480374,0.23680558361566242,-1.151058118526517,0.006714947103099538,-1.1475140341761556,-0.14503281113771,38.7
-1.3474673220858746,1.533843344012192,-0.9291749967480374,0.23680558361566242,-1.151058118526517,1.2861537572308017,-0.21783878657331973,-0.8843407540834946,7.51
-0.337135154515658,-0.8297586261324571,-0.9291749967480374,0.23680558361566242,-1.151058118526517,1.8355901817412852,0.1805934623993242,-0.14503281113771,17.58
0.6603705304584521,-0.8297586261324571,-0.9291749967480374,0.23680558361566242,-1.151058118526517,1.1958707766774357,-0.28424416140209374,-0.8843407540834946,21.18
-1.3474673220858746,1.533843344012192,-0.9291749967480374,0.23680558361566242,-1.151058118526517,1.2861537572308017,-0.21783878657331973,-0.14503281113771,18.2
-0.7771821728128421,2.5408423160590767,-0.9291749967480374,0.23680558361566242,-1.151058118526517,0.2801434024932944,-0.9482979096898336,-0.8843407540834946,17.2
-0.6785169220735632,0.7463631790205102,-0.9291749967480374,0.23680558361566242,-1.151058118526517,1.2861537572308017,-0.21783878657331973,-0.14503281113771,22.63
0.17691080183598526,1.417695827051767,-0.9291749967480374,0.23680558361566242,-1.151058118526517,0.2801434024932944,-0.9482979096898336,-0.8843407540834946,21.86
-0.8916338636704056,2.3387456365479373,-0.9291749967480374,0.23680558361566242,-1.151058118526517,0.46328887733012175,-0.8154871600322856,-0.8843407540834946,12.37
-1.0060855545279692,0.9763352626021519,-0.9291749967480374,0.23680558361566242,-1.151058118526517,0.6464343521669491,-0.6826764103747377,-0.14503281113771,25.73
-0.6074779415412824,2.841664384986578,-0.9291749967480374,0.23680558361566242,-1.151058118526517,0.006714947103099538,-1.1475140341761556,-0.14503281113771,37.81
-0.43678705776232973,3.1436479290836834,-0.9291749967480374,0.23680558361566242,-1.151058118526517,-0.26671350828709534,-1.3467301586624776,-0.8843407540834946,21.92
0.17691080183598526,1.417695827051767,-0.9291749967480374,0.23680558361566242,-1.151058118526517,0.2801434024932944,-0.9482979096898336,-0.14503281113771,33.04
1.076737888578209,-0.8297586261324571,-0.9291749967480374,0.23680558361566242,-1.151058118526517,1.6524447069044563,0.1141880875705502,-0.8843407540834946,14.54
-0.3361485020082653,1.0146639431990923,-0.9291749967480374,0.23680558361566242,-1.151058118526517,0.8270003132736812,-0.5498656607171897,-0.14503281113771,26.91
-0.8492078058525159,0.6116320593464173,-0.9291749967480374,0.23680558361566242,-1.151058118526517,1.3790162515142643,-0.15143341174454575,-0.8843407540834946,8.0
0.6603705304584521,-0.8297586261324571,-0.9291749967480374,0.23680558361566242,-1.151058118526517,1.1958707766774357,-0.28424416140209374,-0.14503281113771,31.9
-0.337135154515658,-0.8297586261324571,-0.9291749967480374,0.23680558361566242,-1.151058118526517,1.8355901817412852,0.1805934623993242,-0.8843407540834946,10.34
-0.1950571934510963,-0.8297586261324571,-0.9291749967480374,0.23680558361566242,-1.151058118526517,1.7427276874578224,0.1141880875705502,-0.14503281113771,19.77
1.08759106615953,-0.8297586261324571,-0.9291749967480374,0.23680558361566242,-1.151058118526517,0.919862807557144,-0.48346028588841566,-0.14503281113771,37.44
-0.1950571934510963,-0.8297586261324571,-0.9291749967480374,0.23680558361566242,-1.151058118526517,1.7427276874578224,0.1141880875705502,-0.8843407540834946,11.48
0.4324538012507181,1.6174695562236978,-0.9291749967480374,0.23680558361566242,-1.151058118526517,0.006714947103099538,-1.1475140341761556,-0.8843407540834946,24.44
-0.8492078058525159,0.6116320593464173,-0.9291749967480374,0.23680558361566242,-1.151058118526517,1.3790162515142643,-0.15143341174454575,-0.14503281113771,17.6
-1.0060855545279692,0.9763352626021519,-0.9291749967480374,0.23680558361566242,-1.151058118526517,0.6464343521669491,-0.6826764103747377,-0.8843407540834946,10.73
0.005233265549640101,1.282964707377674,-0.9291749967480374,0.23680558361566242,-1.151058118526517,0.46328887733012175,-0.8154871600322856,-0.14503281113771,31.38
0.6583972254436666,-0.8297586261324571,-0.9291749967480374,0.8451171370954035,-1.151058118526517,-0.10936317075122821,0.07036054018355997,-1.0251613146445964,13.22
0.6583972254436666,-0.8297586261324571,-0.9291749967480374,0.8451171370954035,-1.151058118526517,-0.10936317075122821,0.07036054018355997,-0.8843407540834946,20.97
0.6583972254436666,-0.8297586261324571,-0.9291749967480374,0.8451171370954035,-1.151058118526517,-0.10936317075122821,0.07036054018355997,-0.6379047731015663,27.04
0.6583972254436666,-0.8297586261324571,-0.9291749967480374,0.8451171370954035,-1.151058118526517,-0.10936317075122821,0.07036054018355997,-0.14503281113771,32.04
0.6583972254436666,-0.8297586261324571,-0.9291749967480374,0.8451171370954035,-1.151058118526517,-0.10936317075122821,0.07036054018355997,2.037685877559368,35.17
-0.35785485717090654,-0.8297586261324571,-0.9291749967480374,0.6836184945786582,-1.151058118526517,-0.10936317075122821,1.4515923366220589,-1.0251613146445964,6.47
-0.35785485717090654,-0.8297586261324571,-0.9291749967480374,0.6836184945786582,-1.151058118526517,-0.10936317075122821,1.4515923366220589,-0.6379047731015663,12.84
-0.35785485717090654,-0.8297586261324571,-0.9291749967480374,0.6836184945786582,-1.151058118526517,-0.10936317075122821,1.4515923366220589,-0.14503281113771,18.42
-0.35785485717090654,-0.8297586261324571,-0.9291749967480374,0.6836184945786582,-1.151058118526517,-0.10936317075122821,1.4515923366220589,2.037685877559368,21.95
0.04667267086013715,-0.8297586261324571,-0.9291749967480374,0.522119852061913,-1.151058118526517,-0.10936317075122821,1.0664411626151697,-0.6379047731015663,21.26
0.04667267086013715,-0.8297586261324571,-0.9291749967480374,0.522119852061913,-1.151058118526517,-0.10936317075122821,1.0664411626151697,-0.14503281113771,25.97
0.04667267086013715,-0.8297586261324571,-0.9291749967480374,0.522119852061913,-1.151058118526517,-0.10936317075122821,1.0664411626151697,-1.0251613146445964,11.36
0.04667267086013715,-0.8297586261324571,-0.9291749967480374,0.522119852061913,-1.151058118526517,-0.10936317075122821,1.0664411626151697,2.037685877559368,31.25
-0.18025740584020444,-0.8297586261324571,-0.9291749967480374,0.8989500179343186,-1.151058118526517,-0.10936317075122821,1.1594086873754534,-1.0251613146445964,9.31
-0.18025740584020444,-0.8297586261324571,-0.9291749967480374,0.8989500179343186,-1.151058118526517,-0.10936317075122821,1.1594086873754534,2.037685877559368,26.94
0.342668423077974,-0.8297586261324571,-0.9291749967480374,0.6297856137397432,-1.151058118526517,-0.10936317075122821,0.4820738641219587,-1.0251613146445964,12.54
0.342668423077974,-0.8297586261324571,-0.9291749967480374,0.6297856137397432,-1.151058118526517,-0.10936317075122821,0.4820738641219587,-0.14503281113771,27.53
0.342668423077974,-0.8297586261324571,-0.9291749967480374,0.6297856137397432,-1.151058118526517,-0.10936317075122821,0.4820738641219587,2.037685877559368,32.92
-0.35785485717090654,-0.8297586261324571,-0.9291749967480374,0.6297856137397432,-1.151058118526517,-0.10936317075122821,1.4515923366220589,-0.8843407540834946,9.99
-0.7130497598323108,-0.8297586261324571,-0.9291749967480374,-0.07004183716615296,-1.151058118526517,1.9155551073742672,0.920349337991867,-0.8843407540834946,7.84
-0.7130497598323108,-0.8297586261324571,-0.9291749967480374,-0.07004183716615296,-1.151058118526517,1.9155551073742672,0.920349337991867,-0.14503281113771,12.25
-0.4663866329841134,-0.8297586261324571,-0.9291749967480374,-0.01620895632723788,-1.151058118526517,1.7607842835684968,0.7609764384028095,-0.8843407540834946,11.17
-0.4663866329841134,-0.8297586261324571,-0.9291749967480374,-0.01620895632723788,-1.151058118526517,1.7607842835684968,0.7609764384028095,-0.14503281113771,17.34
0.5202658744086761,-0.8297586261324571,-0.9291749967480374,0.14528968618950738,-1.151058118526517,1.1159058510444537,0.09692269011506957,-0.8843407540834946,17.54
0.5202658744086761,-0.8297586261324571,-0.9291749967480374,0.14528968618950738,-1.151058118526517,1.1159058510444537,0.09692269011506957,-0.14503281113771,30.57
0.026939620712281356,-0.8297586261324571,-0.9291749967480374,0.0914568053505923,-1.151058118526517,1.4383450673064753,0.4289495642589395,-0.8843407540834946,14.2
0.026939620712281356,-0.8297586261324571,-0.9291749967480374,0.0914568053505923,-1.151058118526517,1.4383450673064753,0.4289495642589395,-0.14503281113771,24.5
0.27360274756047875,-0.8297586261324571,-0.9291749967480374,0.14528968618950738,-1.151058118526517,1.270676674850224,0.25629558970412714,-0.8843407540834946,15.58
0.27360274756047875,-0.8297586261324571,-0.9291749967480374,0.14528968618950738,-1.151058118526517,1.270676674850224,0.25629558970412714,-0.14503281113771,26.85
1.0135921281050708,-0.8297586261324571,-0.9291749967480374,0.25295544786733754,-1.151058118526517,0.7934666347824321,-0.23510418402880037,-0.8843407540834946,26.06
1.0135921281050708,-0.8297586261324571,-0.9291749967480374,0.25295544786733754,-1.151058118526517,0.7934666347824321,-0.23510418402880037,-0.14503281113771,38.21
1.2602552549532682,-0.8297586261324571,-0.9291749967480374,0.30678832870625267,-1.151058118526517,0.6257982423261809,-0.40775815858361275,-0.14503281113771,43.7
1.2602552549532682,-0.8297586261324571,-0.9291749967480374,0.30678832870625267,-1.151058118526517,0.6257982423261809,-0.40775815858361275,-0.8843407540834946,30.14
-0.219723506135916,-0.8297586261324571,-0.9291749967480374,0.03762392451167721,-1.151058118526517,1.5931158911122456,0.588322463847997,-0.8843407540834946,12.73
-0.219723506135916,-0.8297586261324571,-0.9291749967480374,0.03762392451167721,-1.151058118526517,1.5931158911122456,0.588322463847997,-0.14503281113771,20.87
0.7669290012568735,-0.8297586261324571,-0.9291749967480374,0.25295544786733754,-1.151058118526517,0.9482374585882024,-0.0757312844397428,-0.8843407540834946,20.28
0.7669290012568735,-0.8297586261324571,-0.9291749967480374,0.25295544786733754,-1.151058118526517,0.9482374585882024,-0.0757312844397428,-0.14503281113771,34.29
-0.6785169220735632,2.7162250666693186,-0.9291749967480374,1.1950308625483517,-1.151058118526517,-0.16869198654344048,-1.9350817796454145,-0.8843407540834946,19.54
-0.21775020112113055,1.1075819567674323,-0.9291749967480374,1.1950308625483517,-1.151058118526517,0.014453488293388349,-1.0837648743405317,2.037685877559368,47.71
-1.1373103380112102,1.9113227741335732,-0.9291749967480374,0.575952732900828,-1.151058118526517,-0.5298239087569047,0.07301675517671154,2.037685877559368,43.38
-1.292214781671878,1.6325687334285532,-0.9291749967480374,1.1950308625483517,-1.151058118526517,-0.06035240987940153,-0.36127439620347096,-0.14503281113771,29.89
-1.0406183922867167,2.0762522482173766,-0.9291749967480374,1.1950308625483517,-1.151058118526517,-0.011341649007573375,-1.1036864867891638,-1.0251613146445964,6.9
-1.47671880055433,1.306194210769759,-0.9291749967480374,1.1950308625483517,-1.151058118526517,-0.23575934352594008,0.3240290720294769,2.037685877559368,33.19
-0.8719008135225499,0.5942099318023535,-0.9291749967480374,1.1950308625483517,-1.151058118526517,-0.22286177487545922,0.32270096453290115,-1.0251613146445964,4.9
-1.6799692170772444,0.9472983833620456,-0.9291749967480374,0.575952732900828,-1.151058118526517,-1.154066231440178,2.2086136096700826,-1.0251613146445964,4.57
-1.6799692170772444,0.9472983833620456,-0.9291749967480374,0.575952732900828,-1.151058118526517,-1.154066231440178,2.2086136096700826,2.037685877559368,25.46
-1.47671880055433,1.306194210769759,-0.9291749967480374,1.1950308625483517,-1.151058118526517,-0.23575934352594008,0.3240290720294769,-0.14503281113771,24.29
-1.0406183922867167,2.0762522482173766,-0.9291749967480374,1.1950308625483517,-1.151058118526517,-0.011341649007573375,-1.1036864867891638,-0.14503281113771,33.95
-0.7130497598323108,0.7150033494411956,-0.9291749967480374,0.575952732900828,-1.151058118526517,-0.14289684924247875,0.40504362932058147,-1.0251613146445964,11.41
-1.6178101091114987,1.0564770493048452,-0.9291749967480374,1.1950308625483517,-1.151058118526517,-0.4937107165355573,0.9734736378548862,-0.14503281113771,20.59
0.3258953304522967,1.533843344012192,-0.9291749967480374,1.1950308625483517,-1.151058118526517,-0.14289684924247875,-1.9218007046796597,-0.8843407540834946,25.89
-1.6178101091114987,1.0564770493048452,-0.9291749967480374,1.1950308625483517,-1.151058118526517,-0.4937107165355573,0.9734736378548862,2.037685877559368,29.23
-1.541837866042254,1.1795934172828957,-0.9291749967480374,0.575952732900828,-1.151058118526517,-0.8600016662092149,1.5432317538857667,2.037685877559368,31.02
-1.292214781671878,1.6325687334285532,-0.9291749967480374,1.1950308625483517,-1.151058118526517,-0.06035240987940153,-0.36127439620347096,-0.8843407540834946,10.39
-1.1373103380112102,1.9113227741335732,-0.9291749967480374,0.575952732900828,-1.151058118526517,-0.5298239087569047,0.07301675517671154,-0.14503281113771,33.66
-1.3741069397854797,1.4931917130760433,-0.9291749967480374,0.575952732900828,-1.151058118526517,-0.6330044579607516,0.8433191031904897,-0.14503281113771,27.87
-0.21775020112113055,1.1075819567674323,-0.9291749967480374,1.1950308625483517,-1.151058118526517,0.014453488293388349,-1.0837648743405317,-0.8843407540834946,19.35
-0.9794459368283639,0.517552570608473,-0.9291749967480374,0.575952732900828,-1.151058118526517,-0.3827916261414231,1.077066022587773,-0.8843407540834946,11.39
-0.7919819604237339,2.5152898623277835,-0.9291749967480374,0.575952732900828,-1.151058118526517,-0.6020502931995977,-0.791581225093926,-1.0251613146445964,12.79
-0.7919819604237339,2.5152898623277835,-0.9291749967480374,0.575952732900828,-1.151058118526517,-0.6020502931995977,-0.791581225093926,-0.14503281113771,39.32
-1.176776438306922,0.3549460468638781,-0.9291749967480374,0.575952732900828,-1.151058118526517,-1.141168662789697,2.223222792132413,-1.0251613146445964,4.78
0.155204446673344,1.4002736995077032,-0.9291749967480374,0.575952732900828,-1.151058118526517,-0.5736756421685393,-0.7690033976521439,-1.0251613146445964,16.11
0.3258953304522967,1.533843344012192,-0.9291749967480374,1.1950308625483517,-1.151058118526517,-0.14289684924247875,-1.9218007046796597,-0.14503281113771,43.38
-0.35785485717090654,0.9937573901462157,-0.9291749967480374,0.575952732900828,-1.151058118526517,-0.05003435495901596,-0.35330575122401775,-0.8843407540834946,20.42
-0.9794459368283639,0.517552570608473,-0.9291749967480374,0.575952732900828,-1.151058118526517,-0.3827916261414231,1.077066022587773,-1.0251613146445964,6.94
-0.594651458945176,0.8114057885183485,-0.9291749967480374,1.1950308625483517,-1.151058118526517,-0.03971630003863186,-0.34135278375483874,-0.8843407540834946,15.03
-0.35785485717090654,0.9937573901462157,-0.9291749967480374,0.575952732900828,-1.151058118526517,-0.05003435495901596,-0.35330575122401775,-1.0251613146445964,13.57
-0.8719008135225499,0.5942099318023535,-0.9291749967480374,1.1950308625483517,-1.151058118526517,-0.22286177487545922,0.32270096453290115,2.037685877559368,32.53
-1.0406183922867167,2.0762522482173766,-0.9291749967480374,1.1950308625483517,-1.151058118526517,-0.011341649007573375,-1.1036864867891638,-0.8843407540834946,15.75
-1.6799692170772444,0.9472983833620456,-0.9291749967480374,0.575952732900828,-1.151058118526517,-1.154066231440178,2.2086136096700826,-0.8843407540834946,7.68
0.155204446673344,1.4002736995077032,-0.9291749967480374,0.575952732900828,-1.151058118526517,-0.5736756421685393,-0.7690033976521439,-0.14503281113771,38.8
-0.594651458945176,0.8114057885183485,-0.9291749967480374,1.1950308625483517,-1.151058118526517,-0.03971630003863186,-0.34135278375483874,-0.14503281113771,33.0
-1.6799692170772444,0.9472983833620456,-0.9291749967480374,0.575952732900828,-1.151058118526517,-1.154066231440178,2.2086136096700826,-0.14503281113771,17.28
-0.9794459368283639,0.517552570608473,-0.9291749967480374,0.575952732900828,-1.151058118526517,-0.3827916261414231,1.077066022587773,-0.14503281113771,24.28
-0.8719008135225499,0.5942099318023535,-0.9291749967480374,1.1950308625483517,-1.151058118526517,-0.22286177487545922,0.32270096453290115,-0.14503281113771,24.05
-1.3741069397854797,1.4931917130760433,-0.9291749967480374,0.575952732900828,-1.151058118526517,-0.6330044579607516,0.8433191031904897,2.037685877559368,36.59
-0.7919819604237339,2.5152898623277835,-0.9291749967480374,0.575952732900828,-1.151058118526517,-0.6020502931995977,-0.791581225093926,2.037685877559368,50.73
-1.3741069397854797,1.4931917130760433,-0.9291749967480374,0.575952732900828,-1.151058118526517,-0.6330044579607516,0.8433191031904897,-0.8843407540834946,13.66
0.3258953304522967,1.533843344012192,-0.9291749967480374,1.1950308625483517,-1.151058118526517,-0.14289684924247875,-1.9218007046796597,-1.0251613146445964,14.14
-0.35785485717090654,0.9937573901462157,-0.9291749967480374,0.575952732900828,-1.151058118526517,-0.05003435495901596,-0.35330575122401775,2.037685877559368,47.78
-1.6178101091114987,1.0564770493048452,-0.9291749967480374,1.1950308625483517,-1.151058118526517,-0.4937107165355573,0.9734736378548862,-1.0251613146445964,2.33
-1.1373103380112102,1.9113227741335732,-0.9291749967480374,0.575952732900828,-1.151058118526517,-0.5298239087569047,0.07301675517671154,-0.8843407540834946,16.89
0.155204446673344,1.4002736995077032,-0.9291749967480374,0.575952732900828,-1.151058118526517,-0.5736756421685393,-0.7690033976521439,-0.8843407540834946,23.52
-0.594651458945176,0.8114057885183485,-0.9291749967480374,1.1950308625483517,-1.151058118526517,-0.03971630003863186,-0.34135278375483874,-1.0251613146445964,6.81
-0.594651458945176,0.8114057885183485,-0.9291749967480374,1.1950308625483517,-1.151058118526517,-0.03971630003863186,-0.34135278375483874,2.037685877559368,39.7
-1.176776438306922,0.3549460468638781,-0.9291749967480374,0.575952732900828,-1.151058118526517,-1.141168662789697,2.223222792132413,-0.14503281113771,17.96
-0.35785485717090654,0.9937573901462157,-0.9291749967480374,0.575952732900828,-1.151058118526517,-0.05003435495901596,-0.35330575122401775,-0.14503281113771,32.88
-1.541837866042254,1.1795934172828957,-0.9291749967480374,0.575952732900828,-1.151058118526517,-0.8600016662092149,1.5432317538857667,-0.14503281113771,22.35
-0.8719008135225499,0.5942099318023535,-0.9291749967480374,1.1950308625483517,-1.151058118526517,-0.22286177487545922,0.32270096453290115,-0.8843407540834946,10.79
-1.6178101091114987,1.0564770493048452,-0.9291749967480374,1.1950308625483517,-1.151058118526517,-0.4937107165355573,0.9734736378548862,-0.8843407540834946,7.72
-0.6785169220735632,2.7162250666693186,-0.9291749967480374,1.1950308625483517,-1.151058118526517,-0.16869198654344048,-1.9350817796454145,-0.14503281113771,41.68
-0.6785169220735632,2.7162250666693186,-0.9291749967480374,1.1950308625483517,-1.151058118526517,-0.16869198654344048,-1.9350817796454145,-1.0251613146445964,9.56
-1.3741069397854797,1.4931917130760433,-0.9291749967480374,0.575952732900828,-1.151058118526517,-0.6330044579607516,0.8433191031904897,-1.0251613146445964,6.88
0.155204446673344,1.4002736995077032,-0.9291749967480374,0.575952732900828,-1.151058118526517,-0.5736756421685393,-0.7690033976521439,2.037685877559368,50.53
-0.7130497598323108,0.7150033494411956,-0.9291749967480374,0.575952732900828,-1.151058118526517,-0.14289684924247875,0.40504362932058147,-0.8843407540834946,17.17
-0.7130497598323108,0.7150033494411956,-0.9291749967480374,0.575952732900828,-1.151058118526517,-0.14289684924247875,0.40504362932058147,-0.14503281113771,30.44
-0.21775020112113055,1.1075819567674323,-0.9291749967480374,1.1950308625483517,-1.151058118526517,0.014453488293388349,-1.0837648743405317,-1.0251613146445964,9.73
-1.47671880055433,1.306194210769759,-0.9291749967480374,1.1950308625483517,-1.151058118526517,-0.23575934352594008,0.3240290720294769,-1.0251613146445964,3.32
-1.176776438306922,0.3549460468638781,-0.9291749967480374,0.575952732900828,-1.151058118526517,-1.141168662789697,2.223222792132413,2.037685877559368,26.32
-0.7130497598323108,0.7150033494411956,-0.9291749967480374,0.575952732900828,-1.151058118526517,-0.14289684924247875,0.40504362932058147,2.037685877559368,43.25
-1.541837866042254,1.1795934172828957,-0.9291749967480374,0.575952732900828,-1.151058118526517,-0.8600016662092149,1.5432317538857667,-1.0251613146445964,6.28
-0.9794459368283639,0.517552570608473,-0.9291749967480374,0.575952732900828,-1.151058118526517,-0.3827916261414231,1.077066022587773,2.037685877559368,32.1
-0.21775020112113055,1.1075819567674323,-0.9291749967480374,1.1950308625483517,-1.151058118526517,0.014453488293388349,-1.0837648743405317,-0.14503281113771,36.96
0.3258953304522967,1.533843344012192,-0.9291749967480374,1.1950308625483517,-1.151058118526517,-0.14289684924247875,-1.9218007046796597,2.037685877559368,54.6
-0.7919819604237339,2.5152898623277835,-0.9291749967480374,0.575952732900828,-1.151058118526517,-0.6020502931995977,-0.791581225093926,-0.8843407540834946,21.48
-1.1373103380112102,1.9113227741335732,-0.9291749967480374,0.575952732900828,-1.151058118526517,-0.5298239087569047,0.07301675517671154,-1.0251613146445964,9.69
-1.176776438306922,0.3549460468638781,-0.9291749967480374,0.575952732900828,-1.151058118526517,-1.141168662789697,2.223222792132413,-0.8843407540834946,8.37
-1.292214781671878,1.6325687334285532,-0.9291749967480374,1.1950308625483517,-1.151058118526517,-0.06035240987940153,-0.36127439620347096,2.037685877559368,39.66
-1.541837866042254,1.1795934172828957,-0.9291749967480374,0.575952732900828,-1.151058118526517,-0.8600016662092149,1.5432317538857667,-0.8843407540834946,10.09
-1.292214781671878,1.6325687334285532,-0.9291749967480374,1.1950308625483517,-1.151058118526517,-0.06035240987940153,-0.36127439620347096,-1.0251613146445964,4.83
-1.47671880055433,1.306194210769759,-0.9291749967480374,1.1950308625483517,-1.151058118526517,-0.23575934352594008,0.3240290720294769,-0.8843407540834946,10.35
-1.0406183922867167,2.0762522482173766,-0.9291749967480374,1.1950308625483517,-1.151058118526517,-0.011341649007573375,-1.1036864867891638,2.037685877559368,43.57
-0.6785169220735632,2.7162250666693186,-0.9291749967480374,1.1950308625483517,-1.151058118526517,-0.16869198654344048,-1.9350817796454145,2.037685877559368,51.86
0.3722679982997577,-0.8297586261324571,-0.9291749967480374,0.575952732900828,-1.151058118526517,0.4581298498699297,0.721133213505545,-1.0251613146445964,11.85
0.3722679982997577,-0.8297586261324571,-0.9291749967480374,0.575952732900828,-1.151058118526517,0.4581298498699297,0.721133213505545,-0.8843407540834946,17.24
0.3722679982997577,-0.8297586261324571,-0.9291749967480374,0.575952732900828,-1.151058118526517,0.4581298498699297,0.721133213505545,-0.14503281113771,27.83
0.3722679982997577,-0.8297586261324571,-0.9291749967480374,0.575952732900828,-1.151058118526517,0.4581298498699297,0.721133213505545,2.037685877559368,35.76
0.3722679982997577,-0.8297586261324571,-0.9291749967480374,0.575952732900828,-1.151058118526517,0.4581298498699297,0.721133213505545,3.0938400817676315,38.7
0.5794650248522435,-0.8297586261324571,-0.9291749967480374,0.575952732900828,-1.151058118526517,0.6257982423261809,0.6016035388137518,-1.0251613146445964,14.31
0.5794650248522435,-0.8297586261324571,-0.9291749967480374,0.575952732900828,-1.151058118526517,0.6257982423261809,0.6016035388137518,-0.8843407540834946,17.44
0.5794650248522435,-0.8297586261324571,-0.9291749967480374,0.575952732900828,-1.151058118526517,0.6257982423261809,0.6016035388137518,-0.14503281113771,31.74
0.5794650248522435,-0.8297586261324571,-0.9291749967480374,0.575952732900828,-1.151058118526517,0.6257982423261809,0.6016035388137518,2.037685877559368,37.91
0.5794650248522435,-0.8297586261324571,-0.9291749967480374,0.575952732900828,-1.151058118526517,0.6257982423261809,0.6016035388137518,3.0938400817676315,39.38
0.7570624761829456,-0.8297586261324571,-0.9291749967480374,0.575952732900828,-1.151058118526517,1.0256228704910877,0.4422306392246943,-1.0251613146445964,15.87
0.7570624761829456,-0.8297586261324571,-0.9291749967480374,0.575952732900828,-1.151058118526517,1.0256228704910877,0.4422306392246943,-0.8843407540834946,9.01
0.7570624761829456,-0.8297586261324571,-0.9291749967480374,0.575952732900828,-1.151058118526517,1.0256228704910877,0.4422306392246943,-0.14503281113771,33.61
0.7570624761829456,-0.8297586261324571,-0.9291749967480374,0.575952732900828,-1.151058118526517,1.0256228704910877,0.4422306392246943,2.037685877559368,40.66
0.7570624761829456,-0.8297586261324571,-0.9291749967480374,0.575952732900828,-1.151058118526517,1.0256228704910877,0.4422306392246943,3.0938400817676315,40.86
-0.3381218070230508,-0.8297586261324571,-0.9291749967480374,0.25295544786733754,-1.151058118526517,1.838169695471382,0.17660913990959837,-0.8843407540834946,12.05
-0.3381218070230508,-0.8297586261324571,-0.9291749967480374,0.25295544786733754,-1.151058118526517,1.838169695471382,0.17660913990959837,-0.14503281113771,17.54
0.23413664726476716,-0.8297586261324571,-0.9291749967480374,0.25295544786733754,-1.151058118526517,1.464140204607437,-0.0890123594054976,-0.8843407540834946,18.91
0.23413664726476716,-0.8297586261324571,-0.9291749967480374,0.25295544786733754,-1.151058118526517,1.464140204607437,-0.0890123594054976,-0.14503281113771,25.18
0.24400317233869506,-0.8297586261324571,-0.9291749967480374,0.25295544786733754,-1.151058118526517,0.8192617720833938,-0.5538499832069155,-0.8843407540834946,30.96
2.0495772608675,-0.8297586261324571,-0.9291749967480374,0.575952732900828,-1.151058118526517,-0.5220853675666158,-0.7265039577617278,-0.14503281113771,43.89
2.0495772608675,-0.8297586261324571,-0.9291749967480374,0.575952732900828,-1.151058118526517,-0.5220853675666158,-0.7265039577617278,2.037685877559368,54.28
1.2306556797314845,-0.8297586261324571,-0.9291749967480374,0.25295544786733754,-1.151058118526517,0.8192617720833938,-0.5538499832069155,-0.14503281113771,36.94
0.08613877115584873,-0.8297586261324571,-0.9291749967480374,0.25295544786733754,-1.151058118526517,1.644706165714169,-0.022606984576723606,-0.8843407540834946,14.5
0.08613877115584873,-0.8297586261324571,-0.9291749967480374,0.19912256702842246,-1.151058118526517,1.644706165714169,-0.022606984576723606,-0.14503281113771,22.44
2.2469077623460576,-0.8297586261324571,-0.9291749967480374,1.0066157796121489,-1.151058118526517,1.9155551073742672,-2.160860054063246,-1.0955715949251472,12.64
2.2469077623460576,-0.8297586261324571,-0.9291749967480374,1.0066157796121489,-1.151058118526517,1.9155551073742672,-2.160860054063246,-1.0251613146445964,26.06
2.2469077623460576,-0.8297586261324571,-0.9291749967480374,1.0066157796121489,-1.151058118526517,1.9155551073742672,-2.160860054063246,-0.8843407540834946,33.21
2.2469077623460576,-0.8297586261324571,-0.9291749967480374,1.0066157796121489,-1.151058118526517,1.9155551073742672,-2.160860054063246,-0.6379047731015663,36.94
2.2469077623460576,-0.8297586261324571,-0.9291749967480374,1.0066157796121489,-1.151058118526517,1.9155551073742672,-2.160860054063246,-0.14503281113771,44.09
2.6415687653031736,-0.8297586261324571,-0.9291749967480374,-0.44687200303855856,-1.151058118526517,1.9155551073742672,-2.160860054063246,-0.8843407540834946,52.61
2.6415687653031736,-0.8297586261324571,-0.9291749967480374,-0.44687200303855856,-1.151058118526517,1.9155551073742672,-2.160860054063246,-0.6379047731015663,59.76
2.6415687653031736,-0.8297586261324571,-0.9291749967480374,-0.44687200303855856,-1.151058118526517,1.9155551073742672,-2.160860054063246,-0.14503281113771,67.31
2.6415687653031736,-0.8297586261324571,-0.9291749967480374,-0.44687200303855856,-1.151058118526517,1.9155551073742672,-2.160860054063246,2.037685877559368,69.66
0.7669290012568735,-0.8297586261324571,-0.9291749967480374,1.168114422128894,-1.151058118526517,-0.03197775884834305,-0.009325909610968809,-0.8843407540834946,18.13
0.7669290012568735,-0.8297586261324571,-0.9291749967480374,1.168114422128894,-1.151058118526517,-0.03197775884834305,-0.009325909610968809,-0.6379047731015663,22.53
0.7669290012568735,-0.8297586261324571,-0.9291749967480374,1.168114422128894,-1.151058118526517,-0.03197775884834305,-0.009325909610968809,-0.14503281113771,27.34
0.7669290012568735,-0.8297586261324571,-0.9291749967480374,1.168114422128894,-1.151058118526517,-0.03197775884834305,-0.009325909610968809,0.8407111127900027,29.98
0.7669290012568735,-0.8297586261324571,-0.9291749967480374,1.168114422128894,-1.151058118526517,-0.03197775884834305,-0.009325909610968809,2.037685877559368,31.35
1.1122573788443497,-0.8297586261324571,-0.9291749967480374,0.25295544786733754,-1.151058118526517,-0.13515830805218995,-0.1686988092000264,-1.0955715949251472,6.27
1.1122573788443497,-0.8297586261324571,-0.9291749967480374,0.25295544786733754,-1.151058118526517,-0.13515830805218995,-0.1686988092000264,-1.0251613146445964,14.7
1.1122573788443497,-0.8297586261324571,-0.9291749967480374,0.25295544786733754,-1.151058118526517,-0.13515830805218995,-0.1686988092000264,-0.8843407540834946,23.22
1.1122573788443497,-0.8297586261324571,-0.9291749967480374,0.25295544786733754,-1.151058118526517,-0.13515830805218995,-0.1686988092000264,-0.6379047731015663,27.92
1.1122573788443497,-0.8297586261324571,-0.9291749967480374,0.25295544786733754,-1.151058118526517,-0.13515830805218995,-0.1686988092000264,-0.14503281113771,31.35
0.7570624761829456,-0.8297586261324571,-0.9291749967480374,0.575952732900828,-1.151058118526517,0.9095447526367598,0.4023874143274299,-1.0251613146445964,14.99
0.5794650248522435,-0.8297586261324571,-0.9291749967480374,0.575952732900828,-1.151058118526517,0.0196125157535804,0.6547278386767711,-1.0251613146445964,13.52
1.0826578036225663,-0.8297586261324571,-0.9291749967480374,0.25295544786733754,-1.151058118526517,0.9095447526367598,-0.4874446083781415,-0.8843407540834946,24.0
1.0826578036225663,-0.8297586261324571,-0.9291749967480374,0.25295544786733754,-1.151058118526517,0.9095447526367598,-0.4874446083781415,-0.14503281113771,37.42
1.0826578036225663,-0.8297586261324571,-0.9291749967480374,0.25295544786733754,-1.151058118526517,1.734989146267535,0.11020376508082437,-0.8843407540834946,11.47
0.08613877115584873,-0.8297586261324571,-0.9291749967480374,0.25295544786733754,-1.151058118526517,1.644706165714169,-0.022606984576723606,-0.14503281113771,22.44
0.6583972254436666,-0.8297586261324571,-0.9291749967480374,0.19912256702842246,-1.151058118526517,1.193291262947339,-0.28822848389181954,-0.8843407540834946,21.16
0.6583972254436666,-0.8297586261324571,-0.9291749967480374,0.19912256702842246,-1.151058118526517,1.193291262947339,-0.28822848389181954,-0.14503281113771,31.84
0.22427012219083925,-0.8297586261324571,-0.9291749967480374,0.19912256702842246,-1.151058118526517,1.193291262947339,-0.0890123594054976,-0.8843407540834946,14.8
0.22427012219083925,-0.8297586261324571,-0.9291749967480374,0.19912256702842246,-1.151058118526517,1.193291262947339,-0.0890123594054976,-0.14503281113771,25.18
-0.3381218070230508,-0.8297586261324571,-0.9291749967480374,0.19912256702842246,-1.151058118526517,1.8252721268209011,0.17660913990959837,-0.14503281113771,17.54
0.23413664726476716,-0.8297586261324571,-0.9291749967480374,0.575952732900828,-1.151058118526517,1.3996523613550327,-0.1421366592685168,-0.8843407540834946,14.2
0.23413664726476716,-0.8297586261324571,-0.9291749967480374,0.575952732900828,-1.151058118526517,1.3996523613550327,-0.1421366592685168,-0.14503281113771,21.65
0.23413664726476716,-0.8297586261324571,-0.9291749967480374,0.575952732900828,-1.151058118526517,1.3996523613550327,-0.1421366592685168,2.037685877559368,29.39
0.5794650248522435,-0.8297586261324571,-0.9291749967480374,0.575952732900828,-1.151058118526517,-1.2572467806440248,0.6547278386767711,-1.0251613146445964,13.52
0.5794650248522435,-0.8297586261324571,-0.9291749967480374,0.575952732900828,-1.151058118526517,0.0196125157535804,0.6547278386767711,-0.8843407540834946,16.26
0.5794650248522435,-0.8297586261324571,-0.9291749967480374,0.575952732900828,-1.151058118526517,0.0196125157535804,0.6547278386767711,-0.14503281113771,31.45
0.5794650248522435,-0.8297586261324571,-0.9291749967480374,0.575952732900828,-1.151058118526517,0.0196125157535804,0.6547278386767711,2.037685877559368,37.23
0.7570624761829456,-0.8297586261324571,-0.9291749967480374,0.575952732900828,-1.151058118526517,0.9095447526367598,0.4023874143274299,-0.8843407540834946,18.13
0.7570624761829456,-0.8297586261324571,-0.9291749967480374,0.575952732900828,-1.151058118526517,0.9095447526367598,0.4023874143274299,-0.14503281113771,32.72
0.7570624761829456,-0.8297586261324571,-0.9291749967480374,0.575952732900828,-1.151058118526517,0.9095447526367598,0.4023874143274299,2.037685877559368,39.49
0.2933357977083345,-0.8297586261324571,-0.9291749967480374,1.168114422128894,-1.151058118526517,-0.03197775884834305,0.5484792389507327,-0.6379047731015663,18.13
2.2469077623460576,-0.8297586261324571,-0.9291749967480374,1.0066157796121489,-1.151058118526517,1.9155551073742672,-2.160860054063246,2.037685877559368,47.22
2.6415687653031736,-0.8297586261324571,-0.9291749967480374,-0.44687200303855856,-1.151058118526517,1.9155551073742672,-2.160860054063246,-1.0251613146445964,41.64
-0.19999045598806023,-0.8297586261324571,-0.9291749967480374,0.19912256702842246,-1.151058118526517,1.734989146267535,0.11020376508082437,-0.8843407540834946,13.71
-0.19999045598806023,-0.8297586261324571,-0.9291749967480374,0.19912256702842246,-1.151058118526517,1.734989146267535,0.11020376508082437,-0.14503281113771,19.69
0.6583972254436666,-0.8297586261324571,-0.9291749967480374,0.19912256702842246,-1.151058118526517,1.0772131450930111,-0.28822848389181954,-0.14503281113771,31.65
1.191189579435773,-0.8297586261324571,-0.9291749967480374,0.575952732900828,-1.151058118526517,-0.47049509296469233,-0.23510418402880037,-1.0251613146445964,19.11
1.191189579435773,-0.8297586261324571,-0.9291749967480374,0.575952732900828,-1.151058118526517,-0.47049509296469233,-0.23510418402880037,-0.14503281113771,39.58
1.191189579435773,-0.8297586261324571,-0.9291749967480374,0.575952732900828,-1.151058118526517,-0.47049509296469233,-0.23510418402880037,2.037685877559368,48.79
1.0826578036225663,-0.8297586261324571,-0.9291749967480374,0.19912256702842246,-1.151058118526517,0.9095447526367598,-0.4874446083781415,-0.8843407540834946,24.0
1.0826578036225663,-0.8297586261324571,-0.9291749967480374,0.19912256702842246,-1.151058118526517,0.9095447526367598,-0.4874446083781415,-0.14503281113771,37.42
-0.19999045598806023,-0.8297586261324571,-0.9291749967480374,0.25295544786733754,-1.151058118526517,1.734989146267535,0.11020376508082437,-0.8843407540834946,11.47
0.3722679982997577,-0.8297586261324571,-0.9291749967480374,0.575952732900828,-1.151058118526517,-0.08356803345026649,0.986754712820641,-0.8843407540834946,14.99
0.3722679982997577,-0.8297586261324571,-0.9291749967480374,0.575952732900828,-1.151058118526517,-0.08356803345026649,0.986754712820641,-0.14503281113771,27.92
0.3722679982997577,-0.8297586261324571,-0.9291749967480374,0.575952732900828,-1.151058118526517,-0.08356803345026649,0.986754712820641,2.037685877559368,34.68
2.493570889194255,-0.8297586261324571,-0.9291749967480374,0.4144540903840828,-1.151058118526517,1.9155551073742672,-2.160860054063246,-1.0251613146445964,33.8
2.493570889194255,-0.8297586261324571,-0.9291749967480374,0.4144540903840828,-1.151058118526517,1.9155551073742672,-2.160860054063246,-0.8843407540834946,42.42
2.493570889194255,-0.8297586261324571,-0.9291749967480374,0.4144540903840828,-1.151058118526517,1.9155551073742672,-2.160860054063246,-0.6379047731015663,48.4
2.493570889194255,-0.8297586261324571,-0.9291749967480374,0.4144540903840828,-1.151058118526517,1.9155551073742672,-2.160860054063246,-0.14503281113771,55.94
2.493570889194255,-0.8297586261324571,-0.9291749967480374,0.4144540903840828,-1.151058118526517,1.9155551073742672,-2.160860054063246,2.037685877559368,58.78
0.4906662991868924,-0.8297586261324571,-0.9291749967480374,1.168114422128894,-1.151058118526517,-0.03197775884834305,0.32270096453290115,-0.6379047731015663,20.77
0.4906662991868924,-0.8297586261324571,-0.9291749967480374,1.168114422128894,-1.151058118526517,-0.03197775884834305,0.32270096453290115,-0.14503281113771,25.18
0.2933357977083345,-0.8297586261324571,-0.9291749967480374,1.168114422128894,-1.151058118526517,-0.03197775884834305,0.5484792389507327,-0.14503281113771,21.75
1.2306556797314845,-0.8297586261324571,-0.9291749967480374,0.19912256702842246,-1.151058118526517,0.8192617720833938,-0.5538499832069155,-0.14503281113771,39.09
2.0495772608675,-0.8297586261324571,-0.9291749967480374,0.575952732900828,-1.151058118526517,-0.5220853675666158,-0.7265039577617278,-1.0251613146445964,24.39
2.4639713139724715,-0.8297586261324571,-0.9291749967480374,-1.900359785689266,-1.151058118526517,-1.0379881135858502,1.5976841612453616,-0.8843407540834946,50.51
2.4639713139724715,-0.8297586261324571,-0.9291749967480374,-1.900359785689266,-1.151058118526517,-1.0379881135858502,1.5976841612453616,-0.14503281113771,74.99
0.007206570564425568,0.3897903019520056,0.3421674740024807,1.5449445880012995,0.568952363494098,-0.9348075643820034,-1.2710280313576745,-0.14503281113771,37.17
-1.0879777126415708,1.3770441961156181,1.3654431211919222,-0.12387471800506805,2.480075121294781,-1.7860470953137402,-0.46088245844663195,-0.14503281113771,33.76
-1.1669099132329939,0.8427656180976631,0.8072927681794995,2.0832733963904504,0.7600646392741662,-0.689753760022867,-1.5632116806042802,-0.14503281113771,16.5
-1.2359755887504893,0.5059378189124306,0.45069670931045175,1.114281541289979,0.568952363494098,-1.5023005850031612,0.7078521385397902,-0.14503281113771,19.99
-1.1866429633808497,1.2376671757631081,1.2259055329388167,-0.716036407233134,2.288962845514713,-0.4189048183627689,-1.0718119068713525,-0.14503281113771,36.35
0.3722679982997577,0.8311508664016206,0.7917885917069322,-0.716036407233134,3.053411948634986,-0.8058318778771948,-1.6561792053645636,-0.14503281113771,33.69
-1.265575163972273,-0.8297586261324571,1.7840558859512392,-1.2543652156222849,2.288962845514713,-0.43180238701324974,0.9070682630261122,-0.14503281113771,15.42
0.3130688478561903,0.7963066113134931,-0.9291749967480374,1.76027611135696,-0.004384463846107049,-1.050885682236331,-0.7132228827959731,-0.14503281113771,33.42
1.003725603031143,-0.8297586261324571,-0.9291749967480374,0.4682869712229979,0.1867278119339613,0.4710274185204106,-0.6069742830699347,-0.14503281113771,39.05
-1.1175772878633545,0.9008393765778756,0.8693094740697687,-0.3392062413607284,1.715626018174508,-0.3028267005084411,-0.7397850327274826,-0.14503281113771,27.68
-1.176776438306922,1.9461670292217008,-0.9291749967480374,1.0066157796121489,-0.004384463846107049,0.3291541633651211,-1.2179037314946555,-0.14503281113771,26.86
0.3722679982997577,0.8311508664016206,-0.9291749967480374,-0.716036407233134,0.7600646392741662,-0.8058318778771948,0.37582526439592034,-0.14503281113771,45.3
0.3229353729301182,-0.8297586261324571,0.621242650508692,0.7912842562564885,0.7600646392741662,-0.22544128860555598,-0.9390011572138046,-0.14503281113771,30.12
-1.1965094884547776,-0.8297586261324571,1.9235934742043448,-0.7698692880720491,1.142289190834303,0.1872809082098316,-0.0491691345082332,-0.14503281113771,15.57
-1.2853082141201286,1.1099049071066407,1.0863679446857109,-0.3930391221996435,0.9511769150542346,-1.2056565060421014,0.12348484004657917,-0.14503281113771,44.61
0.25386969741262294,0.7614623562253656,0.7297718858166631,1.060448660451064,-0.004384463846107049,-1.2701443492945057,-1.6030549055015446,-0.14503281113771,53.52
0.48079977411296454,1.075060652018513,-0.9291749967480374,0.4682869712229979,-0.1954967396261754,-1.3733248984983526,-0.022606984576723606,-0.14503281113771,57.21
0.9247934024397199,1.3421999410274907,-0.9291749967480374,0.522119852061913,0.1867278119339613,-1.9666130564204722,-0.24838525899455516,-0.14503281113771,65.91
0.07627224608192083,0.6685443426570256,0.621242650508692,-0.5007048838774737,0.568952363494098,-1.9537154877699914,0.3891063393616751,-0.14503281113771,52.82
-0.19999045598806023,0.2968722883836656,0.2491424151670769,0.6836184945786582,0.3778400877140296,-1.8247398012651828,0.6016035388137518,-0.14503281113771,33.4
-1.0583781374197871,-0.8297586261324571,1.3964514741370568,0.03762392451167721,1.142289190834303,0.6000031050252191,-0.6202553580356895,-0.14503281113771,18.03
-1.1471768630851382,1.9926260360058707,-0.9291749967480374,-0.07004183716615296,0.9511769150542346,0.5871055363747383,-1.0319686819740883,-0.14503281113771,37.36
-1.1077107627894265,1.3538146927235333,1.3344347682467876,1.168114422128894,0.9511769150542346,-1.902125213168068,-0.8725957823850307,-0.14503281113771,32.84
0.25386969741262294,-0.8297586261324571,0.7297718858166631,0.25295544786733754,-0.004384463846107049,-1.2572467806440248,0.5219170890192231,-0.14503281113771,42.64
0.45120019889118085,-0.8297586261324571,1.0243512387954417,1.5449445880012995,-0.004384463846107049,-1.4894030163526804,-0.5140067583096511,-0.14503281113771,40.06
0.1453379215994161,0.5756263290886856,0.5282175916732882,0.36062120954516774,0.568952363494098,-0.9348075643820034,-1.0585308319055977,-0.14503281113771,41.94
0.530132399482604,1.0982901554105982,-0.9291749967480374,-0.3930391221996435,0.568952363494098,-1.2185540746925823,0.18989021487535315,-0.14503281113771,61.23
0.8261281517004408,-0.8297586261324571,1.2724180623565184,0.6297856137397432,0.9511769150542346,-2.263257135381532,0.030517315286295584,-0.14503281113771,40.87
-1.3839734648594078,1.5744949749483408,1.566997415335297,-0.12387471800506805,-0.1954967396261754,-1.4120176044497952,-0.527287833275406,-0.14503281113771,33.3
0.4906662991868924,0.9008393765778756,-0.9291749967480374,0.25295544786733754,0.3778400877140296,-0.32862183780940285,-0.8858768573507855,-0.14503281113771,52.42
-1.068244662493715,-0.8297586261324571,2.1716602977654214,-0.01620895632723788,1.3334014666143712,-1.6441738401584507,0.9336304129576218,-0.14503281113771,15.09
0.4117340985954693,-0.8297586261324571,0.8227969446520668,-0.6083706455553038,0.7600646392741662,-0.6639586227219053,0.09692269011506957,-0.14503281113771,38.46
0.48079977411296454,-0.8297586261324571,1.0553595917405763,0.03762392451167721,0.9511769150542346,-1.3733248984983526,0.05707946521780518,-0.14503281113771,37.26
0.155204446673344,0.5756263290886856,-0.9291749967480374,-0.23154047968289823,0.1867278119339613,-0.88321728978008,0.7078521385397902,-0.14503281113771,42.13
0.25386969741262294,-0.8297586261324571,0.7297718858166631,1.5449445880012995,0.9511769150542346,-1.244349211993544,-0.4210392335493675,-0.14503281113771,31.87
-0.0717256300269976,0.4594788121282606,0.40418417989274985,0.7374513754175733,-0.004384463846107049,-1.8505349385661445,0.18989021487535315,-0.14503281113771,41.54
-1.1077107627894265,2.073929297878168,-0.9291749967480374,-0.716036407233134,1.142289190834303,0.9353398899377215,-1.1647794316316362,-0.14503281113771,39.45
-1.0485116123458593,2.1900768148385934,-0.9291749967480374,0.0914568053505923,1.3334014666143712,-1.515198153653642,0.6812899886082806,-0.14503281113771,37.91
0.036806145786209256,0.517552570608473,0.46620088578301905,-0.07004183716615296,0.568952363494098,-1.3733248984983526,-0.10229343437125239,-0.14503281113771,44.28
0.4906662991868924,-0.8297586261324571,0.8693094740697687,0.7912842562564885,0.7600646392741662,-2.0439984683233576,0.4953549390877135,-0.14503281113771,31.18
-1.2162425386026334,0.7846918596174506,0.7607802387617976,0.6297856137397432,-0.004384463846107049,-1.0895783881877736,0.05707946521780518,-0.14503281113771,23.69
-1.1175772878633545,1.3421999410274907,-0.9291749967480374,-0.28537336052181334,0.9511769150542346,0.17438333955935073,0.17660913990959837,-0.14503281113771,32.76
-0.11119173032270918,0.3317165434717931,0.2801507681122115,1.060448660451064,0.568952363494098,-1.4507103104012378,-0.19526095913153596,-0.14503281113771,32.4
0.4018675735215414,-0.8297586261324571,0.8227969446520668,-0.17770759884398313,0.3778400877140296,0.3291541633651211,-1.1514983566658814,-0.14503281113771,36.8
-1.157043388159066,1.2957409342433206,-0.9291749967480374,0.6297856137397432,0.568952363494098,0.9095447526367598,-1.045249756939843,-0.14503281113771,18.28
-1.2458421138244171,1.8416342639573182,-0.9291749967480374,1.114281541289979,-0.5777212911863121,-1.9279203504690297,1.2789383620672465,-0.14503281113771,33.06
0.23413664726476716,-0.8297586261324571,0.7297718858166631,2.1371062772293654,0.9511769150542346,-2.0311008996728765,0.030517315286295584,-0.14503281113771,31.42
-1.3741069397854797,1.6093392300364682,-0.9291749967480374,0.7912842562564885,-0.5777212911863121,-0.3544169751103646,0.25629558970412714,-0.14503281113771,31.03
0.4018675735215414,0.8543803697937056,-0.9291749967480374,-0.17770759884398313,0.3778400877140296,-1.4120176044497952,0.6414467637110163,-0.14503281113771,44.39
-1.1866429633808497,-0.8297586261324571,0.8072927681794995,0.14528968618950738,0.3778400877140296,0.20017847686031245,0.5351981639849779,-0.14503281113771,12.18
-1.176776438306922,0.8543803697937056,0.8227969446520668,-0.17770759884398313,0.3778400877140296,0.3291541633651211,-1.1514983566658814,-0.14503281113771,25.56
-1.3050412642679845,0.7150033494411956,0.6677551799263939,1.0066157796121489,0.1867278119339613,-0.7800367405762331,-0.30150955885757436,-0.14503281113771,36.44
-1.2162425386026334,1.9113227741335732,-0.9291749967480374,-0.28537336052181334,1.3334014666143712,-1.6699689774594124,1.5578409363480974,-0.14503281113771,32.96
0.27360274756047875,-0.8297586261324571,0.9313261799600379,1.6526103496791298,0.7600646392741662,-1.2701443492945057,-0.6335364330014442,-0.14503281113771,23.84
-1.176776438306922,0.8543803697937056,0.8227969446520668,-0.17770759884398313,0.3778400877140296,-1.4120176044497952,0.6414467637110163,-0.14503281113771,26.23
-1.2261090636765613,-0.8297586261324571,1.194897179993682,-1.2543652156222849,1.9067382939545763,0.3291541633651211,0.721133213505545,-0.14503281113771,17.95
0.530132399482604,-0.8297586261324571,1.2104013564662492,0.9527828987732336,0.9511769150542346,-2.263257135381532,0.21645236480686275,-0.14503281113771,40.68
-1.176776438306922,0.8543803697937056,-0.9291749967480374,-0.17770759884398313,0.3778400877140296,0.3033590260641594,0.6148846137795067,-0.14503281113771,19.01
-0.10132520524878127,0.4594788121282606,0.40418417989274985,0.7374513754175733,-0.1954967396261754,-1.050885682236331,-0.5671310581726703,-0.14503281113771,33.72
-1.1274438129372824,-0.8297586261324571,2.094139415402585,2.0832733963904504,0.9511769150542346,-1.0121929762848885,-0.8327525574877662,-0.14503281113771,8.54
-1.1965094884547776,-0.8297586261324571,1.939097650676912,-0.7698692880720491,1.9067382939545763,1.2577791061997432,-1.2975901812891841,-0.14503281113771,13.46
0.007206570564425568,-0.8297586261324571,0.46620088578301905,0.9527828987732336,0.9511769150542346,-0.5865732108190201,-0.18197988416578117,-0.14503281113771,32.24
-1.2162425386026334,0.5407820740005581,0.49720923872815365,0.0914568053505923,0.1867278119339613,-0.3028267005084411,0.05707946521780518,-0.14503281113771,23.52
-1.2754416890462008,1.1331344104987258,1.2879222388290856,0.522119852061913,0.3778400877140296,-0.12226073940170908,-1.7624278050906022,-0.14503281113771,29.72
-0.12105825539663707,0.34333129516783556,0.2801507681122115,-0.5545377647163887,0.7600646392741662,-0.5220853675666158,-0.1686988092000264,-0.14503281113771,49.77
0.4018675735215414,1.0402163969303857,-0.9291749967480374,-0.17770759884398313,0.7600646392741662,-0.7671391719257522,-0.22182310906304556,-0.14503281113771,52.44
0.11573834637763242,0.5640115773926431,-0.9291749967480374,-0.716036407233134,0.1867278119339613,-0.08356803345026649,0.24301451473837235,-0.14503281113771,40.93
0.6287976502218829,-0.8297586261324571,-0.9291749967480374,0.03762392451167721,-0.5777212911863121,0.1227930649574273,0.5484792389507327,-0.14503281113771,44.86
-1.255708638898345,-0.8297586261324571,1.14838465057598,-0.01620895632723788,0.9511769150542346,0.032510084404061265,0.4820738641219587,-0.14503281113771,13.2
-1.2063760135287056,1.9229375258296157,-0.9291749967480374,-0.3930391221996435,1.142289190834303,1.193291262947339,-1.3374334061864486,-0.14503281113771,37.43
-1.265575163972273,1.144749162194768,1.1328804741034129,0.575952732900828,0.3778400877140296,-2.095588742925281,0.3891063393616751,-0.14503281113771,29.87
0.5794650248522435,1.144749162194768,-0.9291749967480374,0.7374513754175733,0.3778400877140296,-2.1342814488767234,0.3492631144644107,-0.14503281113771,56.61
-1.157043388159066,-0.8297586261324571,1.2879222388290856,0.6297856137397432,0.568952363494098,0.9095447526367598,-1.045249756939843,-0.14503281113771,12.46
-1.157043388159066,1.2957409342433206,-0.9291749967480374,0.6297856137397432,0.568952363494098,-1.2830419179449866,1.2258140622042273,-0.14503281113771,23.79
-1.354373889637624,-0.8297586261324571,1.6445182976981334,-0.07004183716615296,0.7600646392741662,-0.19964615130459426,0.3891063393616751,-0.14503281113771,13.29
-0.0618591049530697,0.47109356382430306,0.41968835636531715,-0.17770759884398313,0.7600646392741662,-0.8574221524791182,-0.40775815858361275,-0.14503281113771,39.42
0.4117340985954693,0.8543803697937056,0.8227969446520668,-0.12387471800506805,0.3778400877140296,-1.3862224671488335,-1.1382172817001266,-0.14503281113771,46.23
-1.2458421138244171,1.1795934172828957,-0.9291749967480374,0.03762392451167721,-0.5777212911863121,0.1227930649574273,0.5484792389507327,-0.14503281113771,23.74
-1.265575163972273,0.7498476045293231,0.7142677093440958,-0.17770759884398313,0.1867278119339613,-0.45759752431421147,-0.022606984576723606,-0.14503281113771,26.14
-1.2261090636765613,-0.8297586261324571,1.8925851212592102,-0.01620895632723788,1.715626018174508,-1.7731495266632593,1.438311261656304,-0.14503281113771,15.52
0.04667267086013715,0.5291673223045156,0.48170506225558635,0.522119852061913,0.1867278119339613,-0.39310968106180716,-1.4569630808782417,-0.14503281113771,43.57
0.25386969741262294,-0.8297586261324571,0.7297718858166631,-0.9313679305887943,1.3334014666143712,-0.3028267005084411,0.11020376508082437,-0.14503281113771,35.86
0.4018675735215414,0.8543803697937056,-0.9291749967480374,-0.17770759884398313,0.3778400877140296,0.3291541633651211,-1.1514983566658814,-0.14503281113771,41.05
-1.157043388159066,1.3073556859393631,1.2879222388290856,0.6836184945786582,0.568952363494098,-1.244349211993544,-1.0186876070083335,-0.14503281113771,28.99
0.1650709717472719,0.7266181011372381,-0.9291749967480374,0.7374513754175733,-0.004384463846107049,-0.6768561913723862,-0.20854203409729077,-0.14503281113771,46.24
-1.2261090636765613,1.2028229206749808,-0.9291749967480374,-0.5545377647163887,-0.7688335669663804,0.3033590260641594,0.6945710635740354,-0.14503281113771,26.92
-1.255708638898345,-0.8297586261324571,1.8460725918415084,1.114281541289979,0.3778400877140296,-1.9666130564204722,1.239095137169982,-0.14503281113771,10.54
0.4018675735215414,-0.8297586261324571,-0.9291749967480374,-0.17770759884398313,0.3778400877140296,0.3033590260641594,0.6148846137795067,-0.14503281113771,25.1
-1.344507364563696,1.0518311486264282,1.0243512387954417,-0.5007048838774737,0.7600646392741662,-0.689753760022867,-0.15541773423427158,-0.14503281113771,29.07
-1.157043388159066,-0.8297586261324571,1.2879222388290856,0.6297856137397432,0.568952363494098,-1.2830419179449866,1.2258140622042273,-0.14503281113771,9.74
-0.17039088076627654,0.32010179177575054,0.2646465916396442,0.4144540903840828,-0.004384463846107049,-0.7413440346247905,-0.35463385872059355,-0.14503281113771,33.8
-1.0879777126415708,1.5744949749483408,1.7375433565335372,1.86794187303479,0.7600646392741662,-1.992408193721434,-1.828833179919376,-0.14503281113771,39.84
-1.344507364563696,1.4467327062918731,0.5902342975635574,0.9527828987732336,-0.004384463846107049,-1.6699689774594124,0.09692269011506957,-0.14503281113771,26.97
-1.068244662493715,1.0634459003224705,1.0553595917405763,0.8451171370954035,0.3778400877140296,-0.19964615130459426,-1.7889899550221118,-0.14503281113771,27.23
-1.0879777126415708,1.6557982368206383,1.6135099447529988,1.114281541289979,0.7600646392741662,-2.018203331022396,-1.2710280313576745,-0.14503281113771,30.65
-1.1373103380112102,1.6557982368206383,1.4274598270821914,1.0066157796121489,0.568952363494098,-2.0311008996728765,-0.9522822321795594,-0.14503281113771,33.05
-1.2162425386026334,0.9472983833620456,2.078635238930018,0.575952732900828,0.3778400877140296,-0.5349829362170967,-2.028049304405698,-0.14503281113771,24.58
-1.354373889637624,0.3897903019520056,2.0631310624574506,0.7912842562564885,-0.004384463846107049,-0.1480558767026708,-1.7624278050906022,-0.14503281113771,21.91
-1.1175772878633545,1.5977244783404256,1.566997415335297,1.060448660451064,0.1867278119339613,-1.6570714088089316,-1.4171198559809774,-0.14503281113771,30.88
-1.265575163972273,-0.6555373506918195,2.094139415402585,-0.28537336052181334,-0.004384463846107049,0.5742079677242574,-0.8858768573507855,-0.14503281113771,15.34
-1.1669099132329939,1.1912081689789382,1.939097650676912,2.513936443101771,0.1867278119339613,-1.6957641147603741,-2.174141129029001,-0.14503281113771,24.34
-1.0386450872719313,1.3421999410274907,2.094139415402585,0.19912256702842246,0.1867278119339613,-1.0121929762848885,-1.8553953298508856,-0.14503281113771,23.89
-0.8709141610151571,0.16911001972719805,2.0166185330397486,1.7064432305180448,-0.004384463846107049,-0.689753760022867,-2.028049304405698,-0.14503281113771,22.93
-1.1471768630851382,1.2376671757631081,1.9701060036220466,2.1371062772293654,0.1867278119339613,-1.5796859969060464,-2.1475789790974913,-0.14503281113771,29.41
0.4048275310437199,-0.8297586261324571,0.8227969446520668,-0.1507911584245256,0.3778400877140296,0.3278644065000727,-1.1554826791556072,-0.14503281113771,36.8
-1.1590166931738515,1.3003868349217378,-0.9291749967480374,0.6459354779914183,0.5880635910721047,0.9147037800969534,-1.049234079429569,-0.14503281113771,18.29
-1.2468287663318098,1.8474416398053395,-0.9291749967480374,1.1411979817094364,-0.5012763808742847,-1.9279203504690297,1.276282147074095,-0.14503281113771,32.72
0.23413664726476716,-0.8297586261324571,0.7251206328748929,2.158639429564932,0.8556207771642005,-2.02852138594278,0.0358297452725972,-0.14503281113771,31.42
-1.373120287278087,1.6116621803756765,-0.9291749967480374,0.7751343920048133,-0.5586100636083052,-0.34925794765017254,0.260279912193853,-0.14503281113771,28.94
0.4048275310437199,0.8543803697937056,-0.9291749967480374,-0.1507911584245256,0.3778400877140296,-1.4094380907196986,0.6414467637110163,-0.14503281113771,40.93
-1.190589573410421,-0.8297586261324571,0.8057423505322429,0.16682283852507374,0.35872886013602284,0.20017847686031245,0.5338700564884021,-0.14503281113771,12.18
-1.1757897857995292,0.8543803697937056,0.8227969446520668,-0.1507911584245256,0.3778400877140296,0.3278644065000727,-1.1554826791556072,-0.14503281113771,25.56
-1.3060279167753772,0.7103574487627785,0.672406432868164,1.022765643863824,0.2631727222459887,-0.7800367405762331,-0.29619712887127275,-0.14503281113771,36.44
-1.2113092760656694,1.9113227741335732,-0.9291749967480374,-0.2961399366895957,1.256956556302344,-1.6725484911895092,1.5538566138583714,-0.14503281113771,32.96
0.27162944254569327,-0.8297586261324571,0.9282253446655243,1.6256939092596723,0.7409534116961595,-1.2675648355644091,-0.6388488629877459,-0.14503281113771,23.84
-1.1757897857995292,0.8543803697937056,0.8227969446520668,-0.1507911584245256,0.3778400877140296,-1.4094380907196986,0.6414467637110163,-0.14503281113771,26.23
-1.2251224111691685,-0.8297586261324571,1.188695509404655,-1.2489819275383938,1.9258495215325835,0.3265746496350243,0.7224613210021208,-0.14503281113771,17.96
0.535065662019568,-0.8297586261324571,1.2088509388189925,0.9527828987732336,0.9129544598982211,-2.2619673785164838,0.22309290228974016,-0.14503281113771,38.63
-1.1797363958291003,0.8508959442848928,-0.9291749967480374,-0.17232431076009194,0.3778400877140296,0.2994897554690157,0.6175408287726583,-0.14503281113771,19.01
-0.1023118577561743,0.4536714362802393,0.4057345975400065,0.7589845277531396,-0.1954967396261754,-1.0483061685062345,-0.572443488158972,-0.14503281113771,33.72
-1.1234972029077113,-0.8297586261324571,2.0925889977553283,2.0671235321387753,0.9511769150542346,-1.0160622468800322,-0.8340806649843421,-0.14503281113771,8.54
-1.1994694459769562,-0.8297586261324571,1.9437489036186824,-0.7860191523237242,1.8302933836425488,1.2642278905249835,-1.2975901812891841,-0.14503281113771,13.46
0.003259960534854634,-0.8297586261324571,0.459999215193992,0.9366330345215585,0.8747320047422072,-0.5827039402238764,-0.17932366917262962,-0.14503281113771,32.25
-1.2162425386026334,0.536136173322141,0.4925579857863835,0.0860735172667011,0.20583903951196805,-0.2976676730482491,0.061063787707531014,-0.14503281113771,23.52
-1.2754416890462008,1.1377803111771427,1.2832709858873155,0.5059699878102378,0.45428499802605704,-0.11710171194151703,-1.7557872676077246,-0.14503281113771,29.73
-0.12204490790403008,0.3386853944894185,0.2863524387012385,-0.5760709170519551,0.8365095495861937,-0.5259546381617595,-0.17002691669660217,-0.14503281113771,49.77
0.40088092101414835,1.0344090210823644,-0.9291749967480374,-0.19924075117954948,0.6836197289621389,-0.7722981993859442,-0.21518257158016818,-0.14503281113771,52.45
0.11573834637763242,0.5605271518838304,-0.9291749967480374,-0.6998865429814589,0.22495026708997498,-0.07840900599007444,0.2456707297315239,-0.14503281113771,40.93
0.633730912758847,-0.8297586261324571,-0.9291749967480374,0.032240636427786004,-0.5012763808742847,0.12021355122733053,0.5458230239575811,-0.14503281113771,44.87
-1.2576819439131304,-0.8297586261324571,1.1421829799869532,-0.02697553249502028,0.9702881426322414,0.038958868729301696,0.4754333266390813,-0.14503281113771,13.2
-1.2063760135287056,1.9206145754904074,-0.9291749967480374,-0.4038056983674259,1.1231779632562962,1.1971605335424824,-1.3400896211796,-0.14503281113771,37.43
-1.2685351214944514,1.1470721125339765,1.1266788035143858,0.5544195805652617,0.4733962256040638,-2.094298986060233,0.39309066185140096,-0.14503281113771,29.87
0.5745317623152796,1.140103261516351,-0.9291749967480374,0.7320680873336821,0.39695131529203637,-2.1342814488767234,0.3532474369541366,-0.14503281113771,56.62
-1.1590166931738515,-0.8297586261324571,1.2848214035345724,0.6459354779914183,0.5880635910721047,0.9147037800969534,-1.049234079429569,-0.14503281113771,12.46
-1.1590166931738515,1.3003868349217378,-0.9291749967480374,0.6459354779914183,0.5880635910721047,-1.28046240421489,1.2218297397145015,-0.14503281113771,23.79
-1.3573338471598024,-0.8297586261324571,1.639867044756363,-0.059275260998370556,0.7600646392741662,-0.19964615130459426,0.38777823186509935,-0.14503281113771,13.29
-0.05988579993828423,0.4745779893331158,0.4274404446016008,-0.18309088692787434,0.8365095495861937,-0.8612914230742619,-0.41439869606649016,-0.14503281113771,39.42
0.4117340985954693,0.8578647953025185,0.8258977799465803,-0.12925800608895927,0.3778400877140296,-1.3849327102837852,-1.135561066706975,-0.14503281113771,46.23
0.3989076159993629,0.8508959442848928,-0.9291749967480374,-2.907034657376978,0.3778400877140296,0.2994897554690157,0.6175408287726583,-0.14503281113771,44.52
-1.2488020713465955,1.1749475166044785,-0.9291749967480374,0.032240636427786004,-0.5012763808742847,0.12021355122733053,0.5458230239575811,-0.14503281113771,23.74
-1.2675484689870584,0.753332030038136,0.7173685446386092,-0.17232431076009194,0.28228394982399546,-0.45114873998897104,-0.01862266208699777,-0.14503281113771,26.15
-1.2251224111691685,-0.8297586261324571,1.894135538906467,0.005324196008328463,1.715626018174508,-1.7744392835283078,1.4422955841460299,-0.14503281113771,15.53
0.04667267086013715,0.5268443719653071,0.48170506225558635,0.5005866997263466,0.1867278119339613,-0.38666089673656673,-1.4622755108645433,-0.14503281113771,43.58
0.25485634992001593,-0.8297586261324571,0.7375239740529467,-0.9529010829243607,1.2951790114583577,-0.3002471867783444,0.11020376508082437,-0.14503281113771,35.87
0.4048275310437199,0.8543803697937056,-0.9291749967480374,-0.1507911584245256,0.3778400877140296,0.3278644065000727,-1.1554826791556072,-0.14503281113771,41.05
-1.1550700831442806,1.306194210769759,1.291023074123599,0.6728519184108759,0.6071748186501115,-1.249508239453736,-1.0253281444912108,-0.14503281113771,28.99
0.1650709717472719,0.7231336756284252,-0.9291749967480374,0.7320680873336821,-0.09994060173614122,-0.6755664345073378,-0.207213926600715,-0.14503281113771,46.25
-1.228082368691347,1.2039843958445848,-0.9291749967480374,-0.5437711885486063,-0.7306111118103666,0.3033590260641594,0.7012116010569128,-0.14503281113771,26.92
-1.2517620288687739,-0.8297586261324571,1.8445221741942517,1.0981316770383038,0.3396176325580159,-1.9666130564204722,1.2351108146802563,-0.14503281113771,10.54
0.3989076159993629,-0.8297586261324571,-0.9291749967480374,-0.17232431076009194,0.3778400877140296,0.2994897554690157,0.6175408287726583,-0.14503281113771,25.1
-1.340560754534125,1.047185247948011,1.021250403500928,-0.52223803621304,0.8365095495861937,-0.6949127874830591,-0.15010530424796997,-0.14503281113771,29.07
-1.1590166931738515,-0.8297586261324571,1.2848214035345724,0.6459354779914183,0.5880635910721047,-1.28046240421489,1.2218297397145015,-0.14503281113771,9.74
-0.16743092324409806,0.31777884143654206,0.2646465916396442,0.39292093804851647,0.09117167404392712,-0.7413440346247905,-0.3506495362308677,-0.14503281113771,33.8
0.005233265549640101,0.3909517771216098,0.33906663870796716,1.5287947237496244,0.568952363494098,-0.9348075643820034,-1.2750123538474003,-0.14503281113771,37.17
-1.0879777126415708,1.3782056712852224,1.3669935388391787,-0.13464129417285045,2.4418526661387676,-1.7847573384486919,-0.4555700284603303,-0.14503281113771,33.76
-1.1708565232625652,0.8450885684368715,0.8119440211212696,2.0886566844743415,0.7791758668521731,-0.6871742462927702,-1.5645397881008558,-0.14503281113771,16.5
-1.240908851287453,0.5012919182340135,0.4553479622522219,1.1088982532060878,0.5307299083380844,-1.5023005850031612,0.7144926760226676,-0.14503281113771,19.99
-1.1886162683956352,1.2388286509327124,1.2212542799970463,-0.7429528476525915,2.346296528248734,-0.4189048183627689,-1.0771243368576542,-0.14503281113771,36.35
0.37128134579236466,0.8288279160624122,0.7948894270014457,-0.7268029834009164,3.0725231762129934,-0.8071216347422432,-1.6535229903714121,-0.14503281113771,38.22
-1.269521774001844,-0.8297586261324571,1.7825054683039825,-1.2328320632867185,2.269851617936706,-0.43567165760839344,0.9137088005089896,-0.14503281113771,15.42
0.3091222378266194,0.7951451361438889,-0.9291749967480374,1.7333596709375025,0.033837991309906654,-1.0444368979110907,-0.7065823453130957,-0.14503281113771,33.42
1.0066855605533214,-0.8297586261324571,-0.9291749967480374,0.4790535473907803,0.1293941291999408,0.4736069322505073,-0.6016618530836331,-0.14503281113771,39.06
-1.1215238978929256,0.8996779014082714,0.8693094740697687,-0.3338229532768372,1.715626018174508,-0.2989574299132975,-0.7437693552172085,-0.14503281113771,27.68
-1.180723048336493,1.942682603712888,-0.9291749967480374,1.0066157796121489,0.052949218887913416,0.3265746496350243,-1.219231838991231,-0.14503281113771,26.86
0.3722679982997577,0.8288279160624122,-0.9291749967480374,-0.7214196953170252,0.7600646392741662,-0.801962607282051,0.37582526439592034,-0.14503281113771,45.3
0.32096206791533277,-0.8297586261324571,0.615040979919665,0.7912842562564885,0.7218421841181527,-0.22028226114536392,-0.9363449422206531,-0.14503281113771,30.12
-1.1974961409621703,-0.8297586261324571,1.922043056557088,-0.7914024404076154,1.0658442805222756,0.18986042193992836,-0.04651291951508164,-0.14503281113771,15.57
-1.2862948666275213,1.1052590064282235,1.0817166917439405,-0.41995556261910105,0.9320656874762279,-1.2108155335022934,0.127469162536305,-0.14503281113771,44.61
0.25189639239783745,0.763785306564574,0.7282214681694064,1.076598524702739,-0.004384463846107049,-1.2649853218343137,-1.5990705830118186,-0.14503281113771,53.52
0.483759731635143,1.0773836023577215,-0.9291749967480374,0.49520341164245546,-0.2719416499382028,-1.3733248984983526,-0.022606984576723606,-0.14503281113771,57.22
0.9247934024397199,1.3421999410274907,-0.9291749967480374,0.5382697163135881,0.11028290162193388,-1.9627437858253287,-0.24971336649113093,-0.14503281113771,65.91
0.07429894106713536,0.6673828674874214,0.627444321097719,-0.47917173154190734,0.6645085013841321,-1.952425730904943,0.38777823186509935,-0.14503281113771,52.83
-0.19900380348066748,0.29803376355326977,0.2429407445780499,0.6728519184108759,0.4351737704480503,-1.8182910169399424,0.6069159688000535,-0.14503281113771,33.4
-1.0623247474493582,-0.8297586261324571,1.4026531447260837,0.01609077217611087,1.0849555081002824,0.6038723756203629,-0.6215834655322653,-0.14503281113771,18.03
-1.1511234731147093,1.998433411853892,-0.9291749967480374,-0.05389197291447782,0.893843232320214,0.5871055363747383,-1.035953004463814,-0.14503281113771,37.36
-1.105737457774641,1.3538146927235333,1.3406364388358145,1.1788809982966764,1.0085105977882554,-1.9059944837632117,-0.8765801048747565,-0.14503281113771,35.31
0.25485634992001593,-0.8297586261324571,0.7297718858166631,0.2744886002029039,0.014726763731899717,-1.2572467806440248,0.5245733040123747,-0.14503281113771,42.64
0.45021354638378785,-0.8297586261324571,1.0321033270317255,1.5287947237496244,-0.06171814658012752,-1.495851800677921,-0.5193191882959527,-0.14503281113771,40.06
0.1482978791215946,0.5698189532406643,0.5266671740260316,0.3390880572096014,0.6071748186501115,-0.9296485369218114,-1.0598589394021736,-0.14503281113771,43.8
0.5261857894530331,1.1029360560890151,-0.9291749967480374,-0.3930391221996435,0.5498411359160912,-1.2237131021527743,0.18989021487535315,-0.14503281113771,61.24
0.8251414991930478,-0.8297586261324571,1.2662163917674913,0.6459354779914183,0.9511769150542346,-2.2580981079213402,0.0358297452725972,-0.14503281113771,40.87
-1.3839734648594078,1.5686875991003195,1.5654469976880403,-0.12925800608895927,-0.09994060173614122,-1.4133073613148437,-0.5326002632617075,-0.14503281113771,33.31
0.4955995617238564,0.8961934758994585,-0.9291749967480374,0.24218887169955514,0.4733962256040638,-0.32862183780940285,-0.8792363198679081,-0.14503281113771,52.43
-1.0662713574789295,-0.8297586261324571,2.173210715412678,-0.005442380159455472,1.256956556302344,-1.6403045695633072,0.9336304129576218,-0.14503281113771,15.09
0.4097607935806838,-0.8297586261324571,0.8165952740630398,-0.6137539336391951,0.7791758668521731,-0.6600893521267616,0.0955945826184938,-0.14503281113771,38.46
0.48474638414253546,-0.8297586261324571,1.0538091740933198,0.06454036493113476,1.0467330529442689,-1.3720351416333043,0.053095142728079345,-0.14503281113771,37.27
0.15915105670291493,0.5756263290886856,-0.9291749967480374,-0.21000732734733188,0.1867278119339613,-0.8845070466451284,0.7144926760226676,-0.14503281113771,42.14
0.25584300242740843,-0.8297586261324571,0.7297718858166631,1.5287947237496244,0.9702881426322414,-1.249508239453736,-0.41838301855621596,-0.14503281113771,31.88
-0.07665889256396154,0.4594788121282606,0.4119362681290335,0.7643678158370308,-0.023495691424113816,-1.8556939660263367,0.19520264486165476,-0.14503281113771,41.54
-1.1096840678042121,2.073929297878168,-0.9291749967480374,-0.6945032548975677,1.1805116459903164,0.9392091605328653,-1.1621232166384847,-0.14503281113771,39.46
-1.0485116123458593,2.1865923893297805,-0.9291749967480374,0.1022233815183747,1.2760677838803507,-1.5177776673837389,0.6786337736151291,-0.14503281113771,37.92
0.04075275581578019,0.517552570608473,0.4708521387247892,-0.0915749895017193,0.5498411359160912,-1.3720351416333043,-0.09830911188152655,-0.14503281113771,44.28
0.4926396042016779,-0.8297586261324571,0.8631078034807417,0.7912842562564885,0.8365095495861937,-2.045288225188406,0.5006673690740151,-0.14503281113771,31.18
-1.2211758011395974,0.7893377602958677,0.7545785681727706,0.613635749488068,0.014726763731899717,-1.0844193607275816,0.05707946521780518,-0.14503281113771,23.7
-1.1165906353559618,1.3387155155186778,-0.9291749967480374,-0.30690651285737963,1.0085105977882554,0.1692243120991587,0.17528103241302256,-0.14503281113771,32.77
-0.11217838283010219,0.3375239193198143,0.28480202105398167,1.0389155081154975,0.49250745318207056,-1.4442615260759974,-0.18862042164865858,-0.14503281113771,32.4
