cement,blast_furnace_slag,fly_ash,water,superplasticizer,coarse_aggregate,fine_aggregate,age,compressive_strength
0.7489454524329041,0.0,0.0,0.25807752928919336,0.08472233624806608,0.5530004212731326,0.17496731367378396,0.16992880013183537,61.89
0.26459621722657917,0.23548631334721612,0.0,0.7066655069831811,0.0,0.26910808550813,0.1530101952442217,0.5285145388361606,47.03
0.49020055650438055,0.21447350322644596,0.0,0.7723303731975492,0.0,0.2941141828165086,0.0,0.17523462249020022,36.45
0.3062694240846586,0.27257478706474314,0.0,0.8179634618846372,0.0,0.31149189972932406,0.17710889773000707,0.18558834849483363,45.85
0.6143132426258039,0.0,0.0,0.7213651481772175,0.0,0.27470591398609157,0.0,0.16367108404020903,39.29
0.16121460227929682,0.28290216509826227,0.0,0.46965199382295797,0.0,0.3769610975078273,0.48210900023340203,0.5466941233929702,38.07
0.18886445361221119,0.33142260118862915,0.0,0.5502018176218858,0.0,0.44161354311152284,0.5647953201712169,0.19429606872470812,28.02
0.13864057392235474,0.3832501316008863,0.0,0.6900519474771748,0.0,0.26278141023113344,0.1494129572885052,0.5160892716425929,42.33
0.3758781945761678,0.18106328328888074,0.0,0.8150230159621856,0.0,0.31037213689257653,0.17647221998041643,0.18492118849562195,47.81
0.43245151408824284,0.0,0.0,0.6813444718368719,0.0,0.25946548200764596,0.14752757794758492,0.5095769579284167,52.91
0.05744086335117021,0.40957253634870594,0.0,0.42991444203434287,0.0,0.4785021450057127,0.40585954989310896,0.500437988368344,39.36
0.42944837906917305,0.18789309210639626,0.0,0.6766129137852439,0.0,0.25766363867984576,0.0,0.5060382296377034,40.56
0.06534925277957991,0.465961993742909,0.0,0.48910454869620223,0.0,0.544381748553793,0.4617378077488623,0.172720423603458,28.24
0.06634078342547893,0.4730319383401128,0.0,0.4965256304753106,0.0,0.5526415398107763,0.46874365964892084,0.012988227758072495,8.06
0.5588941364499915,0.10442228836747525,0.0,0.7520603126423849,0.0,0.28639506091904776,0.0,0.1706355331205411,37.43
0.6222877251551361,0.0,0.0,0.7307292858390071,0.0,0.278271908270087,0.0,0.03684349340364742,38.6
0.23225607767866419,0.5212096435090632,0.0,0.7507613433450547,0.0,0.28590039528547145,0.0,0.17034080899425613,30.08
0.35850119111086626,0.2837628738559999,0.0,0.6812300290957024,0.0,0.2594219006149332,0.0,0.5094913662984665,37.72
0.5463463657536294,0.0,0.0,0.6415541774801332,0.0,0.24431278270319026,0.0,0.4798178302162341,42.23
0.3814164102955519,0.07732016385266449,0.0,0.6960849487893822,0.0,0.2650788613122357,0.1507192481709205,0.5206013482542439,50.46
0.492604057514619,0.09203682699466383,0.0,0.6628589161026209,0.0,0.25242592444605627,0.0,0.495751626328851,41.54
0.5667932098041092,0.10589813014470117,0.0,0.7626894804737321,0.0,0.29044279634319453,0.0,0.03845493178859154,35.08
0.4443810800298417,0.0,0.0,0.5062995338112434,0.0,0.5635200618003883,0.47797068628670836,0.013243895693060982,15.05
0.23552707522715044,0.5285501423377926,0.0,0.7613347523947741,0.0,0.2899268969875448,0.0,0.03838662617116508,26.26
0.49751577009431414,0.21767406973879497,0.0,0.783855781659387,0.0,0.29850321917842937,0.0,0.0395221402517338,32.82
0.2047872095757045,0.4595663095880051,0.0,0.6619689874107644,0.0,0.25208702718258763,0.0,0.4950860494080507,33.12
0.3250294597534716,0.15656907476352466,0.0,0.7047668483763394,0.0,0.2683850498177339,0.1525990896769283,0.5270945336596152,49.19
0.06629606349982993,0.4727130703373565,0.0,0.49619092551508626,0.0,0.5522690074514224,0.4684276823492031,0.038938417414078566,14.59
0.1923473438469543,0.3375344370538531,0.0,0.560348208332696,0.0,0.44975743396772144,0.5752108328186735,0.04397313878854115,14.64
0.19251285943263918,0.33782488665882526,0.0,0.5608303899944478,0.0,0.4501444518677894,0.5757058038225986,0.014670325944551034,9.13
0.41006827011954666,0.32457953750646285,0.0,0.7792186651295506,0.0,0.29673734049991607,0.0,0.1767975122562846,33.02
0.39889919771182464,0.0,0.0,0.5396954398191656,0.0,0.4151111675651618,0.614077908587965,0.014117473222186426,9.87
0.4162998322922983,0.3295119785543518,0.0,0.791059985006623,0.0,0.3012466803368245,0.0,0.03988537739529192,30.28
0.15922399237151957,0.44014976499288677,0.0,0.7925012347582452,0.0,0.30179552835270385,0.17159570895050338,0.17981120452497998,40.86
0.609989120977302,0.0,0.0,0.12954169104199312,0.0,0.6468888514875722,0.4094091362056937,0.15827569486095125,71.99
0.5195973534849133,0.46274335897176355,0.0,0.355620210999824,0.3823853427512908,0.3042783159561138,0.3878399778202405,0.014062261543894715,34.4
0.3684283312990382,0.5853387094295681,0.0,0.3655486633345464,0.29718973866523696,0.5459183828775613,0.038729377657235366,0.012835437218099937,28.8
0.5233998969987264,0.22053900525458306,0.0,0.18466179031604116,0.52990362629895,0.10543084288507193,0.5926713352996138,0.011928566479456885,33.4
0.5325903790377992,0.22441149315213452,0.0,0.17284327118981996,0.6078348206078678,0.28342635460170884,0.4314755778544383,0.012138022531339911,36.3
0.6730093552702786,0.2744414760110106,0.0,0.4222203729744591,0.318261505551733,0.11739479384460026,0.42216335786356596,0.013282181612110849,37.8
0.4855308803002496,0.21061094505156616,0.0,0.22547933074508408,0.4062635674636418,0.11022427190379736,0.7012181299573708,0.012470900536074013,28.1
0.367184026509736,0.46079151436312177,0.0,0.20921242916557833,0.48000125887885503,0.110194792174435,0.6052914087618155,0.012467565165684548,25.2
0.5459764201133495,0.2208072217619266,0.0,0.15921462396294345,0.4114612548501379,0.3380768630541149,0.586539489248197,0.013406005797122289,41.1
0.49216739292002853,0.4570053313963907,0.0,0.3088665740629624,0.43418843565806725,0.34554997201027987,0.3813150418649682,0.013902585378213978,35.3
0.3908874665363428,0.6383906148534049,0.0,0.4332904729758125,0.359919282004759,0.31810578740902107,0.14499013722759144,0.012979058713070368,28.3
0.4347056205586374,0.3032529927224071,0.0,0.181241874231893,0.4936410065133036,0.6647881196260308,0.021502648082456995,0.011531595839484182,28.6
0.34173080006582945,0.4769356224378488,0.0,0.14033069508889207,0.41158415548202015,0.4806757689578176,0.4852038213881794,0.01364947454404659,24.4
0.6050983144687906,0.40690248766787324,0.0,0.45843607283087506,0.3950034218999647,0.19181107135258088,0.2552035788538211,0.01321761772123434,39.3
0.44831680744964664,0.37681327682468596,0.0,0.12597980744482212,0.6789657602619051,0.2849153134866479,0.314404582521279,0.011463058290136063,40.6
0.45669135709408176,0.4684655855737092,0.0,0.4008172872883919,0.36450231746876305,0.35421527685060405,0.3908772219998363,0.014251218427350137,24.1
0.5191868447958635,0.4623777678686066,0.0,0.3553392527046402,0.3820832386225614,0.304037920404151,0.38753356424867735,0.0421534548975386,46.2
0.36818577904938565,0.5849533557292155,0.0,0.3653080068944278,0.29699408585147874,0.5455589812771829,0.03870388043869823,0.03848096128972649,42.8
0.523102251340644,0.22041358972101455,0.0,0.18455677734141807,0.5296022821174278,0.10537088675441038,0.5923342965446708,0.0357653489222159,49.2
0.5322767866714421,0.22427935833719012,0.0,0.1727415000490809,0.607476923869115,0.28325947148716946,0.4312215224812842,0.036392626775569106,46.8
0.6725349379695448,0.27424801691086736,0.0,0.4219227416739537,0.31803715686592504,0.11731203998571282,0.42186576675411414,0.039818456236825284,55.6
0.48522911628329235,0.21048004749721363,0.0,0.22533919228768176,0.4060110691550164,0.11015576602619939,0.7007823133940075,0.03738944910754579,34.9
0.36695593860545694,0.4605052792242469,0.0,0.2090824702864542,0.479703091003118,0.11012634121416735,0.6049154129696921,0.0373794616366066,33.4
0.5455843491489394,0.22064865795368202,0.0,0.15910029039675685,0.41116578053098507,0.3378340867786947,0.5861182895502935,0.04018913644287824,54.1
0.4917873254678849,0.45665241721634037,0.0,0.30862805738439913,0.43385314141699266,0.3452831272348244,0.3810205781550385,0.04167554806714954,55.9
0.3906243431530686,0.6379608863181844,0.0,0.4329988062815588,0.35967700465566443,0.31789165654480117,0.14489253804952937,0.03891096582960031,49.8
0.43447458026262487,0.3030918177619471,0.0,0.18114554656946574,0.4933786428380371,0.6644347935205467,0.02149121970899442,0.03457640084579236,47.1
0.3414764154541858,0.4765805912756899,0.0,0.1402262328356653,0.4112777719908897,0.48031795362835566,0.48484263537378425,0.04091794160113444,38.0
0.6046759013879934,0.40661843311129975,0.0,0.45811604319396715,0.3947276739621826,0.19167716996227183,0.25502542378811294,0.03962517190353957,56.1
0.44808135469458754,0.3766153772083947,0.0,0.12591364375822417,0.6786091723397305,0.28476567801814834,0.3142394595012902,0.03437111392370064,59.09
0.4917873254678849,0.45665241721634037,0.0,0.30862805738439913,0.43385314141699266,0.3452831272348244,0.3810205781550385,0.04167554806714954,22.9
0.4563207975983577,0.4680854724656819,0.0,0.4004920640286391,0.3642065601857461,0.35392786647524094,0.39056006411185723,0.042718964954117596,35.1
0.51052879149014,0.4546670729584497,0.0,0.3494135513461198,0.3757115497394998,0.29896772930010734,0.38107098475411916,0.1865272333218733,61.09
0.3630477800497794,0.5767903849476909,0.0,0.3602101669430375,0.29284956044386057,0.5379457554017415,0.038163771313657203,0.17074783341494199,59.8
0.5167784111123375,0.2177489857703129,0.0,0.18232565031038897,0.523199862307393,0.10409704660013441,0.5851735025631982,0.15899839971419474,60.29
0.5256185954716356,0.22147387275643218,0.0,0.17058069581288546,0.599878062506244,0.27971621022245857,0.4258274203561351,0.16171827952357268,61.8
0.6625008129931296,0.2701562757672388,0.0,0.41562771478192334,0.3132920880241915,0.11556176114665544,0.41557158991972976,0.1765096675706119,68.3
0.47882901910961917,0.20770384814747175,0.0,0.2223670031108967,0.40065584579974284,0.10870282846917845,0.6915391028099696,0.1660332961932819,50.7
0.3621183809212802,0.45443446630708517,0.0,0.20632614887466644,0.47337919450801175,0.10867455239669938,0.5969408500959875,0.16599010716514698,55.5
0.5372955003503694,0.21729642952880435,0.0,0.15668314215384185,0.4049191002673675,0.3327015061453248,0.577213624510438,0.1781035140273759,68.5
0.48376659635057456,0.4492047154363635,0.0,0.3035945359451736,0.4267772808899058,0.33965178561841836,0.37480638212508793,0.1844813123058583,71.3
0.3850533168459924,0.6288623830045504,0.0,0.4268234416812479,0.35454734468922994,0.31335793300080494,0.14282610221335656,0.17260210538962512,74.7
0.42955977289293357,0.299663221551027,0.0,0.17909641525612582,0.4877975085208052,0.6569186598542223,0.021248109502303908,0.1538337156251596,52.2
0.3361030912907823,0.46908132663832186,0.0,0.13801969390313976,0.40480608407894403,0.47275987948459675,0.47721336280854115,0.1812333361118742,67.7
0.5957396686394261,0.4006092024642711,0.0,0.45134575256648074,0.38889417148799793,0.18884445941528658,0.2512565179353389,0.17567806202353575,66.0
0.44307163331128374,0.37240467286036855,0.0,0.12450588093351296,0.6710220615484465,0.2815818885311457,0.31072614183420166,0.15294074259967838,74.5
0.44851081176216256,0.4600741327912115,0.0,0.3936375937436242,0.35797312070310466,0.34787034808301687,0.38387558121090065,0.18894521107787932,49.9
0.4846643210582323,0.4316326755632091,0.0,0.3317115203971482,0.35667720646416823,0.2838213905950815,0.36176512114383697,0.3607131578810188,63.4
0.3474461695572834,0.5520034025826236,0.0,0.3447304999986159,0.28026464731116685,0.5148280816324137,0.03652372191057662,0.3328724631685786,64.9
0.49735743908419267,0.2095657937660268,0.0,0.17547369736779275,0.503537566684149,0.10018499109092269,0.5631821848523255,0.3117137317568541,64.3
0.5052229786280668,0.21288000585652095,0.0,0.16396164058408935,0.5766009501263795,0.2688623616376052,0.4093040077868441,0.31664337890964767,64.9
0.6322086753973267,0.25780367043089525,0.0,0.39662358425426214,0.29896714403623054,0.11027782382791874,0.3965700256410674,0.3431163852101201,72.3
0.45930487442774626,0.19923477083516997,0.0,0.21330003897976554,0.38431919453416546,0.10427049528622409,0.6633417526962675,0.32442529408728255,55.2
0.3473603034744128,0.43591406137424715,0.0,0.19791735924996037,0.4540867001681466,0.10424553817020867,0.5726126199892961,0.32434764297724755,66.1
0.5123131691252194,0.20719291782436777,0.0,0.14939793289351483,0.3860918011820921,0.3172320685263446,0.5503752423803332,0.34593438326465636,73.7
0.41439429368617636,0.2890837012089425,0.0,0.17277346992239573,0.4705759634893432,0.6337263431960395,0.020497951356279357,0.3023017195821028,54.9
0.3199607047631648,0.44655225063844556,0.0,0.13139087285049317,0.3853640246416503,0.4500541296502764,0.45429372071594576,0.35144805818721936,72.99
0.5687390357985046,0.3824524427958479,0.0,0.4308894667240603,0.371268370670834,0.18028548612354733,0.23986885089420623,0.3416433526765075,71.7
0.42524073103680765,0.4362041124284107,0.0,0.3732144994887504,0.33940040584804837,0.32982179525093547,0.3639589693277358,0.3649192333554204,59.89
0.43910222622274747,0.39105595463775417,0.0,0.3005281402849945,0.32314686391472425,0.257140043211397,0.3277564763116011,0.5347692090243669,64.9
0.31905423317994913,0.5068958525233791,0.0,0.31656047747179195,0.2573625210755723,0.47275835279471334,0.03353914680338847,0.5001896173727901,66.6
0.46118620984759395,0.19432473819758372,0.0,0.1627120518514993,0.46691687636672063,0.09289885441326676,0.522223730611102,0.47298073190395074,65.2
0.4674365396475139,0.19695836790307594,0.0,0.15169868583110885,0.5334760378802189,0.24875371327451132,0.3786915028751878,0.4793909096158649,66.7
0.577724128447704,0.23558582253984975,0.0,0.3624420598010462,0.27320177568629556,0.10077394084801768,0.36239311693718984,0.5130755658956112,74.19
0.42343858618272,0.18367688735285548,0.0,0.1966438241066811,0.35430840262512575,0.09612820059787178,0.6115425930709587,0.48942246879739926,57.6
0.32024706714319934,0.4018887543719182,0.0,0.18246890390915274,0.4186429263880873,0.09610864433227591,0.5279172960368609,0.48932290097308906,68.1
0.4675258871823219,0.1890797632415633,0.0,0.13633731344152397,0.3523390042651013,0.2894991056617003,0.5022605097511322,0.5165872618924416,75.5
0.38586848856236183,0.26918394522581035,0.0,0.1608802020645524,0.43818276108532067,0.5901023009655543,0.01908692669996624,0.46062338766381417,56.5
0.2912080141408946,0.4064236394741791,0.0,0.11958366946138752,0.35073398285050006,0.40961082845587543,0.4134694363306046,0.5234167856314861,76.8
0.5200919910863938,0.34973940585998137,0.0,0.39403337309533093,0.3395119623862172,0.1648647825101874,0.21935168927875628,0.5112342290757711,73.3
0.3844578208762847,0.39436975407462754,0.0,0.33742118927092757,0.30685005201341564,0.29819008252222934,0.3290533150362969,0.5398715200837538,67.8
0.21849990104513087,0.0,0.3841300242240218,0.4893967569852871,0.16185238682519543,0.38380449617687074,0.6257093384005149,0.01335924462684153,11.58
0.21770003152548353,0.0,0.3827238272578514,0.4876052067509192,0.16125988865799076,0.3823994908815499,0.6234187843748547,0.08651721010539822,24.45
0.21504941833274957,0.0,0.3780639619441225,0.48166835508946926,0.1592964640992504,0.3777435745349933,0.6158283304696207,0.17750177428202188,24.89
0.20511323333757148,0.0,0.36059582138828866,0.459413257077129,0.15193629940483208,0.36029023722109293,0.5873744789583842,0.34487128277604745,29.45
0.18226584743239083,0.0,0.3204293642904437,0.4082396111665194,0.13501224624150357,0.3201578188796989,0.5219473430625239,0.551621463215286,40.71
0.2401206257372445,0.0,0.3772525764165557,0.5594527296442101,0.1660939160305276,0.3386745636148257,0.5869989009858279,0.013411309990042603,10.38
0.23923478149852492,0.0,0.3758608299960445,0.5573888170758098,0.16548116842440141,0.3374251377895434,0.5848333660886216,0.08685191758920448,22.14
0.23629980410703855,0.0,0.3712496984896899,0.5505506660087379,0.16345101425952568,0.3332855425997127,0.5776585201213869,0.17817175777979352,22.84
0.22530486023271085,0.0,0.3539755851501536,0.5249337439143048,0.15584569806056955,0.3177778876151628,0.5507802794420809,0.34605488855064354,27.66
0.2000637054780528,0.0,0.31431930558779875,0.4661248311709333,0.1383861307057796,0.2821768764757763,0.4890757504991541,0.5531147522308645,34.56
0.16216642558517594,0.0,0.3848347610355481,0.2914235364060595,0.26003051152567425,0.4575065512360286,0.6808690277839913,0.01287770152317625,12.45
0.16161458910406984,0.0,0.3835252059931228,0.29043185062238697,0.25914565313440896,0.45594970120122,0.678552097093618,0.08342021977088593,24.99
0.1597828571339967,0.0,0.3791783497777218,0.28714011001368506,0.2562085087813944,0.4507819892448584,0.6708614203020185,0.17129368872813228,25.72
0.1528751887196604,0.0,0.3627858633925073,0.27472658390701893,0.24513220525711055,0.43129396302783407,0.6418590083628528,0.3338467176358743,33.96
0.13675453705397467,0.0,0.32453018186585847,0.24575673209810156,0.2192830735171145,0.38581411896867374,0.5741751312147141,0.5375567916505264,37.34
0.15344547502362949,0.0,0.4748484497755551,0.2618510682830301,0.26742801801319604,0.6365667890013722,0.45333239520755486,0.012734667524437911,15.04
0.15293479251850148,0.0,0.4732681047321436,0.26097960068517084,0.26653798974641685,0.6344482285000708,0.4518236578322454,0.08249985396912904,21.06
0.15123884344119876,0.0,0.46801986401255596,0.2580855037587092,0.2635822538387628,0.6274126032508923,0.44681322231927056,0.16944573461063325,26.4
0.14483206995972484,0.0,0.4481936263520935,0.24715249657740915,0.2524163935633377,0.6008341771204836,0.4278853395161995,0.3305452772853232,35.34
0.1298150143254122,0.0,0.40172222934903085,0.22152624686424605,0.22624435151348454,0.53853609446984,0.38351962720946836,0.533290257138928,40.57
0.198020767629701,0.0,0.47872269589873456,0.4146139692232377,0.2031796057324734,0.5876188795206313,0.41587789214935944,0.013239773807128593,12.47
0.1973087046911933,0.0,0.47700125681104544,0.4131230587252867,0.20244899212646392,0.5855058606131573,0.41438243671057423,0.08574907185306366,20.92
0.19494807629864833,0.0,0.47129434838107964,0.4081803978144654,0.20002686463034652,0.5785007882280939,0.4094247084288852,0.175963482419177,24.9
0.18608566589167458,0.0,0.44986913600072365,0.3896243685671089,0.1909335706598094,0.5522019321256051,0.39081211236872343,0.34214913038036016,34.2
0.1656319187309506,0.0,0.40042142857478685,0.346798510464919,0.16994696236810275,0.49150623776763513,0.3478557025053673,0.5481747883903465,39.61
0.23118165883635697,0.0,0.4676868645860417,0.5357626334483708,0.16465809043534074,0.5252368324096586,0.3709712308020697,0.013295373761859814,10.03
0.23034339390700825,0.0,0.46599103154083876,0.5338199575962472,0.1640610400324661,0.523332323122774,0.3696260887430328,0.08610657070026949,20.08
0.22756492196642408,0.0,0.4603701062616758,0.5273808592207853,0.16208208596505627,0.5170197297779682,0.3651675466565382,0.1766795409122197,24.48
0.21714107871789118,0.0,0.43928238420629595,0.5032236413099985,0.15465775077800023,0.4933371139642729,0.3484406749009664,0.34341705529897565,31.54
0.1931249524725067,0.0,0.39069709919821033,0.44756635817075247,0.13755237352997965,0.43877329545302496,0.3099026180447577,0.549782312835664,35.34
0.15022577025580358,0.0,0.4662459652947963,0.2560380285985253,0.33381109493203215,0.6219172405288934,0.44285855026111964,0.012523937183597168,9.45
0.14974213387689034,0.0,0.4647449344799493,0.25521374056322604,0.3327364245281521,0.6199150420932925,0.44143281281770796,0.08114351478392166,22.72
0.14813487220749177,0.0,0.45975658083560433,0.2524743962511679,0.32916498817079054,0.6132611654612197,0.4366946805279677,0.1667199290735173,28.47
0.14204768832132045,0.0,0.44086418359841834,0.24209967452880213,0.31563888333115186,0.588060931182951,0.418749946901957,0.32565916534166456,38.56
0.12768824342852858,0.0,0.3962977071960214,0.21762608417303853,0.283731295078371,0.528614497138744,0.37641897441336314,0.5269295480026891,40.39
0.10878652479354407,0.0,0.6066389348592598,0.36318409118866185,0.15136010642878092,0.5566453691826824,0.3941217849454606,0.012493215133804143,10.76
0.10843800570743578,0.0,0.6046954473953841,0.36202055932853155,0.1508751944779127,0.5548620459657477,0.39285913808211753,0.08094573925957856,25.48
0.10727965952489711,0.0,0.5982360270240914,0.3581534176362534,0.14926352978135987,0.5489349512300323,0.3886625754479741,0.16632221889922957,21.54
0.10289104086132665,0.0,0.573763262988064,0.3435020030062953,0.14315742620599517,0.5264790058744715,0.3727630858336686,0.32494463408662394,28.63
0.09252883506065915,0.0,0.5159792911069949,0.30890775244477126,0.12873997353157127,0.47345705408029304,0.3352219376640595,0.5259947490004198,33.54
0.21239005954429335,0.23882019975330857,0.10197039926633873,0.4499088677177206,0.2600231056663426,0.6410835929423198,0.4541401938900407,0.013997102996531905,18.0
0.2115369951847063,0.23786097877471793,0.10156083530871467,0.448101809416896,0.2589787232475561,0.638508681640781,0.45231614047391205,0.0906157437450041,30.39
0.20871659222150274,0.2346896006014535,0.10020673419462812,0.4421273099209909,0.2555257841632304,0.6299955051339556,0.44628545169636025,0.1856926506030929,45.71
0.19822998319393567,0.2228980220875065,0.09517201782520218,0.41991337766863335,0.24268732716054742,0.5983424559865588,0.42386260070584497,0.35925763751509604,50.77
0.1745921449002708,0.19631865544887075,0.08382327667521684,0.3698410104174746,0.21374819442738044,0.5269933997491508,0.3733193102672091,0.5695526422940759,53.9
0.21289395208875023,0.23917267687787047,0.10212089839983311,0.4505728927213503,0.25285885096999583,0.6425146913857086,0.4550480869722617,0.014017761461023227,13.18
0.21203635315855884,0.23820921957995736,0.10170952563720354,0.4487578536984945,0.25184026177122476,0.6399264548174152,0.45321502056175905,0.09074840989197652,17.84
0.20920117372594907,0.23502407764580002,0.10034954773298321,0.442757424913169,0.2484728565133966,0.6313698733819454,0.4471549941290009,0.18595729773177444,40.23
0.19866246371105512,0.22318451404912704,0.09529434290383128,0.42045309446895457,0.23595579776688425,0.5995640097282879,0.42462913191270957,0.35971939318405594,47.13
0.17492260702727475,0.19651431033479247,0.08390681653849663,0.3702096009650053,0.20775944543109479,0.5279170392950395,0.37388660840294585,0.5701202692320235,49.97
0.22919736574270233,0.0,0.4643690034499153,0.5300698941910245,0.21698534170207753,0.5189810814534759,0.36641143433018725,0.013212222211367723,13.36
0.22837660306519214,0.0,0.4627060840468531,0.5281716979171974,0.2162083106508752,0.5171225945524133,0.3650993039357708,0.08557190749414031,22.32
0.2256553520412772,0.0,0.45719264971039114,0.5218781995707413,0.21363205249289893,0.5109607532296679,0.3607489158428967,0.1756085490047015,24.54
0.2154355539458712,0.0,0.436486663663629,0.49824264303835564,0.20395678255830751,0.4878196414171345,0.3444108097456983,0.34152013941262266,31.35
0.1918290011408993,0.0,0.3886582282651229,0.44364723830061725,0.18160802689003666,0.43436634685411446,0.3066716723658593,0.547375949900415,40.86
0.25601075686613534,0.0,0.3874509531730558,0.48599429734238125,0.2609636182310622,0.3566239073408529,0.5938648264612691,0.013847049130627792,19.93
0.255004289487632,0.0,0.3859277486409016,0.48408368463062895,0.2599376794309082,0.35522189465386006,0.5915301371599663,0.08965197515066016,25.69
0.2516748760598904,0.0,0.38088895877958284,0.4777633410670043,0.2565438541661954,0.35058400974508197,0.5838069400893158,0.18376916900476448,30.23
0.2392715626905398,0.0,0.36211757727090726,0.45421769150351016,0.2439005825531517,0.3333061495024213,0.5550351352175162,0.3558957480112315,39.59
0.2111813331406765,0.0,0.3196053549441112,0.4008930127306947,0.21526691094494474,0.2941763584623837,0.4898745946953479,0.5654051314002937,44.3
0.2717390278361805,0.0,0.38461769568587484,0.47996482869602325,0.20014042988179007,0.3644618581978969,0.6122005984478408,0.013515977082926085,13.82
0.27072091761566447,0.0,0.38317666894015034,0.4781665698979598,0.19939057433537236,0.3630963482607552,0.6099068988962935,0.08752469366929332,24.92
0.2673489696594698,0.0,0.3784040351995669,0.4722107952120263,0.19690707714004613,0.35857382373548824,0.6023102405393574,0.1795178807172888,29.22
0.25473378721692225,0.0,0.3605485860197214,0.44992896132080984,0.18761578005551113,0.34165408691620386,0.5738895079623934,0.3484293058173778,38.33
0.22586699955818218,0.0,0.3196907179410464,0.39894238458960785,0.16635489847611012,0.3029373697994742,0.5088555493857798,0.5561006606201396,42.35
0.19286672486186182,0.0,0.3835798299558523,0.2429347522693055,0.30095122612502223,0.4595801155221421,0.6743152376931536,0.01284849241256253,13.54
0.19221337705495864,0.0,0.38228042986050953,0.24211179596240806,0.29993173547045526,0.4580232598188695,0.6720309536518096,0.08323228783991289,26.31
0.190044479279501,0.0,0.37796685300842403,0.23937985428529587,0.29654736501810625,0.45285501583632415,0.664447889128692,0.17091646161142088,31.64
0.18186239853265893,0.0,0.36169405559452783,0.22907371277381844,0.28377996185522414,0.43335802060535084,0.6358410792832764,0.3331735184342944,42.55
0.16275056447860434,0.0,0.32368379715389023,0.20500046387793316,0.25395765893498073,0.38781662973715714,0.5690208388704091,0.53668884572959,42.92
0.1900444461154243,0.0,0.3776250449284855,0.23991076061544267,0.35417282160857716,0.44369412055876833,0.6642758483916426,0.01264902934316347,13.33
0.1894203948255519,0.0,0.37638503291449266,0.2391229626940796,0.35300981994933195,0.4422371567068738,0.6620945576015497,0.08194870820252348,25.37
0.1873473582327884,0.0,0.3722658357872835,0.23650597600533693,0.34914644359519764,0.4373972670562512,0.6548485255834999,0.168338463876256,37.4
0.17950794388011518,0.0,0.35668864183264803,0.22660955493872412,0.33453666384210384,0.41909469558940304,0.6274468638856211,0.3285627948449234,44.4
0.16108498866574147,0.0,0.32008157736564435,0.20335254696712463,0.30020306365533356,0.37608287872751744,0.5630518002304771,0.530716130390679,47.74
0.19248735145205315,0.0,0.4780255599478765,0.24127560530569447,0.27051163615828644,0.6336577802800795,0.44873333376969304,0.012881506483727928,19.52
0.19183195067086492,0.0,0.4763979292331601,0.24045408524733158,0.26959057024761124,0.6315002369346665,0.4472054402469277,0.08344470031473682,31.35
0.18965648192899104,0.0,0.4709953422286711,0.2377272175671454,0.266533280486304,0.6243387134182089,0.44213391043632616,0.17134282316976684,38.5
0.18145292536048513,0.0,0.4506225245206934,0.22744437008758622,0.2550044320039331,0.5973330561301438,0.42300948870168104,0.33393437524324576,45.08
0.16231024325795537,0.0,0.40308334201370494,0.20344974302964772,0.22810230977642068,0.5343163988890696,0.3783833899353873,0.5376697301872774,47.82
0.23487855483044537,0.0,0.4816474556679051,0.3675616514624767,0.24028425458081176,0.5884441294258328,0.41661225234533794,0.013320662300855239,15.44
0.23402365970815733,0.0,0.47989438774388726,0.36622382535399167,0.23940968415716435,0.5863023501716632,0.4150958951680189,0.08626916124213387,26.77
0.23119031768842865,0.0,0.4740842703586521,0.3617899260025533,0.23651113313502248,0.5792039435956843,0.4100702979977879,0.17700513375350296,33.73
0.22056399472343344,0.0,0.4522936840580421,0.3451607841006592,0.2256402467127944,0.5525816861033037,0.3912220197980541,0.3439931266517015,42.7
0.19610050199856557,0.0,0.4021282739541325,0.306877843399735,0.2006137298471685,0.4912929971908917,0.3478302728942201,0.5505114505614198,45.84
0.2731935868170631,0.0,0.47351274089731743,0.48676121306034914,0.21019855832078452,0.52945131454663,0.37353867685243375,0.01346099141955763,17.22
0.2721782917515431,0.0,0.47175298088649464,0.4849522165042271,0.20941737761471832,0.5274836647443224,0.37215045987484013,0.08717127294799851,29.93
0.2688150100795571,0.0,0.46592357346347846,0.47895970736229104,0.2068296266835386,0.5209655984779427,0.36755183147996145,0.17881083489143362,29.65
0.25622347409979535,0.0,0.44409929572932855,0.4565248054335498,0.19714154161233774,0.4965631029643486,0.350335374299473,0.347182764169511,36.97
0.22736153603757775,0.0,0.39407434617368375,0.4051002015615521,0.17493480593561653,0.44062844056820305,0.31087233169746314,0.5545347173377795,43.58
0.27188970801673645,0.0,0.47125279317404234,0.48443803397724844,0.23083623468610964,0.5269243872022311,0.3717558781874853,0.01339674576303315,13.12
0.2708888277962047,0.0,0.4695180176910027,0.48265472099413514,0.22998648048553824,0.5249846734826001,0.37038737068472477,0.08675829286173205,24.43
0.2675725427144234,0.0,0.46377006710048363,0.47674594777559415,0.22717093161092985,0.5185576869767411,0.36585300091438466,0.17798436829338476,32.66
0.2551468692290815,0.0,0.4422332705084054,0.4546065704597315,0.21662144924281174,0.4944766342785795,0.34886332818160926,0.3457239647513624,36.64
0.22660829812356287,0.0,0.3927687966790252,0.4037581239343988,0.19239200582116442,0.4391686595814386,0.3098424265044667,0.5526975702942826,44.21
0.1334098705932691,0.0,0.6142016142064523,0.3091380533281805,0.25308295088211025,0.5446801240859601,0.3853718266697083,0.012368715644614413,13.62
0.13299090192511998,0.0,0.6122727371965672,0.30816721692828636,0.25228815341779376,0.5429695766943708,0.3841615809791609,0.08014416903685553,21.6
0.13159783709075354,0.0,0.6058592487031207,0.30493919977227757,0.24964546320691408,0.5372820310617407,0.38013753135298417,0.16470969470982488,27.77
0.12631211193224542,0.0,0.5815244606535539,0.29269108965371915,0.2396182672077109,0.5157016980442696,0.3648690242286614,0.32204334784494976,35.57
0.11378478224471024,0.0,0.5238502714682693,0.2636626954593218,0.2158535071498863,0.4645556512163322,0.32868219709577706,0.5221869618456836,45.37
0.14488773978352495,0.10480961404334674,0.48364700543930783,0.33794309931484495,0.2943319039629571,0.5958676772713494,0.42194219963325674,0.013332107148147887,7.32
0.14435948554130124,0.10442748286146102,0.48188365001155503,0.33671097383542187,0.29325878295822255,0.5936951702752924,0.42040381717755343,0.08634274271766483,21.5
0.1426087857291953,0.10316105292137959,0.47603967230292854,0.3326275577965151,0.2897023273896933,0.5864952137282612,0.41530542768841394,0.17715246849091004,31.27
0.13604380821846812,0.09841204682789917,0.4541252458746916,0.31731509001820507,0.27636591719312786,0.5594959803459177,0.39618689457058237,0.34425371218307743,43.5
0.1209355321367709,0.08748294690992894,0.40369259715520306,0.282075823728445,0.24567424051042214,0.49736143818364925,0.3521885600524072,0.5508410235834726,48.67
0.11540374437686327,0.09320243731407435,0.469344716028183,0.23259486155195402,0.3692320356582148,0.614549911459793,0.4352531547913403,0.012698456252795748,7.4
0.11502183904160283,0.09289400271117894,0.46779151468194147,0.23182513593290677,0.36801013696568663,0.6125161829075904,0.4338127725671646,0.0822668163322765,23.51
0.11375339753609563,0.09186958326498196,0.46263278849489076,0.22926860730419316,0.3639517830386048,0.6057614574079067,0.4290287582362486,0.16897761355363794,31.12
0.10895951254537624,0.0879979431570204,0.4431361542930281,0.2196065896484132,0.3486138412465744,0.5802329824654101,0.4109482914612399,0.329707535041403,39.15
0.09771058001540028,0.07891307390397795,0.39738697108922694,0.19693450115990843,0.3126231003962485,0.5203299825442059,0.3685221691708043,0.5322036113888516,48.15
0.3427976294096439,0.0,0.38314133256495414,0.32289529327626476,0.3389741667880475,0.37113771634702497,0.6153088992878387,0.013394116012901575,22.5
0.34153621563297026,0.0,0.3817314635523158,0.32170711536481533,0.33772682244479957,0.3697720177882293,0.6130447088271047,0.0867413875276157,34.67
0.3373566480273287,0.0,0.37706000446221455,0.3177702074284454,0.33359387249092565,0.36524691305180723,0.6055425415940483,0.17795053076643605,34.74
0.32169585173235543,0.0,0.35955609589721693,0.30301865438732933,0.31810775205167924,0.3482913927260042,0.5774319990945966,0.3456641986579797,45.08
0.2857241051008569,0.0,0.31935085012927894,0.2691353755028154,0.2825372235642966,0.3093457561391353,0.5128640618442531,0.5526221986736318,48.97
0.30772178154002744,0.0,0.3746778942520578,0.2545428869684859,0.4109944299990122,0.38688576727555324,0.6175494461052328,0.012936870677935012,23.14
0.3066650392904148,0.0,0.37339121912990514,0.25366876547584477,0.4095830408657443,0.38555716929978495,0.6154287298281519,0.08380088850642953,41.89
0.303158062100764,0.0,0.36912117096486347,0.25076784603517716,0.4048991082436639,0.38114799308208064,0.6083907755756648,0.17205761137230752,48.28
0.2899424454162467,0.0,0.3530300141874118,0.23983608421087366,0.38724827826615665,0.36453254917225775,0.5818691016056955,0.3352088607267579,51.04
0.2591564936562962,0.0,0.3155454542052213,0.21437040219177025,0.34613043918360836,0.32582665546415407,0.5200865155240961,0.5393097763066634,55.64
0.35515801832856786,0.0,0.3836868522338846,0.3524998306451508,0.3234177465849423,0.3597578756033269,0.6067817597601142,0.013497369841426165,22.95
0.35383100735550393,0.0,0.3822532462420196,0.35118275171371993,0.32220932983393774,0.35841367774227756,0.6045145828644716,0.0874050991042303,35.23
0.34943569902413174,0.0,0.3775048752881604,0.3468203401603122,0.3182068277286261,0.35396144322605383,0.5970052693015971,0.17927864611998032,39.94
0.3329880212049331,0.0,0.3597360022701588,0.33049576533286235,0.30322906959754214,0.33730074200159577,0.5689046763934912,0.34800768019621603,48.72
0.2953297246982601,0.0,0.31905272186687517,0.2931193231411323,0.2689362738055905,0.29915471107755987,0.5045660827403764,0.5555714035117094,52.04
0.2527968449426926,0.0,0.36902207463295883,0.13799467412996258,0.4147280006079757,0.44048321613710467,0.6439680358305324,0.012422728128810333,21.02
0.25199603013264904,0.0,0.367853079257775,0.13755753189119985,0.41341421710287735,0.4390878447544509,0.6419280612398501,0.08049193858339432,33.36
0.2493338044212399,0.0,0.3639668754747012,0.1361042978937993,0.4090466802109112,0.4344490774323736,0.6351463774624979,0.16540942944012652,33.94
0.23923896413774257,0.0,0.3492308572884417,0.1305938090440234,0.39248550466229715,0.4168594286554147,0.6094310467555012,0.3233031518819613,44.14
0.2153527545886263,0.0,0.31436278524058575,0.11755500033706537,0.3532987817004112,0.3752391528726821,0.5485839446080519,0.5238427788576374,45.37
0.2512248848934902,0.0,0.36934646744727073,0.2287943732531113,0.4332532105370077,0.40620243550048096,0.6286935332300619,0.012572079770047099,15.36
0.250409892538672,0.0,0.36814827982594395,0.22805214715912484,0.4318477046515625,0.4048846843565934,0.6266540042903896,0.08145341750682374,28.68
0.24770187342335773,0.0,0.36416699710212036,0.2255859124288016,0.42717755433423654,0.40050612145869857,0.6198771513270245,0.1673429928251306,30.85
0.23745171024649045,0.0,0.34909738502233345,0.21625093090104516,0.4095004993450832,0.38393275832038504,0.5942259850160858,0.3267777422229179,42.03
0.2133071401268649,0.0,0.3136004568995585,0.19426209890166918,0.3678616603988593,0.34489369898968986,0.5338038850984606,0.5283905769345222,51.06
0.25495507617616836,0.0,0.3668501061670755,0.14018544466433402,0.4773916997935641,0.40345696987057295,0.624444281289704,0.01248710683564655,21.78
0.2541390719985618,0.0,0.36567597296809223,0.13973676990091535,0.4758637693548814,0.4021656734671572,0.6224456972651881,0.08090641551405932,42.29
0.2514269266596575,0.0,0.3617735176005039,0.13824551384894374,0.47078540146024866,0.3978738038692096,0.6158030225151664,0.16624313472087252,50.6
0.24115068907482287,0.0,0.34698723091213923,0.1325951892626979,0.4515436173715219,0.3816120383070967,0.5906341265305641,0.3248025014292134,55.83
0.21688243068855173,0.0,0.3120680863356965,0.11925144006526035,0.40610241535346087,0.34320841779712274,0.5311955172137733,0.5258086605230424,60.95
0.24251861859287288,0.0,0.45862830613195327,0.11655774763800195,0.398326872866972,0.6094729234168873,0.43241824380709903,0.012329165112549136,23.52
0.24176183824589226,0.0,0.4571971546159852,0.11619402870700786,0.3970838922215725,0.6075710606521442,0.43106888089843737,0.0798894973636259,42.22
0.23924522884904337,0.0,0.452437980612895,0.114984511991618,0.39295046462293814,0.6012465759791931,0.42658168803032737,0.16419715843172775,52.5
0.22969194879662735,0.0,0.4343717196640851,0.1103930756230398,0.37725959440860024,0.5772382521830698,0.4095478924115339,0.32111977381208234,60.32
0.20702345293486316,0.0,0.39150320127996446,0.09949828809984279,0.34002752075749376,0.5202701129016635,0.369129258876646,0.5209707371605887,66.42
0.3086054048325762,0.0,0.4737532132906263,0.2496933474687427,0.3498029691296107,0.5733970763000018,0.40823432929286235,0.013123920919725656,23.8
0.30751492404415853,0.0,0.4720791700967787,0.24881103693838086,0.3485669135985216,0.5713709338992254,0.4067918020840212,0.08500405252258318,38.77
0.30389830873209633,0.0,0.46652715092117447,0.24588482511695978,0.3444674948762691,0.5646511661519193,0.4020076132684332,0.1744705493529155,51.33
0.2903009831743972,0.0,0.44565332118830414,0.2348831975305404,0.3290549817516674,0.539386972465766,0.3840205819582218,0.3395011716485457,56.85
0.25880716744142485,0.0,0.3973058322310934,0.20940147831309552,0.2933568699230969,0.48087062252492696,0.3423594297512538,0.5448056155714657,58.61
0.35531404733921934,0.0,0.4681633938746028,0.37607183907791264,0.342718861494532,0.5140552205926153,0.3622932526091321,0.013399534434372683,21.91
0.35400552390184103,0.0,0.46643927748237185,0.3746868704304401,0.34145672264565885,0.5121620972858132,0.360959026687604,0.08677621974002458,36.99
0.3496699461640052,0.0,0.46072670066940224,0.3700980040302987,0.3372748326321363,0.5058895437881129,0.3565382879852,0.17802025000583438,47.4
0.33342569190267246,0.0,0.43932319787265794,0.35290474465804444,0.321606405312806,0.4823879575992062,0.33997495828681235,0.34578733804309214,51.96
0.2961200491957534,0.0,0.39016911451701025,0.31341967007167304,0.28562317444540697,0.42841553366983065,0.30193654483770804,0.5527774819717877,56.74
0.18385681680576074,0.0,0.6294286259928802,0.19688104116532443,0.33274272747437456,0.5291802339799586,0.3746436635267033,0.012116681952848376,17.57
0.1833026072949363,0.0,0.6275313053660418,0.1962875720331458,0.3317397231396547,0.5275850974834868,0.3735143549424262,0.07852102690560456,33.73
0.18145836120096331,0.0,0.621217580886908,0.1943126814772515,0.3284020199959587,0.5222769528278753,0.3697563484398944,0.1614413291576772,40.15
0.17443993514968864,0.0,0.5971901972802751,0.18679707747450944,0.31570012366461114,0.5020763836865728,0.3554549540520067,0.31614228070055594,46.64
0.15768002900194308,0.0,0.5398131313567962,0.16884991712696948,0.28536816763109046,0.45383769876407687,0.3213034183698205,0.5143821172846127,50.08
0.18101323590492463,0.0,0.6190284899815288,0.19277146672926695,0.37644641305049475,0.5194498453465822,0.36768768834039317,0.011950679779380788,17.37
0.180482381091111,0.0,0.6172130743730975,0.19220612872750398,0.3753424142765284,0.5179264625422341,0.3666093761475875,0.07745160929515665,33.7
0.17871491635223005,0.0,0.6111687040653938,0.19032385327729712,0.37166668438960215,0.5128544064537529,0.36301916894084135,0.15928572188125806,45.94
0.17197571935430322,0.0,0.5881220195483242,0.18314689252427138,0.35765143006840583,0.4935150757090557,0.3493300055321515,0.3122353754565448,51.43
0.15580299815324972,0.0,0.5328145988841315,0.1659236261076205,0.32401763055663957,0.4471045605623449,0.31647875881054505,0.5091705623032908,59.3
0.32806846195582196,0.23447161341186337,0.10042075609592252,0.27203293518680377,0.4156523499892767,0.6215657560456599,0.44046228688513134,0.013784389157807648,30.45
0.32679028891500594,0.23355809891762336,0.10002951122460828,0.27097307968622647,0.41403294523168177,0.6191441011638232,0.4387462212284802,0.08924944865325794,47.71
0.32256110448741343,0.23053548683768657,0.09873497076388843,0.2674662584379248,0.4086747025179899,0.6111313949118364,0.43306814954328654,0.18296533237731435,63.14
0.30679305701022197,0.2192660112218628,0.09390841949963066,0.25439146236696664,0.3886970858048061,0.5812569037977099,0.4118980858007609,0.3544877759571892,66.82
0.27101247401233003,0.19369351036543314,0.08295609212021597,0.22472235928529855,0.34336422046811044,0.5134662207486516,0.3638593401091468,0.5636603976306864,66.95
0.20083428477674134,0.12082182876691083,0.4683595633959241,0.10148693447800626,0.4076247299917179,0.6045135686351429,0.42854515264208676,0.01272298076804882,27.42
0.20016710750852032,0.12042045517799504,0.4668036594605027,0.10114979196381635,0.4062705889190543,0.6025053571797488,0.42712151332389486,0.08242464529090057,35.96
0.1979513605893096,0.1190874626804178,0.4616363830622968,0.10003011579567724,0.40177338247505845,0.5958359327893196,0.42239349787192676,0.16929466656512068,55.51
0.1895797642939227,0.1140511135569036,0.4421132364531755,0.09579972432815105,0.38478191270036216,0.5706373290881493,0.4045299791193757,0.33027499109334807,61.99
0.1699503150383666,0.10224204440628501,0.3963359913316323,0.08588043872085278,0.34494086184802863,0.5115524550438104,0.3626441759217107,0.5329398429752856,63.53
0.21805602768646645,0.13303853883298744,0.5153530870278481,0.23774162664579368,0.36747451403198045,0.5245424951340761,0.4497309619646021,0.014217763935761152,18.02
0.21715254681436957,0.1324873145611221,0.5132178025257603,0.2367565815890043,0.3659519411504439,0.5223691357640841,0.44786757242185127,0.09203255662860867,38.6
0.21416789960072433,0.13066634630609067,0.506163894539081,0.23350248725799996,0.3609221247494581,0.5151894475291341,0.4417118688774041,0.18851735980217235,52.2
0.20310266684848544,0.12391531808264045,0.4800123502866682,0.22143831062577174,0.34227466486760455,0.4885715876209262,0.4188903132303301,0.36417616872074,53.96
0.1783333277990202,0.10880325394957345,0.4214725544451356,0.19443285235415653,0.30053263679038433,0.42898795195775674,0.36780464136823204,0.5755736659958701,56.63
0.1993270238590263,0.0,0.4631807211653567,0.23139336681279885,0.38186684364478474,0.6028971333637231,0.42746307148477003,0.012551881080612393,15.34
0.19868245812330654,0.0,0.4616829291624003,0.23064510783199027,0.3806319971184303,0.6009475390397504,0.4260807799929778,0.08132339761443075,26.05
0.19654058091607404,0.0,0.4567058005709693,0.2281586603413999,0.3765286303357152,0.5944690816622356,0.42148745696019935,0.1670816046116764,30.22
0.18843136373236619,0.0,0.43786222888400755,0.21874488879137938,0.3609931494439589,0.5699414300712549,0.4040969856755008,0.3263085990549059,37.27
0.16931817565492657,0.0,0.3934484807324335,0.1965569041712261,0.3243764746859843,0.5121304715858672,0.36310815273518265,0.5277781579277646,46.23
0.47700758576130803,0.0,0.0,0.6610489297468614,0.0,0.44886466452108315,0.36583377960452396,0.012815391189563454,16.28
0.47539996668388657,0.0,0.0,0.6588210514021721,0.0,0.44735189319541796,0.36460084037921003,0.08301930351156384,25.62
0.47006260590596344,0.0,0.0,0.6514244046082058,0.0,0.4423294308142656,0.3605074319622679,0.17048887865558254,31.97
0.4499194878155638,0.0,0.0,0.6235095725323773,0.0,0.4233747344657255,0.34505897109079114,0.33241000004529636,36.3
0.40282131850489494,0.0,0.0,0.558239762690331,0.0,0.3790553051773006,0.30893773988672885,0.5357031838621499,43.06
0.6968435223178979,0.0,0.0,0.09671649651548565,0.13880145650207568,0.3678339470456535,0.5658729749802216,0.17399754011510202,67.57
0.6618302520831704,0.0,0.22914839328771663,0.11344876111356444,0.06681488430405474,0.6709805019989659,0.10406450791216333,0.17633101045656552,57.23
0.6686297992882545,0.0,0.21790086501780534,0.4885555943722699,0.0,0.483762090485678,0.07453327023942373,0.16488137302964942,64.02
0.7586029148580674,0.0,0.0,0.27655930855417454,0.2977898254534981,0.0,0.4756029009952889,0.18209795946720875,41.37
0.7163185262174376,0.0,0.0,0.3182749193072951,0.17660991527342398,0.11782551033503129,0.5581326168576799,0.17030241829937315,60.28
0.752225894905761,0.0,0.0,0.44315855097872037,0.24147357291697907,0.26754775421906096,0.2776362819045462,0.1754807952253823,56.83
0.7444002008248405,0.0,0.0,0.36948194304350573,0.18353351419154526,0.1564569855717171,0.4688993699466332,0.1769787458275615,51.02
0.43796074746965225,0.0,0.4606962562053293,0.20664826732046804,0.6134237481147616,0.20098543793608956,0.3360198975784196,0.15379409684877238,55.55
0.5987891812506441,0.0,0.0,0.475620777214404,0.0894303352875646,0.6193518668092682,0.03603711288624842,0.14947641755207228,44.13
0.5444364941319829,0.10012309039979446,0.0,0.49456372208807475,0.09299215174417108,0.6440193095124374,0.03747239299913282,0.1554297393438288,39.38
0.4331714369320432,0.032336073179823926,0.5078341527786128,0.2535554457184969,0.6053171346001514,0.31035700469506305,0.0714610506125179,0.1459246663768222,55.65
0.3591900054573151,0.0348394547027504,0.5547877846708585,0.2685019293041812,0.5516290534536918,0.3860668776566657,0.11254008828995256,0.15452657443116188,47.28
0.36921820209541745,0.03586153066144647,0.5504010162550464,0.4270954278818881,0.4825789630835993,0.3363712539839817,0.07745094469242955,0.15815613075849053,44.33
0.53101709335321,0.0,0.0,0.36360420045133834,0.0,0.7118233394494707,0.2208789049275461,0.17416335651870823,52.3
0.16377724847720662,0.4279357082188434,0.0,0.4557636406410368,0.0,0.7319840289083317,0.13763802252977195,0.1660804099203778,49.25
0.7577788671215973,0.0,0.0,0.27625889042006224,0.30109398359825296,0.0,0.4750862677391445,0.1819001518812165,41.37
0.07795726642469544,0.2692571050560442,0.47223930367234734,0.4471115052194505,0.20480702026296405,0.07386756667175053,0.6470251673284805,0.18016858173508865,29.16
0.10392925996178115,0.29365733101317915,0.478516253538553,0.42632598837796293,0.227285459139386,0.05247510850315667,0.6372673897744937,0.1780740985667957,39.4
0.26489039664030467,0.4008094173606588,0.0,0.5385451094644746,0.2346530107630178,0.45991805124915497,0.4156878822179765,0.19942665079375121,39.3
0.2934771628587494,0.4569894119742095,0.41234736505235786,0.27341132447385824,0.3733516187646009,0.14896364005727153,0.5097377656583363,0.19706228298702994,67.87
0.6697509730759509,0.0,0.0,0.2710058315489202,0.3380725921620021,0.5555542355225215,0.15236332028821625,0.1784413230809966,58.52
0.3674757138269435,0.4884860769097049,0.0,0.31181026512914445,0.3024635057209232,0.5880592103654575,0.2280268242447701,0.1995576889248948,53.58
0.4930197478941587,0.29573218794222966,0.0,0.2760724003311028,0.34622222649352863,0.6425687704883125,0.15259424056566634,0.19289524047496595,59.0
0.33045623734356755,0.44021150818164684,0.5017369880024701,0.2882982227809923,0.3937159658795854,0.07053123952712043,0.4075969774971351,0.18982734069194296,76.24
0.722115845732546,0.0,0.0,0.18703237508823337,0.3236295349914387,0.5359539250026176,0.1381085711054001,0.18030788378094442,69.84
0.10763982655696581,0.0,0.5370489868548399,0.27125012329033493,0.0,0.4450960469240118,0.6543292313754704,0.012577362686928384,14.4
0.11740240797517824,0.3065918592478277,0.5388480240008742,0.38744404633147683,0.29915985277191515,0.4859393577497523,0.3548607636309568,0.013718088486895583,19.42
0.14801865750140877,0.3236671304071252,0.5056087480926761,0.44558776021055985,0.13895916834259428,0.5115849556545591,0.3713583700480687,0.014337057051220048,20.73
0.12279200339299454,0.31226443541502946,0.5285186624361004,0.3936262156998176,0.29024769285554025,0.49079141125732617,0.3575311323864401,0.013821318707406681,14.94
0.11962611330686669,0.02958784113107973,0.6412355872587479,0.21803187489251738,0.13807626380377877,0.4441789271072312,0.5563962037722641,0.012508651076300519,21.29
0.12504501983213162,0.11218095171911577,0.6641816289130384,0.28525697054086613,0.22529707398796234,0.45693390284860946,0.4353817814416947,0.01287411851359785,23.08
0.1159042666776756,0.17213867235777086,0.6518228186218629,0.2846405507809891,0.27918687334360814,0.468382826226957,0.39184329241854665,0.013126326775648848,15.52
0.1264380367084745,0.21058198344463958,0.6163519651401362,0.3446755308279417,0.3385375683835344,0.46233591161446125,0.33533186708689017,0.012963146948412219,15.82
0.15113582862059877,0.0,0.4690704543291745,0.29257951669882903,0.3358333017657002,0.6058529009243919,0.4376386606960207,0.012599806415451957,12.55
0.270700809867518,0.0,0.38314820856101706,0.5131356571276239,0.1921257368308843,0.34443849393816384,0.6007319335262815,0.013464337352029631,8.49
0.1819335322151347,0.0,0.6221757163840452,0.22639832373531507,0.37836031864524455,0.5040160291203867,0.3622270059128881,0.012011438687150622,15.61
0.1627576713074944,0.0,0.3862378375690579,0.3276149151625871,0.26097856182065404,0.44039626534828735,0.6743686037445702,0.012924652585403821,12.18
0.2643181129154087,0.0,0.4581293271689813,0.5048063471878814,0.20336965783202318,0.5464907205694058,0.3538969697050103,0.01302367266904582,11.98
0.1072903427909714,0.0,0.5353053023056068,0.27036943147164466,0.0,0.44365091413549035,0.6522047626607209,0.08148742321619198,16.88
0.11694936578343176,0.3054087570416564,0.5367686723587577,0.3859489449706406,0.2980054298114338,0.48406417447636174,0.35349139735565704,0.08882348789794059,33.09
0.14739509593796157,0.322303610528753,0.5034787586252993,0.4437106225233248,0.13837377189508088,0.509429790081726,0.3697939402002695,0.09279828353281218,34.24
0.1223110471480955,0.311041346564593,0.5264485410583198,0.3920844460294352,0.2891108399938792,0.48886906136755726,0.3561307412688138,0.08948668856953405,31.81
0.11924192440059904,0.029492817394131836,0.6391762074785415,0.21733164795016438,0.13763282075187402,0.44275241067636867,0.5546092925112553,0.08104511047758436,29.75
0.12461973940944936,0.11179942222975225,0.6619227349222091,0.2842868063138738,0.2245308344769182,0.45537986220307086,0.43390103995924106,0.08339716709142676,33.01
0.11549456071446251,0.17153018534874043,0.6495187127989908,0.28363438479271236,0.27819998537012397,0.466727156056458,0.3904581791854386,0.08501952536627659,32.9
0.12600208146530384,0.20985590194108344,0.6142267987120863,0.3434870980685535,0.33737029916780503,0.4607417887537975,0.33417565105044683,0.08396992718609582,29.55
0.15064337823929574,0.0,0.46754206806761994,0.2916261961270308,0.334739046095035,0.603878832334589,0.43621268958579695,0.08163188858594649,19.42
0.2696942815396303,0.0,0.3817235747526261,0.5112276998695685,0.1914113688290626,0.343157791817127,0.5984982730179998,0.08719277987092071,24.66
0.1813945634943732,0.0,0.6203325528623704,0.22572763035933047,0.3772394456844206,0.5025229075877541,0.36115392706027016,0.07784306022059471,29.59
0.16219979771765006,0.0,0.3849139559526191,0.3264919714184301,0.260084023050311,0.43888674850935605,0.6720571155620036,0.08372228551524295,24.28
0.26339826475550804,0.0,0.45653500049214185,0.5030495807504805,0.20266191516742463,0.544588889180804,0.352665379963441,0.08435927010663735,20.73
0.10612911462055298,0.0,0.5295115693316832,0.2674431606435557,0.0,0.4388491777822967,0.6451457998167098,0.16741135247467784,26.2
0.11544999218262664,0.30149320072636215,0.5298869182621659,0.3810008064709485,0.29418478938843845,0.47785812932645116,0.348959387577269,0.1821143934309381,46.39
0.14533608274956183,0.3178012396695022,0.496445489319481,0.4375122750288253,0.13644078070940052,0.5023133887546188,0.36462816046372293,0.19004251598809357,39.16
0.1207198856041258,0.3069949661208144,0.5195998982501466,0.3869837645533351,0.2853497565817976,0.4825092952742888,0.3514977865738365,0.18343912923115563,41.2
0.11796509039320958,0.029177010412553425,0.6323319543140168,0.21500447619090546,0.13615905834027003,0.43801144949474585,0.5486705758304214,0.1665220539283442,33.69
0.12320807259947666,0.11053298133937837,0.6544246101461179,0.28106646376711353,0.22198739530469264,0.4502214126633083,0.42898589810590604,0.1712474192350486,38.2
0.11413576877321815,0.16951213504325247,0.6418771339473198,0.28029743010037006,0.27492696631332364,0.4612361173920718,0.3858644440000925,0.17450156451352009,41.41
0.12455542061023406,0.20744649477087632,0.607174709925154,0.339543438303424,0.33349686787370664,0.4554518990763124,0.33033889829628493,0.1723967608596039,37.81
0.1490072378548056,0.0,0.4624640854310494,0.28845883887418994,0.33110343941930176,0.5973200936998786,0.43147497588075334,0.16770174204354243,24.85
0.2663600802857375,0.0,0.37700436745495985,0.5049074470699948,0.18904497076412835,0.33891536912567055,0.5910991035548679,0.17885386721889235,27.22
0.1796004302625998,0.0,0.6141969817272647,0.2234950086359694,0.37350825433667556,0.497552565418384,0.3575818339950643,0.1600749661442895,44.64
0.16034832293292686,0.0,0.3805202483539519,0.3227651378403263,0.2571152215020793,0.4338769534316289,0.6643857323613732,0.17189989094710448,37.27
0.26034650215100247,0.0,0.45124553344328683,0.49722119042235313,0.20031385089813453,0.5382792196453047,0.3485793582902338,0.17317773809173698,33.27
0.10173401168169724,0.0,0.507583016899596,0.2563675926853762,0.0,0.4206752081050648,0.6184285110604373,0.3269004056838852,36.56
0.10985497300477777,0.2868820239894539,0.5042071636453077,0.3625364759094638,0.2799277980509593,0.454699830678469,0.33204787092080423,0.3529953714399222,53.72
0.13771456452867223,0.30113553702402673,0.4704115666283984,0.4145688482286069,0.12928573788331174,0.475971749620261,0.3455068237918626,0.36682262931177734,48.59
0.11479024099144358,0.2919156688048084,0.49407765125669917,0.36797549443117766,0.27133365112926217,0.45880890300689836,0.3342325535420381,0.3553178764787957,51.72
0.11312845060422524,0.027980735404289712,0.6064059631594553,0.20618916311066787,0.1305764549022185,0.42005271613053236,0.5261747516059768,0.32530371169019595,35.85
0.1178842839772539,0.10575688009844846,0.6261470937456765,0.26892165531161544,0.21239537795984043,0.4307674630669231,0.41044952954461467,0.3337641653654635,53.77
0.10902729503579932,0.1619251331826627,0.6131480815506536,0.26775191456458014,0.26262182128985223,0.44059217187199473,0.36859397393128507,0.3395562427165359,53.46
0.11910561578390018,0.19836986925855818,0.5806083537732797,0.3246870357498449,0.3189050273002421,0.4355240312598147,0.3158852316999956,0.33581309943987203,48.99
0.1428163228050762,0.0,0.4432497445193398,0.2764740239583278,0.3173468374204411,0.5725027894478818,0.413548162658669,0.3274213401956932,31.72
0.25387794510270006,0.0,0.35933723252197686,0.4812465328575904,0.18018596727449188,0.32303315641385016,0.5633990859350011,0.3472586700842633,39.64
0.17276435285900688,0.0,0.5908189859061984,0.21498818503806225,0.35929152148256666,0.47861437109121474,0.34397130370994833,0.3136672012943042,51.26
0.15337021882421942,0.0,0.3639606120576883,0.30871891214045893,0.24592597579774242,0.41499531815140733,0.6354727214613665,0.3349277575150206,43.39
0.24885859223266202,0.0,0.4313341154045559,0.4752810752379018,0.19147490950464136,0.5145273999161759,0.3331981327529361,0.3372033504823117,39.27
0.0913828693640366,0.0,0.45593790865011447,0.23028292941833423,0.0,0.377872718783881,0.5555051934258765,0.528550617762219,37.96
0.09713251041910807,0.25365780375730945,0.44581420609913386,0.32055060467814417,0.24750895673699036,0.40204038864059627,0.29359292892871547,0.5618060446569781,55.02
0.12071813082016883,0.26397004033294996,0.4123543884695249,0.3634036575993971,0.11332957172972269,0.41722834570195694,0.30286511885301187,0.5787903127625122,49.99
0.1013503356219616,0.2577375110562058,0.43622990374163884,0.3248920774026167,0.23956528333739435,0.4050905016355815,0.29509983762291964,0.5646895964381439,53.66
0.10171372148090775,0.025157462270031322,0.545219234522591,0.18538455178167743,0.11740121158693317,0.3776691428867146,0.4730834007651233,0.5264646665936691,37.68
0.1054586239720288,0.09460951599713843,0.5601477031768302,0.24057581527080707,0.19000772233545296,0.38536217360174096,0.36718586341919585,0.5374504146059955,56.06
0.09719604052656668,0.14435359330820807,0.546611431234863,0.2386964285460772,0.23412303475811067,0.3927806755078822,0.3285954660831487,0.5448758512363262,56.81
0.10642043578448264,0.1772427588243088,0.5187714586083826,0.2901066890142476,0.28494048543210326,0.38913914256886944,0.28224230901411324,0.540086015833751,50.94
0.1282456766636107,0.0,0.3980277765199178,0.2482671279167455,0.2849699467307301,0.5140939507646993,0.3713564592020771,0.529229901071356,33.56
0.2252697441787506,0.0,0.31884536646686856,0.42701733425440075,0.1598817366199559,0.2866322101242989,0.4999125383174918,0.5546301752827042,41.16
0.15638868489736413,0.0,0.534817528553881,0.19461028256223922,0.3252356612320809,0.43324835725237326,0.3113675879278831,0.5110846105075557,52.96
0.1371085541148781,0.0,0.32537029454974886,0.2759858073881303,0.2198507325569148,0.3709938505166821,0.568094292927068,0.5389483672395227,44.28
0.22216845926923243,0.0,0.3850734466909445,0.4243070864385049,0.17093918780023806,0.4593442350759142,0.29746256748047795,0.5418688046771093,40.15
0.6269611892847863,0.05600341275978118,0.31516379995514127,0.2750782987536013,0.41900773578319245,0.38521746679386015,0.2683683007602441,0.1811228020442125,57.03
0.6269611892847863,0.05600341275978118,0.31516379995514127,0.2750782987536013,0.41900773578319245,0.38521746679386015,0.2683683007602441,0.1811228020442125,44.42
0.6269611892847863,0.05600341275978118,0.31516379995514127,0.2750782987536013,0.41900773578319245,0.38521746679386015,0.2683683007602441,0.1811228020442125,51.02
0.6389406304387295,0.057073478338068605,0.321185681787608,0.2803342609231333,0.37915878672015213,0.392577874509356,0.27349605399519084,0.18458354249483136,53.39
0.6374459006079369,0.05693996134673182,0.3204343039648176,0.27967845041049255,0.42601482845006927,0.39165948267139233,0.2728562406995017,0.013640868891258377,35.36
0.6374459006079369,0.05693996134673182,0.3204343039648176,0.27967845041049255,0.42601482845006927,0.39165948267139233,0.2728562406995017,0.013640868891258377,25.02
0.6374459006079369,0.05693996134673182,0.3204343039648176,0.27967845041049255,0.42601482845006927,0.39165948267139233,0.2728562406995017,0.013640868891258377,23.35
0.6369719829831952,0.05689762857589026,0.3201960728238282,0.27947051975036347,0.4256981020652713,0.39136829822490327,0.272653382101831,0.040892182218092564,52.01
0.6369719829831952,0.05689762857589026,0.3201960728238282,0.27947051975036347,0.4256981020652713,0.39136829822490327,0.272653382101831,0.040892182218092564,38.02
0.6369719829831952,0.05689762857589026,0.3201960728238282,0.27947051975036347,0.4256981020652713,0.39136829822490327,0.272653382101831,0.040892182218092564,39.3
0.5968835654489437,0.05331672399610558,0.3000442385153986,0.2618817855774785,0.3989064005225973,0.36673717445799925,0.25549369075617195,0.35125378863750867,61.07
0.5968835654489437,0.05331672399610558,0.3000442385153986,0.2618817855774785,0.3989064005225973,0.36673717445799925,0.25549369075617195,0.35125378863750867,56.14
0.5968835654489437,0.05331672399610558,0.3000442385153986,0.2618817855774785,0.3989064005225973,0.36673717445799925,0.25549369075617195,0.35125378863750867,55.25
0.6071924656383829,0.05423756822422623,0.3052263649573371,0.2664048003582921,0.3603188584500948,0.37307116846636307,0.2599063754228301,0.35732036586937277,54.77
0.47524191143771904,0.04269931480170894,0.34310318485868946,0.21541253084997,0.4725935045009145,0.2908748076064032,0.5222886515683507,0.16571460547434663,50.24
0.4781967448150544,0.04296479930029566,0.3452364410343149,0.21675186587226675,0.4622302805085361,0.29268333200094004,0.5255359997148744,0.16674494188951303,46.68
0.4945014215474686,0.04442973433186998,0.3570076808604888,0.22414227398882916,0.39889859849144704,0.3026627121723522,0.5434547636535774,0.17243030550553928,46.68
0.4818675198491008,0.043294609392740636,0.34788657473416246,0.2184157152113805,0.4791821900171245,0.29493005299944053,0.5295701644141596,0.012446290649795442,22.75
0.4849484775331302,0.04357142584952815,0.35011088695992426,0.21981221849988605,0.46875658028375067,0.29681577257092023,0.5329561225874672,0.012525869565650072,25.51
0.5019786306028767,0.045101543142522196,0.36240588791887646,0.22753146271052058,0.4049302256675552,0.3072391851076727,0.5516721816486138,0.012965746142064577,34.77
0.48156921240466183,0.04326780720385275,0.3476712102391741,0.21828050162850524,0.47888554496711266,0.2947474720476759,0.5292423259193654,0.037315756750684104,36.84
0.48464441510556727,0.04354410658958619,0.34989136762717626,0.21967439636029495,0.46846267016681986,0.29662966924545775,0.5326219593929711,0.03755404755705237,45.9
0.5016414190368214,0.04507124551416232,0.36216243640607787,0.22737861508675747,0.4046582078022199,0.3070327926430386,0.5513015877050039,0.03887110863124772,41.67
0.4559338805582714,0.040964535799940076,0.32916365905372147,0.20666079473964116,0.45339307255516037,0.2790572055975075,0.5010692153827685,0.32385219468225734,56.34
0.45854106311460324,0.04119878472883095,0.33104592704620406,0.2078425503452196,0.4432308804404743,0.2806529481156149,0.5039344968930201,0.3257040899434112,47.97
0.4728571027680736,0.04248504561863336,0.3413814607637783,0.21433157048271795,0.38143881364515814,0.28941517042738707,0.5196677579258907,0.3358728469905025,61.46
0.42340787481354963,0.04071111969662339,0.35533432827713557,0.12884166134605296,0.434501762399654,0.3537220764999491,0.5784757701837632,0.16631419694904967,44.03
0.4282212545825497,0.0411739313058958,0.3593738352601211,0.13030635740632474,0.41260515210023224,0.3577432551037323,0.5850519907377276,0.16820488778999015,55.45
0.6166363763144889,0.05276839972579312,0.4267874820631687,0.5702032508861928,0.12252535891081784,0.16348587133739953,0.20769968248414997,0.15753260431390867,55.55
0.6470674779613566,0.05537252850813272,0.44784951107595466,0.5332269595882644,0.12857200454275253,0.044476943431940474,0.217949694310364,0.16530686298353897,57.92
0.6243895912592166,0.05343187784852185,0.4321536511885322,0.5773726436371136,0.12406591908583253,0.16554144436161972,0.21031117337911787,0.011815801817698339,25.61
0.6240411910325494,0.05340206364499528,0.4319125157946422,0.5770504781770698,0.12399669212411461,0.16544907466560657,0.2101938228314764,0.035427626321175604,33.49
0.5938646949815228,0.05081972262991986,0.4110267048665201,0.5491462921614946,0.11800063650472116,0.15744852370833448,0.20002956900372965,0.3090492860837935,59.59
0.6560433355714755,0.05614063376504835,0.4540618978502739,0.5406236677000987,0.13035550324223785,0.04509390955182057,0.22097300407159984,0.012414809832594085,29.55
0.6556392519303621,0.056106054476644435,0.4537822227510453,0.5402906757035776,0.13027521201217238,0.04506613438793164,0.22083689785539196,0.03722148914633497,37.92
0.6209000304582571,0.053133260144011714,0.4297384500668452,0.5116632294557844,0.12337254499049599,0.04267829317985173,0.2091357956391599,0.3231185702132038,61.86
0.575131514332325,0.050310080341426845,0.5160743173853711,0.39387996712984913,0.30089298050353364,0.04775801376596775,0.3476985552485278,0.17750157337267278,62.05
0.5750399828502143,0.050302073553233184,0.5159921847844401,0.39381728161137786,0.3008450937510677,0.18418016495341547,0.3476432194456783,0.013146172163912206,32.01
0.588970807532454,0.05152068336945835,0.5284925271571725,0.3238000764079409,0.32263370927222573,0.04890720684388544,0.356065167286701,0.18177276397199235,72.1
0.5839428035884083,0.051080854780556184,0.5239808222017474,0.3999143961883693,0.30550280455294176,0.04848968932729823,0.353025463038955,0.04004910715147809,39.0
0.5485580824504139,0.04798554854372418,0.49222956991928163,0.37568109919209525,0.28699049225188883,0.04555139789811948,0.3316334577132938,0.3448709276640345,65.7
0.5988928190703783,0.052388619111426914,0.5373957000905292,0.3292549275703617,0.3280689113993633,0.049731115031501245,0.36206356763675046,0.013691479448448549,32.11
0.5984442578527289,0.05234938086706782,0.5369931992390976,0.3290083208545603,0.32782319299085305,0.049693867215526065,0.36179238777017986,0.04104367424283553,40.29
0.5605270503191834,0.04903254339633767,0.5029695081225523,0.3081624749492668,0.30705243635005214,0.04654528211068034,0.338869355472467,0.35239565327493944,74.36
0.17339720066172373,0.0244205703825836,0.5351656331067833,0.5935556648589887,0.05842151837679615,0.31129838135077725,0.44789830755543747,0.17231893235508783,21.97
0.1760156252551979,0.024789338862307612,0.5432470257126693,0.6025187896645309,0.059303726047520516,0.3159992146660033,0.45466189969765763,0.012957116615424655,9.85
0.17589754134005295,0.024772708394515498,0.5428825766156418,0.6021145768139455,0.059263940851494765,0.3157872197115986,0.4543568798614602,0.03884527215476128,15.07
0.16581677591226843,0.02335297358507189,0.5117697374707584,0.5676071256962703,0.05586749834582582,0.2976893153136592,0.4283174873179983,0.3356744648509703,23.25
0.349920905115797,0.03692417464546364,0.5933960288575875,0.43234822877141216,0.20957671434139402,0.10036863682068557,0.49663330489384916,0.19106864086708908,43.73
0.3564515576922601,0.03761329882397584,0.604470712444838,0.44041724103354296,0.21348809171116667,0.10224183927034255,0.5059020839943407,0.014417377622052818,13.4
0.356155557610302,0.03758206445483269,0.6039687553722324,0.4400515152101361,0.21331080957764845,0.10215693687014125,0.5054819790597611,0.04321621596638073,24.13
0.3313876391271697,0.034968516837912966,0.5619673080277374,0.4094492690168332,0.1984766602002267,0.09505269651555252,0.4703295402320526,0.36859951180042094,44.52
0.44678362820940415,0.042290105106803824,0.5365500773145796,0.201892426881777,0.37555406056611035,0.31210369322862613,0.4490569959674289,0.17276471200354487,62.94
0.44678362820940415,0.042290105106803824,0.5365500773145796,0.201892426881777,0.37555406056611035,0.31210369322862613,0.4490569959674289,0.17276471200354487,59.49
0.45356613994203687,0.042932100730526036,0.5446953113042761,0.20495730586927102,0.38125525385342046,0.31684166218600485,0.45587401913360087,0.012991660026459939,25.12
0.45356613994203687,0.042932100730526036,0.5446953113042761,0.20495730586927102,0.38125525385342046,0.31684166218600485,0.45587401913360087,0.012991660026459939,23.64
0.45326023226680207,0.04290314517593129,0.5443279415609931,0.20481907241787436,0.3809981162540568,0.3166279683324265,0.45556655490928527,0.03894869340473975,35.75
0.45326023226680207,0.04290314517593129,0.5443279415609931,0.20481907241787436,0.3809981162540568,0.3166279683324265,0.45556655490928527,0.03894869340473975,38.61
0.42715692111498715,0.04043234789835409,0.5129800301059465,0.19302351746611585,0.35905638903237347,0.298393325651744,0.4293304223598107,0.33646830689141155,68.75
0.42715692111498715,0.04043234789835409,0.5129800301059465,0.19302351746611585,0.35905638903237347,0.298393325651744,0.4293304223598107,0.33646830689141155,66.78
0.6058350805661915,0.0,0.0,0.7155827742217908,0.0,0.08637642408587666,0.28451831121262267,0.1802597912437926,23.85
0.30206776142079134,0.0,0.0,0.4545814307228672,0.0,0.23076572006216278,0.6073358202545057,0.5291513717568548,32.07
0.35595561065249876,0.0,0.0,0.5356771937632776,0.0,0.2719335304635951,0.7156824407642624,0.014012363049098505,11.65
0.5788957852239814,0.0,0.0,0.5598301954752583,0.0,0.3535969292771847,0.4756307204024312,0.014644162634098816,19.2
0.48503860446747027,0.0,0.0,0.4690641453660069,0.0,0.29626776614763217,0.3985160485778845,0.5460098437538169,48.85
0.5679628427172134,0.0,0.0,0.5492573229532798,0.0,0.34691894854726546,0.4666480270518473,0.19396253365600408,39.6
0.7101247967360795,0.0,0.0,0.5286786821557319,0.0,0.3233964421311559,0.277094144671322,0.1866954747721506,43.94
0.7221900885803414,0.0,0.0,0.537661135129303,0.0,0.32889107134793916,0.2818020801485253,0.0421927782844057,34.57
0.6125712799114513,0.0,0.0,0.45605135671722963,0.0,0.2789697999360493,0.23902828860145414,0.5308624257149126,54.32
0.7227621742332518,0.0,0.0,0.5380870454628824,0.0,0.329151603673519,0.2820253107488375,0.014075400485268081,24.4
0.4562614387182552,0.0,0.0,0.5558411641135923,0.0,0.3274375166446339,0.6127310717113371,0.01453981666547316,15.62
0.23763371748562756,0.0,0.0,0.43708464710024636,0.0,0.17560839149895474,0.6802847598608163,0.508784400232039,21.86
0.27581251258076195,0.0,0.0,0.507307700282414,0.0,0.20382205102069426,0.7895809183684559,0.0398108026068129,10.22
0.3556763772737426,0.0,0.0,0.535256975769065,0.0,0.2717202091498244,0.7151210156312668,0.04200411268033055,14.6
0.2716989759687922,0.0,0.0,0.49974158669634233,0.0,0.20078219810990625,0.7778049115969348,0.17647674464804397,18.75
0.4477635143188098,0.0,0.0,0.5454885553022791,0.0,0.3213389533520509,0.601318881500344,0.19263164612514988,31.97
0.4558761013127033,0.0,0.0,0.5553717262564721,0.0,0.327160977992806,0.6122135872573856,0.04358261101712629,23.4
0.3497859703651105,0.0,0.0,0.5263925091094278,0.0,0.26722021224404385,0.703277795107964,0.18588814476869625,25.57
0.38309849491614617,0.0,0.0,0.4667103009681452,0.0,0.2749318902733317,0.5144777345646383,0.5432698726334612,41.68
0.5783998429899487,0.0,0.0,0.5593505868049073,0.0,0.35329400143502565,0.4752232457445189,0.04389485077182666,27.74
0.27600700043514825,0.0,0.0,0.507665425844675,0.0,0.2039657751505704,0.7901376875202284,0.013279625000339973,8.2
0.10640241105248287,0.5713022399431854,0.0,0.4758396423615099,0.0,0.5714860253961577,0.3279652262424533,0.04136962010976521,9.62
0.2731555490326097,0.407759843851931,0.0,0.5094369093157683,0.0,0.6118365276379943,0.3511216307889459,0.04429057508469369,15.69
0.14642424828309156,0.6400761219008704,0.0,0.46550431481293725,0.0,0.49327246653250983,0.27510522897153095,0.18211978841154813,27.94
0.16627838468979167,0.6752011095019403,0.0,0.4616067915473781,0.0,0.45628614461310835,0.2501250620118134,0.18059495590223412,32.63
0.31007724602888714,0.44045059665848385,0.0,0.5131200742439479,0.0,0.580251513074828,0.3284527694537345,0.044610790384798156,17.24
0.3461948878774838,0.47204838872237087,0.0,0.5148613264522891,0.0,0.5455737107901502,0.30427439358786945,0.0447621752967758,19.77
0.23130190980365,0.3669371000248171,0.0,0.4945614546030918,0.0,0.6296687825316064,0.3651646700875806,0.19348784662719382,25.75
0.5524457013111642,0.0,0.0,0.47569114782887706,0.0,0.5713076826464316,0.3278628786474757,0.1861051948071736,33.08
0.5345888926768817,0.0,0.0,0.4841105560031824,0.0,0.5988911407799881,0.34555698314879807,0.04208869545543956,24.07
0.19683186882224962,0.7328437763670393,0.0,0.4599634882390049,0.0,0.40578333539530564,0.21534052449060131,0.03998934321313554,21.82
0.10469183253861379,0.5621176986634765,0.0,0.4681898056687186,0.0,0.5622985294893504,0.3226926928124558,0.1831704360873545,21.07
0.3616662509325273,0.0,0.0,0.47403640798483393,0.0,0.6900276465880227,0.4082283124340416,0.04121284645223274,14.84
0.3043031226784764,0.4322487175866117,0.0,0.5035649758283084,0.0,0.5694463222597484,0.3223364651137728,0.1970103045901329,32.05
0.1950383838405665,0.33385272951843975,0.0,0.48810306455154984,0.0,0.6733147753471381,0.3963637192481548,0.04243580516893727,11.96
0.5617711963058862,0.0,0.0,0.48372099656800793,0.0,0.5809515751092035,0.3333973295926556,0.04205482705859191,25.45
0.4667807088901121,0.0,0.0,0.42436932556009,0.0,0.6458087614025346,0.3967274764501801,0.16602649926115584,22.49
0.3558948599862998,0.0,0.0,0.4664718386445328,0.0,0.6790163362932512,0.4017138942921755,0.1824983138728301,25.22
0.2190035522006611,0.761298062411822,0.0,0.4415075158376406,0.0,0.3425841280853197,0.17416591000475584,0.17273149315226213,39.7
0.235531008292066,0.3736461373015781,0.0,0.5036039614369793,0.0,0.6411815767781722,0.37184130045177105,0.04378345710547699,13.09
0.42202371324030635,0.5317478700779884,0.0,0.5007000953955866,0.0,0.44172148428615104,0.23441213033621067,0.19588947412384314,38.7
0.06159331603205684,0.47619971930095956,0.0,0.464259898646327,0.0,0.6404242711463718,0.3770018946598832,0.040362874231914175,7.51
0.24209195041433496,0.0,0.0,0.4518348356536105,0.0,0.719766757656262,0.43350235533979325,0.17677186236022238,17.58
0.44995547528976576,0.0,0.0,0.4818505325090295,0.0,0.6477826288659513,0.3794507124640253,0.04189220843529924,21.18
0.06064963025470208,0.46890375065964207,0.0,0.4571468628240524,0.0,0.6306121792655082,0.37122575937531493,0.17885009285891507,18.2
0.1689175571500143,0.6859179093832581,0.0,0.4689334199240992,0.0,0.46352832361966206,0.2540950499119519,0.04076919136614204,17.2
0.1917432729788882,0.3282123948644344,0.0,0.4798567200220699,0.0,0.6619393384414035,0.3896672814970225,0.1877348964067005,22.63
0.3811594785432501,0.5017519981910826,0.0,0.5144516827243042,0.0,0.5085219264498321,0.27875945804902924,0.044726560766378584,21.86
0.14878866668868046,0.6504118947072597,0.0,0.47302115019184804,0.0,0.501237694372265,0.2795475523877759,0.041124579680257074,12.37
0.14314872384433144,0.4172710038853797,0.0,0.5323831040634915,0.0,0.6020347228150921,0.34078320790251565,0.2082848540402652,25.73
0.19387047204988522,0.7218179134975437,0.0,0.4530431942966325,0.0,0.3996781987276042,0.21210065922893673,0.17724460990173738,37.81
0.22217699431421828,0.7723295516637112,0.0,0.4479051223153996,0.0,0.34754829824866984,0.17668963817263822,0.03894098579817031,21.92
0.3740258349162764,0.49236138836577564,0.0,0.5048233901736948,0.0,0.49900461308362754,0.27354229635343086,0.19750263548164768,33.04
0.4730192455314219,0.0,0.0,0.4300410329304514,0.0,0.6544400127472364,0.40202974976891626,0.037387877301798475,14.54
0.2681397343852086,0.40027235987198695,0.0,0.5000823817554745,0.0,0.6006016886313912,0.3446741651417432,0.19564780530605494,26.91
0.16150678932297818,0.30476950521065355,0.0,0.4872324212048115,0.0,0.6896981363415724,0.4076245516747534,0.04236011121387521,8.0
0.44254237640788535,0.0,0.0,0.47391195671666725,0.0,0.637110291389326,0.3731991924653314,0.18540911982228422,31.9
0.24576978509874603,0.0,0.0,0.4586990615287292,0.0,0.730701376264868,0.440088076159977,0.03987941363181452,10.34
0.27037591330054983,0.0,0.0,0.4563404712855476,0.0,0.7104747025025887,0.4266161399301368,0.17853460736996019,19.77
0.525700683731044,0.0,0.0,0.4760616125373055,0.0,0.5889338265372451,0.33981166611921987,0.18625013214108435,37.44
0.27456768697129236,0.0,0.0,0.4634153469617054,0.0,0.7214895488893247,0.43323018435829236,0.04028944869262438,11.48
0.4299381444879934,0.5417200157816586,0.0,0.5100899859547985,0.0,0.4500053181284886,0.23880818352223956,0.044347353734587494,24.44
0.1587876652565521,0.29963841381935713,0.0,0.4790293889484297,0.0,0.6780863966186976,0.40076179542053525,0.18741121871933428,17.6
0.1461950201878575,0.42615079756609586,0.0,0.5437125568152136,0.0,0.6148464065348974,0.34803529239400877,0.04727050863758375,10.73
0.33970559475495127,0.4632000190043214,0.0,0.5052104442994966,0.0,0.535347136530284,0.29857088438304463,0.1976540631123951,31.38
0.47610231754698173,0.0,0.0,0.609016932588538,0.0,0.4271536173988267,0.46877079857433357,0.014787988163356951,13.22
0.4756863982304626,0.0,0.0,0.6084849000883479,0.0,0.42678045928963587,0.46836128401630384,0.04432520847249072,20.97
0.47396934003272473,0.0,0.0,0.60628848667442,0.0,0.4252399340844091,0.46667066686766384,0.09569128894608145,27.04
0.46693832277469827,0.0,0.0,0.5972946036252417,0.0,0.4189317848797725,0.45974792053066504,0.1957952205486502,32.04
0.3977431765069475,0.0,0.0,0.5087820839905471,0.0,0.35685068183663526,0.3916183131376062,0.5497579869727983,35.17
0.2535750330831698,0.0,0.0,0.5489997748233688,0.0,0.40237763298120327,0.6871660196180349,0.013930247647112554,6.47
0.25256619756881044,0.0,0.0,0.5468156068337882,0.0,0.4007767938078839,0.684432164173267,0.09018637457398763,12.84
0.24922996470007375,0.0,0.0,0.539592533365455,0.0,0.3954827967275166,0.6753912667589829,0.1848359188851795,18.42
0.21553924692229864,0.0,0.0,0.4666508235735069,0.0,0.34202173193722807,0.5840923870864129,0.5269127632964409,21.95
0.34203224084501616,0.0,0.0,0.5415182147209796,0.0,0.41558621742275026,0.6389947387938247,0.09351892337918474,21.26
0.3371813550299876,0.0,0.0,0.5338381111731977,0.0,0.4096921494189948,0.6299321705791008,0.19147691258509647,25.97
0.34350193000933754,0.0,0.0,0.5438450814821125,0.0,0.41737196299772455,0.6417404555173227,0.014449348892589666,11.36
0.28894951713796224,0.0,0.0,0.4574756645118135,0.0,0.35108806280022253,0.5398240258638014,0.5408801957777692,31.25
0.2895297799587866,0.0,0.0,0.5857519001248994,0.0,0.4050249633733439,0.6393945444276533,0.01402189779101598,9.31
0.24565129560226964,0.0,0.0,0.4969807015625649,0.0,0.3436430857581782,0.5424937575058222,0.5294105929438122,26.94
0.4159003173143579,0.0,0.0,0.5797561978941725,0.0,0.4313874732030067,0.5518980737745,0.01493456355676891,12.54
0.407740272154089,0.0,0.0,0.5683812684704317,0.0,0.42292356703038864,0.5410697261672022,0.1976608509323327,27.53
0.3464087208233522,0.0,0.0,0.4828863901782777,0.0,0.35930817205537335,0.459683000473865,0.5535439538895641,32.92
0.25452072360492045,0.0,0.0,0.5427856537735369,0.0,0.4038782724923099,0.6897287576909459,0.04194659862245898,9.99
0.170358279808942,0.0,0.0,0.39846706012178884,0.0,0.7171299301212202,0.5444749277759018,0.03838977528193274,7.84
0.16799196565545643,0.0,0.0,0.39293226460071734,0.0,0.7071688369155532,0.5369120507072961,0.17035439768834057,12.25
0.21848556957770637,0.0,0.0,0.41489344408727546,0.0,0.7056476648754736,0.5297641209675832,0.03922798912688477,11.17
0.21531968205813434,0.0,0.0,0.40888157804446573,0.0,0.6954227280992722,0.5220877621941868,0.17396806449542235,17.34
0.42298493719840485,0.0,0.0,0.4677865578327274,0.0,0.6327570582586839,0.44735143754753703,0.04188885009448726,17.54
0.41601727269013217,0.0,0.0,0.4600808938484581,0.0,0.6223339001046618,0.43998239326248556,0.18539474193893446,30.57
0.3190826653892347,0.0,0.0,0.4468450416124702,0.0,0.6739918929866099,0.492535882487093,0.04073197865851794,14.2
0.314106194298267,0.0,0.0,0.43987596534186146,0.0,0.6634801932460336,0.4848542035796184,0.18043521901060405,24.5
0.37079976147831784,0.0,0.0,0.46185107060723585,0.0,0.6533418630275999,0.4697181127662399,0.041357345436084346,15.58
0.364842050713197,0.0,0.0,0.45443042102464376,0.0,0.6428444942182318,0.4621710619109677,0.1831178207170133,26.85
0.522354450661043,0.0,0.0,0.488523425369149,0.0,0.5773865544905894,0.39157368168272794,0.042255286617330655,26.06
0.5136024896579741,0.0,0.0,0.4803382975072045,0.0,0.567712539839804,0.38501293047714635,0.18696287877289997,38.21
0.5602168215140059,0.0,0.0,0.48815624784365613,0.0,0.536171304748538,0.3542287628950205,0.1868231947218046,43.7
0.5697484814508705,0.0,0.0,0.49646185233787116,0.0,0.5452938486431618,0.36025569385836925,0.042222632938156,30.14
0.26866197720068075,0.0,0.0,0.43189329067877774,0.0,0.6910848102246142,0.5119410140744782,0.04008878469699007,12.73
0.2646002002517199,0.0,0.0,0.4253636945268833,0.0,0.6806366166201631,0.5042012131846703,0.1776721535417238,20.87
0.47212078725410733,0.0,0.0,0.48605362113493666,0.0,0.6035544507162822,0.41810090120214854,0.042041658610185495,20.28
0.4642882898106047,0.0,0.0,0.4779899775765022,0.0,0.5935414650145839,0.4111645952224048,0.18604883827935118,34.29
0.17993379492203865,0.6929382548613215,0.0,0.5875519996282178,0.0,0.3665628008179205,0.07963723852555563,0.03914939877096639,19.54
0.25018501000960885,0.36052066551094886,0.0,0.5595162352115961,0.0,0.3795940956644708,0.2108696867992222,0.5530065015590205,47.71
0.09107651838224735,0.5003533019125798,0.0,0.46600722647416376,0.0,0.28337313017502297,0.38682681261987256,0.5424514651759766,43.38
0.07434863221922429,0.5134963136196123,0.0,0.6270180516273975,0.0,0.41141864280231466,0.364733715440952,0.18800584271485152,29.89
0.1221815330218969,0.6040027358341555,0.0,0.6249282757618926,0.0,0.41917026905428895,0.2319927821000871,0.013879943838466347,6.9
0.03345166662167996,0.38234314235268774,0.0,0.5382080024770984,0.0,0.32502648353218905,0.41763369000345363,0.5319461810583049,33.19
0.16449099450268156,0.3152606241775586,0.0,0.6656682388268327,0.0,0.404557606932803,0.516288485088408,0.014784797117241675,4.9
0.0,0.34727099693948416,0.0,0.4988901935490094,0.0,0.1941199477990156,0.7698432117841304,0.013050080524303571,4.57
0.0,0.30032436487979636,0.0,0.4314465700931376,0.0,0.16787739415911496,0.6657701785455501,0.5022214480726465,25.46
0.03880620812768708,0.44354404598532826,0.0,0.6243578831608033,0.0,0.37705282399250906,0.4844834811579876,0.18720821461941237,24.29
0.12010263368338363,0.593725725414252,0.0,0.6142952206105319,0.0,0.41203815363955426,0.22804546183556493,0.18419101384216396,33.95
0.20355658275955046,0.3536973069121349,0.0,0.584531602880834,0.0,0.43478700658766906,0.5500110938243665,0.015290307537074794,11.41
0.011603770202108607,0.3829707729570523,0.0,0.6104613621435606,0.0,0.3217572559142829,0.5860919340991775,0.1830414651329017,20.59
0.39455211370976984,0.5056528339299097,0.0,0.6432304672180033,0.0,0.40624167747174716,0.08960571587020065,0.0428593317335095,25.89
0.010059711198115124,0.33201065741260405,0.0,0.5292301462206007,0.0,0.27894253453998297,0.5081034430956808,0.5230727783445697,29.23
0.022328224043018225,0.35325904051356394,0.0,0.4488229606082256,0.0,0.22093814780639692,0.5928756896169773,0.5224482770978011,31.02
0.07563010114531431,0.5223469077721051,0.0,0.6378253001977384,0.0,0.4185098318481431,0.37102024565252034,0.042499178012249214,10.39
0.10639114518994118,0.5844883152716558,0.0,0.5443669056747618,0.0,0.33102266501719396,0.4518722093885504,0.1922355512629862,33.66
0.05910130919430015,0.48818725758556686,0.0,0.536518038483389,0.0,0.3068302326693436,0.5833414910693663,0.1894638337033868,27.87
0.29997820801992453,0.43227347309885356,0.0,0.6708742365914844,0.0,0.4551430023245531,0.2528381327455387,0.04470127415123566,19.35
0.14234563296877728,0.2977589503060071,0.0,0.5642021279842502,0.0,0.3721851072567681,0.6574733504577374,0.04427557384802305,11.39
0.17211733446012795,0.7051729201383083,0.0,0.5381842981718837,0.0,0.3136271367302146,0.2913833688971434,0.014077944443237358,12.79
0.16910683167221205,0.6928387467751312,0.0,0.5287709213313637,0.0,0.3081414872315517,0.28628678494661525,0.18672804774561905,39.32
0.09296602871219993,0.2380539057348353,0.0,0.5129830600041961,0.0,0.2019245035400761,0.7940922290968052,0.013418724856135636,4.78
0.39128777431539585,0.5171369854885468,0.0,0.5920143789823001,0.0,0.3508894397766439,0.3249907298592003,0.015486043656830524,16.11
0.3877559983790971,0.49694302131641793,0.0,0.6321508955023345,0.0,0.399244210733412,0.08806226759510324,0.18954488076284176,43.38
0.28360718384730654,0.42543490391750427,0.0,0.5956091345784941,0.0,0.46242933928563523,0.4096294958125219,0.04674022821715299,20.42
0.1424698147982537,0.2980187141668351,0.0,0.5646943359360245,0.0,0.37250980023511304,0.6580469278958998,0.014771399900967014,6.94
0.22395621085924572,0.36832705791374676,0.0,0.6747921739779584,0.0,0.44691337815630744,0.3963346277024227,0.0449623317141404,15.03
0.283882955391398,0.4258485846951637,0.0,0.5961882879288765,0.0,0.4628789923980778,0.4100278078617204,0.015595225694397637,13.57
0.13742725659136096,0.26339072739508346,0.0,0.5561457035295823,0.0,0.33799565880206844,0.43134343208225306,0.5496751845809538,32.53
0.1220874872392712,0.6035378217952279,0.0,0.6244472548798873,0.0,0.4188476245839534,0.23181421221136092,0.041607780431684394,15.75
0.0,0.3470346710012041,0.0,0.4985506872437657,0.0,0.193987844688745,0.7693193156886983,0.03912359892882252,7.68
0.3830512939103675,0.5062514201136916,0.0,0.5795526688240565,0.0,0.3435033311763733,0.31814978068059513,0.20466091089653957,38.8
0.21972166941890353,0.3613627670626422,0.0,0.6620332716310878,0.0,0.4384631850905049,0.3888407725473929,0.1985048481702027,33.0
0.0,0.3420322409389129,0.0,0.49136418643031965,0.0,0.19119155167516685,0.7582297433955336,0.17351838303292452,17.28
0.13973353530452756,0.2922949578927353,0.0,0.5538487997511624,0.0,0.3653553659499366,0.6454084590577055,0.19558394940363868,24.28
0.1613262067452935,0.30919504613907584,0.0,0.6528608587079964,0.0,0.39677396524804026,0.506355154197995,0.19575458090619233,24.05
0.05078849490126105,0.41952194258898734,0.0,0.4610548232081485,0.0,0.26367344344687715,0.5012923867298665,0.5366866652862453,36.59
0.14586923888930362,0.5976332219446007,0.0,0.4561105608726051,0.0,0.26579863018077293,0.24694706305641617,0.5309313417724401,50.73
0.06013625598097713,0.49673610092630893,0.0,0.5459132215595732,0.0,0.3122032602331241,0.5935566184489105,0.04284035801518243,13.66
0.3948746249746485,0.5060661601532237,0.0,0.6437562509215562,0.0,0.4065737439154317,0.08967896057416114,0.014298121808553495,14.14
0.23324199051498623,0.34988282905307305,0.0,0.48983618198046436,0.0,0.38030750175066774,0.3368842695761996,0.5701893436758556,47.78
0.011802060309670475,0.38951513866233883,0.0,0.6208931827547456,0.0,0.32725557928442867,0.5961073196703731,0.013790322570723408,2.33
0.10831060716398434,0.5950333948779855,0.0,0.5541881325588676,0.0,0.33699482949491033,0.460024687881941,0.04348972889640198,16.89
0.3909129628488388,0.5166416240572295,0.0,0.5914472930875327,0.0,0.3505533255554619,0.32467942380756326,0.04641362909400689,23.52
0.22415770575198857,0.36865844421798843,0.0,0.6753992889858331,0.0,0.4473154690956543,0.3966912126035192,0.015000928207696107,6.81
0.18644970305066375,0.3066424025931745,0.0,0.5617830377482834,0.0,0.37206767486784564,0.3299594744896595,0.5552469308113809,39.7
0.09148514735287652,0.23426187980450117,0.0,0.5048116121997445,0.0,0.19870799276269477,0.781442916267777,0.17826715317105257,17.96
0.2778254410244586,0.4167617977960516,0.0,0.5834667805225899,0.0,0.45300204806818667,0.4012786058057441,0.20604312464287267,32.88
0.025745217862951614,0.4073199436980197,0.0,0.5175084628536252,0.0,0.25474935841533247,0.6836062628818679,0.18275086821564573,22.35
0.16434735836546652,0.3149853336158487,0.0,0.6650869667956135,0.0,0.4042043408338505,0.5158376538200403,0.04431566039589642,10.79
0.011793092807933465,0.3892191752804466,0.0,0.6204214125257552,0.0,0.3270069222788993,0.5956543823624517,0.04133953301220375,7.72
0.1773367397995183,0.6829368049104791,0.0,0.5790716308845769,0.0,0.36127205596366974,0.07848780298819157,0.17362953056001187,41.68
0.18005648923907866,0.6934107596843757,0.0,0.5879526430501559,0.0,0.36681275482193687,0.07969154203533309,0.013058698064613398,9.56
0.060185368456042006,0.4971417786488842,0.0,0.5463590615781122,0.0,0.3124582324555089,0.5940413681917674,0.01429178172065406,6.88
0.32221851603397933,0.4258531009356116,0.0,0.4875133014319403,0.0,0.28895120675477726,0.2676240802137198,0.5674854157421426,50.53
0.20336648854732664,0.35336700164756596,0.0,0.5839857297232912,0.0,0.43438097455283153,0.5494974581355694,0.04582808539721955,17.17
0.19937612130146048,0.3464333907108937,0.0,0.5725270201562095,0.0,0.425857743289586,0.5387154621720573,0.20217990143295078,30.44
0.30024497127233274,0.43265788328109583,0.0,0.671470828572253,0.0,0.4555477498174206,0.25306297548684725,0.014913675298799237,9.73
0.03950070430437495,0.45148194198165736,0.0,0.635531718061481,0.0,0.3838007583387492,0.49315405067680107,0.014115451158779666,3.32
0.07982378185249712,0.2044011485027404,0.0,0.440464634695402,0.0,0.17337921974870377,0.6818344909883003,0.5127188439897914,26.32
0.168307010871084,0.29244810299184887,0.0,0.4833091885648726,0.0,0.3594956274678547,0.45476654153141716,0.5625916564720114,43.25
0.02618373130743238,0.41425774754444844,0.0,0.5263230869831206,0.0,0.2590884562327461,0.6952499995400973,0.013767676245684736,6.28
0.11906179691595466,0.24905376393962003,0.0,0.4719141555705098,0.0,0.3113058457161657,0.5499287677270835,0.5493273721597521,32.1
0.2943700933670758,0.42419208873921876,0.0,0.6583321934168098,0.0,0.4466340704347128,0.24811130526560726,0.1973951124507558,36.96
0.33317942619871127,0.42699839947745755,0.0,0.5431757948681762,0.0,0.343050675170384,0.07566752264244415,0.5368561752957778,54.6
0.1719810497801288,0.7046145553108111,0.0,0.5377581570450357,0.0,0.3133788028009076,0.29115264786423994,0.042200392046888746,21.48
0.10840176833583684,0.5955342132464608,0.0,0.5546545729280395,0.0,0.33727846601370925,0.4604118742409363,0.014508777549609338,9.69
0.0928991423038251,0.23788263273355975,0.0,0.5126139833111706,0.0,0.20177922461408818,0.7935209023674783,0.04022721139799842,8.37
0.06401970041359567,0.4421585062181301,0.0,0.5399091633688868,0.0,0.3542620418235734,0.31406284818283137,0.5336275496659579,39.66
0.026163901466100387,0.4139440158876458,0.0,0.5259244843858935,0.0,0.2588922396233667,0.6947234627751467,0.04127174853115956,10.09
0.07569088616359773,0.5227667256205332,0.0,0.6383379297188818,0.0,0.41884619432016734,0.3713184400496451,0.01417777840770449,4.83
0.0394692604665091,0.45112254775735083,0.0,0.6350258142642387,0.0,0.3834952405250666,0.49276148410652215,0.04231264440971932,10.35
0.10395856717058231,0.5139177536197499,0.0,0.5317223194518752,0.0,0.35665242932892144,0.19739183675752298,0.5255359561992479,43.57
0.15568921243871234,0.5995705876973151,0.0,0.5083842539337435,0.0,0.3171715118518883,0.06890678292096103,0.5024694191568394,51.86
0.39209181707269636,0.0,0.0,0.5304853127767318,0.0,0.506433664331178,0.5551411755858329,0.01387655267274087,11.85
0.39179016276060313,0.0,0.0,0.5300771859678228,0.0,0.5060440415643087,0.5547140798849172,0.04159763040299228,17.24
0.38542361405145426,0.0,0.0,0.5214634877567863,0.0,0.49782087940808495,0.5457000347533247,0.18414752988738273,27.83
0.3336351375175374,0.0,0.0,0.4513956491126769,0.0,0.43092984317832855,0.47237558753715775,0.5254429917060699,35.76
0.30236924025665324,0.0,0.0,0.40909407951728255,0.0,0.3905461824412927,0.42810792826607685,0.6367198424635293,38.7
0.4228623390300725,0.0,0.0,0.519651812024892,0.0,0.5266562126398708,0.5230658619839014,0.013593167553129925,14.31
0.4225501488869818,0.0,0.0,0.5192681643017925,0.0,0.5262673937188934,0.5226796937413637,0.04074939603225527,17.44
0.41595447423005916,0.0,0.0,0.5111627976832893,0.0,0.5180527746478567,0.5145210758381902,0.18050998540401014,31.74
0.36184208098313336,0.0,0.0,0.44466455319959525,0.0,0.4506581985556156,0.44758594587926,0.5176077208500425,37.91
0.32880334771541325,0.0,0.0,0.40406354425432506,0.0,0.40950992752938226,0.40671819318419855,0.6288902458486944,39.38
0.43824694654106816,0.0,0.0,0.49931069232975317,0.0,0.5760733624325854,0.4760224108766439,0.013061080024835022,15.87
0.4379482069196853,0.0,0.0,0.49897032740911584,0.0,0.5756806707332133,0.475697920869543,0.03915653005086017,9.01
0.43162487505626096,0.0,0.0,0.4917659253351785,0.0,0.5673686834459303,0.4688295383236802,0.1736602515025803,33.61
0.3789209796565833,0.0,0.0,0.4317184596125122,0.0,0.4980896833848485,0.41158273820617153,0.5025379385899,40.66
0.34605748971145006,0.0,0.0,0.39427588974091893,0.0,0.45489079448582853,0.375886522095658,0.6136566011887253,40.86
0.2453248631139788,0.0,0.0,0.46055913207388455,0.0,0.7303742355071694,0.43893909331667774,0.03983648914134554,12.05
0.24166140918150125,0.0,0.0,0.453681569228774,0.0,0.7194675041987905,0.43238438407474483,0.17658723584901342,17.54
0.3625046967400928,0.0,0.0,0.4770837772707455,0.0,0.6875834560470274,0.40805335279361055,0.04126580364865996,18.91
0.35670540509057597,0.0,0.0,0.46945146797785425,0.0,0.6765836068564985,0.40152538109367425,0.182725379909952,25.18
0.4094396594654449,0.0,0.0,0.5360904086090836,0.0,0.6389529283267996,0.3668177356771291,0.046369636934935975,30.96
0.7060593202557367,0.0,0.0,0.5256519877523795,0.0,0.3210693337541661,0.2960193532352434,0.18562664001921533,43.89
0.609955922352602,0.0,0.0,0.45410425700470913,0.0,0.2773678301395761,0.2557274614991623,0.5285959220387962,54.28
0.5523797139122647,0.0,0.0,0.47807765547986725,0.0,0.5698089595167887,0.3271227394572418,0.1860829652962952,36.94
0.3284500995123415,0.0,0.0,0.46848868693014867,0.0,0.7079044839983255,0.41215053312249145,0.040522363340614695,14.5
0.3245473045026889,0.0,0.0,0.4550356558711733,0.0,0.6994928376278073,0.4072531710992059,0.18018386099473263,22.44
0.6075510908997944,0.0,0.0,0.4827016504340422,0.0,0.6297387402986709,0.03619264540987058,0.0,12.64
0.607512735595104,0.0,0.0,0.4826711769987142,0.0,0.6296989842656043,0.03619036053216557,0.011236458688005392,26.06
0.6072061544442776,0.0,0.0,0.48242759710936417,0.0,0.6293812068299078,0.036172097075729714,0.03369236463577471,33.21
0.6059368818867126,0.0,0.0,0.48141915523910117,0.0,0.6280655806818041,0.03609648478189546,0.07284752766907947,36.94
0.6006785698985804,0.0,0.0,0.47724140638277146,0.0,0.6226152361476521,0.03578323997978494,0.1499857431616193,44.09
0.6903073685589373,0.0,0.0,0.31327752475812753,0.0,0.6501732192241153,0.03736706553452944,0.034805413540786756,52.61
0.6887677949273647,0.0,0.0,0.3125788304685261,0.0,0.6487231556874016,0.03728372679094004,0.07524354062231715,59.76
0.6823965557635012,0.0,0.0,0.3096874140853229,0.0,0.642722337405158,0.03693884489887906,0.15482947063541624,67.31
0.6136771204558733,0.0,0.0,0.27850093748593263,0.0,0.5779982181037875,0.03321898942638637,0.4589686026938884,69.66
0.4773300244071872,0.0,0.0,0.6337348514935511,0.0,0.42396386521743973,0.43472302264213986,0.042505533482721874,18.13
0.4757449073757318,0.0,0.0,0.6316303454805953,0.0,0.42255596647000093,0.4332793948963017,0.0917894924978794,22.53
0.46923983386837254,0.0,0.0,0.6229937804577669,0.0,0.41677816920881094,0.42735497138839307,0.18803301285332658,27.34
0.44511099893703643,0.0,0.0,0.5909587463303547,0.0,0.3953469715099284,0.4053799027402166,0.36333437125214174,29.98
0.40403528888758505,0.0,0.0,0.5364239220428816,0.0,0.3588635828508051,0.367970655643208,0.5336847259221957,31.35
0.5851712655480149,0.0,0.0,0.5279335934675924,0.0,0.4344063538618113,0.43606402120539167,0.0,6.27
0.5851034881423419,0.0,0.0,0.527872445609795,0.0,0.43435603878756546,0.43601351413198486,0.015219605535311686,14.7
0.5845621153907646,0.0,0.0,0.5273840264426679,0.0,0.43395414659473436,0.4356100883438051,0.04561657033723104,23.22
0.5823280297469162,0.0,0.0,0.5253684646208366,0.0,0.4322956560708527,0.43394526912432163,0.09845817030551833,27.92
0.5731946682501284,0.0,0.0,0.51712846952996,0.0,0.42551543547576626,0.4271391756335862,0.20128277895079782,31.35
0.4448099586223301,0.0,0.0,0.5067881707969223,0.0,0.5640639231432872,0.47640948957674534,0.013256677567895801,14.99
0.4443696654144299,0.0,0.0,0.5460819763972441,0.0,0.4373185066634396,0.5593554785118153,0.014284533664931221,13.52
0.5340147157609281,0.0,0.0,0.48694278447449707,0.0,0.5973735215304036,0.3450882641226754,0.04211856761763862,24.0
0.5251237587277381,0.0,0.0,0.4788355408974814,0.0,0.5874276864139983,0.33934279524622146,0.18637795830474885,37.42
0.4692254580916213,0.0,0.0,0.4278645220176777,0.0,0.6614559042740898,0.39732338850615306,0.037008538531355974,11.47
0.3233789085536626,0.0,0.0,0.4612553336843103,0.0,0.696974608123145,0.40578702749320805,0.17953518485308737,22.44
0.45116652068784324,0.0,0.0,0.47775910444339376,0.0,0.6495894767984226,0.3800804184524514,0.04204040762924696,21.16
0.44368208953584726,0.0,0.0,0.4698335271665287,0.0,0.6388133941477272,0.37377523933634094,0.1860434844112658,31.84
0.3750224838479155,0.0,0.0,0.48766372312439,0.0,0.6630563809495679,0.4243312724110643,0.042911964451270164,14.8
0.3685472977125605,0.0,0.0,0.47924365895572746,0.0,0.6516079647350765,0.4170047144305355,0.1897696844493726,25.18
0.2429038268749959,0.0,0.0,0.4482454622846707,0.0,0.7208922868135619,0.43460733730085044,0.17749509741866665,17.54
0.358027657619898,0.0,0.0,0.5193543432174389,0.0,0.66734260948595,0.3938020310220451,0.04075615889392238,14.2
0.3524373162774227,0.0,0.0,0.5112450030743237,0.0,0.6569225402538537,0.3876530988713605,0.18053901508692718,21.65
0.30657600947644525,0.0,0.0,0.4447186653297635,0.0,0.5714397472247961,0.3372092982901109,0.517670709582032,29.39
0.48315545621840356,0.0,0.0,0.5937454938396661,0.0,0.2095374607271953,0.6081775432546517,0.015531326543881752,13.52
0.4440074180572245,0.0,0.0,0.5456368138036567,0.0,0.43696200736651275,0.5588994954427633,0.0428186670087111,16.26
0.4363735746168473,0.0,0.0,0.5362556506913176,0.0,0.4294492960514081,0.5492903063310489,0.18937117512820947,31.45
0.3750440022223021,0.0,0.0,0.46088827818271805,0.0,0.3690928876343837,0.47209099462357196,0.5364928000671455,37.23
0.44449760522161214,0.0,0.0,0.506432295202135,0.0,0.5636678275046872,0.4760749464278813,0.03974210548506096,18.13
0.43789060925332407,0.0,0.0,0.498904704292071,0.0,0.555289489758817,0.46899858602750577,0.17618121134385095,32.72
0.38313917078391857,0.0,0.0,0.43652439824777806,0.0,0.4858591396010929,0.41035757687476554,0.5081322476609641,39.49
0.38023990701719074,0.0,0.0,0.6259911867431077,0.0,0.41878341154535786,0.5290534569515254,0.09097000128386067,18.13
0.5433984819423994,0.0,0.0,0.43173215883536487,0.0,0.5632432903573814,0.0323709871775162,0.4472522195658676,47.22
0.6906793356358193,0.0,0.0,0.31344633206114153,0.0,0.6505235603081553,0.03738720050450311,0.011608056061106209,41.64
0.2747869196703449,0.0,0.0,0.4597537177133903,0.0,0.7230730223418493,0.434335564196887,0.04045602380356675,13.71
0.27055783656278753,0.0,0.0,0.45267791991504186,0.0,0.7119446327227769,0.42765096217958554,0.17925025071100983,19.69
0.4497839378104261,0.0,0.0,0.47629502959066194,0.0,0.6258511121711605,0.3789156762685838,0.18860209369734068,31.65
0.5975794284293103,0.0,0.0,0.5778985039598022,0.0,0.3634403296734724,0.4202555829973686,0.015116797461782783,19.11
0.5855755432962997,0.0,0.0,0.5662899596725506,0.0,0.35613971696401064,0.4118136930915088,0.19997737084588177,39.58
0.4958707119957998,0.0,0.0,0.47953950384982696,0.0,0.3015823612216124,0.3487275920940885,0.5582035893332256,48.79
0.5361663801352299,0.0,0.0,0.48057591355531337,0.0,0.5997804726620717,0.34647870169300415,0.0422882727189491,24.0
0.5271693227554822,0.0,0.0,0.47251168343985694,0.0,0.5897159487983565,0.3406646691921111,0.1871039739167567,37.42
0.2737771579321238,0.0,0.0,0.46600297892947123,0.0,0.7204159400004605,0.43273950775140246,0.04030735972244377,11.47
0.3993363704034335,0.0,0.0,0.5402869178402501,0.0,0.41312160121314523,0.6133134525065226,0.042398835707022596,14.99
0.39260116513848425,0.0,0.0,0.5311744413334281,0.0,0.4061538943129597,0.6029693108241284,0.18757681718356958,27.92
0.33825820053833766,0.0,0.0,0.45765047751201854,0.0,0.34993499161796787,0.519507663680182,0.5327238677030331,34.68
0.651346501090942,0.0,0.0,0.4132392085984933,0.0,0.6352320404009137,0.036508358974889916,0.011335191508347048,33.8
0.6510120018386389,0.0,0.0,0.4130269894400776,0.0,0.634905816736248,0.03648961009275198,0.03398811094884366,42.42
0.6496272409228494,0.0,0.0,0.41214844399002826,0.0,0.6335553151207007,0.036411993419409344,0.0734842662418242,48.4
0.6438921101737617,0.0,0.0,0.4085098570198175,0.0,0.6279620728117191,0.03609053592818934,0.15127377664371947,55.94
0.581580926764109,0.0,0.0,0.36897725175378376,0.0,0.5671924822622756,0.03259795701932961,0.4503881376943104,58.78
0.4205167616694962,0.0,0.0,0.6293629168534273,0.0,0.42103907371491056,0.49135439487069826,0.09145998628518381,20.77
0.41480721995662323,0.0,0.0,0.6208177786952145,0.0,0.4153224403408191,0.48468305934014777,0.18737624840362976,25.18
0.3751312837913971,0.0,0.0,0.6175808303951261,0.0,0.41315694619199617,0.5219454845162524,0.18639926731584294,21.75
0.5545246049276815,0.0,0.0,0.47175798328632895,0.0,0.5720215283113873,0.32839295740176216,0.1868055256480491,39.09
0.7184770834749333,0.0,0.0,0.5348968510837563,0.0,0.32671611561671604,0.30122557051942794,0.013991950671914138,24.39
0.7201310166925102,0.0,0.0,0.13945961851141248,0.0,0.20739653657651844,0.6461541877901132,0.03786523233029046,50.51
0.7103942376107815,0.0,0.0,0.13757400677578077,0.0,0.2045923603750322,0.6374176378659866,0.1680896809520829,74.99
0.3235479111983172,0.25436234807049357,0.3396122634179625,0.6806010887629964,0.3374946061082709,0.24813920280499252,0.20305231034168414,0.18803270911746525,37.17
0.09418385618111011,0.3818562073171579,0.5085269276265436,0.352988373002113,0.5910995860778268,0.0739507545189472,0.2879450030425906,0.1559969584310656,33.76
0.08930627116180095,0.31663734933089227,0.4210402912114431,0.6924732269257772,0.34037719081855916,0.2667805179898255,0.13715940133725651,0.17067484853902037,16.5
0.08208272243811844,0.2685703809287749,0.355349956808566,0.5926584491589588,0.32535956948322053,0.13702724245774273,0.5349018436565703,0.18127176014065144,19.99
0.08281437533988058,0.3774650662963139,0.5039385106889165,0.2932072976035581,0.5908674526512384,0.30156951075802796,0.20874885107040667,0.16459879038141642,36.35
0.33183305174870026,0.2920877746501822,0.38762011566135945,0.2824199392857392,0.6956020028390348,0.2295357930351376,0.11347446813990322,0.15854305389383197,33.69
0.06379167709020173,0.0,0.5818081493734042,0.20281391335913065,0.5418375158146418,0.27461151358680685,0.47382910333584943,0.15094045083407878,15.42
0.382430332887946,0.33935170384273095,0.0,0.7139449064118791,0.22513035142456028,0.2265919535122973,0.30239731154311306,0.18814465083338253,33.42
0.5148182698486575,0.0,0.0,0.5161753102381034,0.2625819828579958,0.5109007915640706,0.32121139913634195,0.18809444078195206,39.05
0.1027752013225558,0.3439701733212631,0.457823932664932,0.3740903449801616,0.5360268894889192,0.34895766030449166,0.2834986659963619,0.17918613162915298,27.68
0.09336946043295369,0.5602135516528511,0.0,0.5789135620815804,0.21770467750670067,0.46853970346536583,0.20560997320077304,0.1819389090591713,26.86
0.4188152627555915,0.3686516983258622,0.0,0.35644966785572274,0.3990625763290747,0.2897031894961041,0.5276494064795546,0.20010137755929316,45.3
0.3787785986934206,0.0,0.40842885509885024,0.5575589250538959,0.36980368282932097,0.3753722382858787,0.2584516849996032,0.18543013239013093,30.12
0.08069379442237218,0.0,0.6632677824442694,0.28436700518672575,0.3916581249274984,0.3983944928707767,0.36578934754031184,0.16365714505899043,15.57
0.07368833922078916,0.39389120583483217,0.5242146470804266,0.3741969968782408,0.4016181203232604,0.19233941798356563,0.43907543322883064,0.18307527303047325,44.61
0.379869698914545,0.3399540227685273,0.4539305171222825,0.6212847720436974,0.23046854943841175,0.19001372605588449,0.1475283245479217,0.19260585917352982,53.52
0.44308853295524325,0.4248261876916685,0.0,0.5517706259442654,0.20049254884852638,0.17775063240646402,0.4544497773899933,0.20106538470237934,57.21
0.5033027878051212,0.45644457736491917,0.0,0.5282134814418603,0.2644875818268376,0.05583016521701884,0.3877751794932103,0.18945947188004084,65.91
0.3513718424209722,0.32603010225129275,0.4320897612440573,0.3837948268872526,0.3521042764816393,0.060321740389490244,0.5197522797282471,0.19617238261119901,52.82
0.2903506162714954,0.24039435414422197,0.32201203779595333,0.5615675017626767,0.30690454281005125,0.08379653832393638,0.5483076993999946,0.19236338308272855,33.4
0.10755562577337661,0.0,0.5605454902160703,0.4061856237534121,0.4060277016913507,0.4825710053386884,0.2876029553647069,0.16966157534960014,18.03
0.09766976367613472,0.5627217310893351,0.0,0.4145926821565243,0.39431282167891496,0.5089490624635277,0.23472897936980544,0.17974519533675215,37.36
0.09783212929740485,0.4060059498062426,0.5390553864714579,0.5553848539982766,0.36772913009431785,0.06013498565073052,0.2441622372208737,0.16762717488715007,32.84
0.37833004754000366,0.0,0.4520906895534329,0.49283041770271474,0.2295344364519184,0.19170128951347717,0.5323215294752209,0.1918252076062461,42.64
0.38558649138695705,0.0,0.4923405724606073,0.6421229744985653,0.21227612270925988,0.13637506720565815,0.3185452187075377,0.1774021882641672,40.06
0.3734832230875661,0.31275609087266765,0.41538828588303883,0.5330067397911853,0.3601004929463582,0.26475993284683297,0.2569605986703643,0.2006274174986853,41.94
0.44911967460446534,0.42613105635807025,0.0,0.40726358775023486,0.3576336775393509,0.206782960647026,0.4903849438523118,0.19925304891478118,61.23
0.4275626622565239,0.0,0.5232164890331755,0.48103432299459237,0.3669784634538661,0.0,0.38650122346252297,0.16728498788611298,40.87
0.05440544842111358,0.48063182174302665,0.6391076814526215,0.40780854595059546,0.17971030473942493,0.15239851772844482,0.32134864862294205,0.18022376275296614,33.3
0.4471533619425833,0.38774046274477,0.0,0.5189392988878301,0.3222594364966706,0.38818678487880187,0.29167462886619977,0.20198761108987745,52.42
0.09466686040141732,0.0,0.6684413415198979,0.3566360247233201,0.3933973895239164,0.09331752030567335,0.4801465574702161,0.15173899310208203,15.09
0.4077493793857305,0.0,0.47573260028752967,0.3572152265696523,0.3811880563710194,0.3036650435113785,0.4536137870815131,0.191138582551754,38.46
0.39847041808471884,0.0,0.5097872415276763,0.43289636284476907,0.3966673845187247,0.159851504929335,0.4223105285684201,0.1808185090468472,37.26
0.38046052203465847,0.31688600683936385,0.0,0.4421785629605487,0.28377656803344103,0.2786737750949659,0.5998345975098396,0.20327668444844452,42.13
0.3436907194008039,0.0,0.41069794835842494,0.6307567158749754,0.3822841181256519,0.17638209350834463,0.32822373778465064,0.17426198111961533,31.87
0.3231630178602447,0.2817591742508716,0.3732153725824113,0.5838043939906966,0.2357583796287714,0.08077922774877298,0.4849055067426338,0.1970266458326161,41.54
0.10300455040584566,0.5684463238940066,0.0,0.3143890898648852,0.4223684794298056,0.5607841962351935,0.20831630559531772,0.1764896860474545,39.45
0.10978302504111269,0.5710177438834547,0.0,0.4155803979515285,0.44195739860300887,0.12667732413446697,0.4987445173408885,0.1704692823183034,37.91
0.3549978221592975,0.3030089566516073,0.401925880436779,0.46766158327193563,0.36391569536379853,0.1792425852261811,0.44298873534408084,0.2027530302741163,44.28
0.38503648603317187,0.0,0.44438993644935265,0.5229745818646641,0.3468654481335445,0.0378829502510966,0.47828891237080984,0.17392824613553445,31.18
0.09151152006146607,0.34650838465685524,0.4645488947839394,0.556401024361551,0.23153198683116671,0.22559785790511622,0.4519161372593515,0.1934945889946179,23.69
0.10772644187410496,0.45249116387126154,0.0,0.4003326958727126,0.4120234952365147,0.4548046874348303,0.45988481033974626,0.18781850237404762,32.76
0.30878842287605296,0.24864797195956018,0.33157784878433344,0.6225525449834002,0.3464082537856515,0.15578301412976836,0.4047131820977221,0.19299888425200584,32.4
0.40690184385951933,0.0,0.47699372730656125,0.42526515744531423,0.3057588430193982,0.49353610340714704,0.2286113571649668,0.1916452748210871,36.8
0.09746748610513603,0.4308796876821337,0.0,0.5255256338935109,0.3280259798740256,0.5760161634958422,0.23636769167054283,0.18275733164409996,18.28
0.07670231442937808,0.5133394777985935,0.0,0.566397116748454,0.10364751250535047,0.05770916733098304,0.6047384495065266,0.17323941375894295,33.06
0.31926219987181104,0.0,0.3854398125471362,0.6707026198087128,0.3587734475398577,0.03771672236558024,0.37785971175241573,0.16354477933310396,31.42
0.05918209943606537,0.513297329221723,0.0,0.5704663745045552,0.11350938353377599,0.3597543523859248,0.478841436462855,0.18972282676359703,31.03
0.42026651225216627,0.3697697410215837,0.0,0.4392329678496476,0.3158014751842317,0.1673793719853634,0.5716591518381233,0.19793985319583093,44.39
0.09216317093169796,0.0,0.4518897064693029,0.45458500195041635,0.2922531682757191,0.4482666601048829,0.5106312301261872,0.18318011082995966,12.18
0.09974306218977452,0.36307935872853264,0.483746667844578,0.4312857614002858,0.31008756092003376,0.5005232392306983,0.2318478754101179,0.1943584533623783,25.56
0.07297021329482697,0.32699016948544213,0.4329385573769463,0.6072130125599378,0.26640470821855144,0.28117423834611643,0.3810010192141505,0.19083276037696237,36.44
0.07863122864013714,0.5055105725011162,0.0,0.354381306520592,0.43104478278323,0.09798750585362978,0.6242167039564553,0.166260130502103,32.96
0.3443346212724645,0.0,0.4567975530941786,0.6406835174354595,0.34466512207445377,0.17049902274247047,0.2907952400317057,0.17282493978304753,23.84
0.09790926918164906,0.356404083528296,0.47485290383009876,0.4233564999920573,0.3043865488532503,0.16132929511531638,0.5509960213038005,0.19078514044194794,26.23
0.07536623064902619,0.0,0.4913223862335643,0.2187771592429507,0.5195421447849454,0.4193056252451319,0.48250071409194484,0.162820797160282,17.95
0.3748298438207776,0.0,0.5054663534282654,0.5218551085816248,0.3648049021348793,0.0,0.41344555575286324,0.16629418266148396,40.68
0.09891102157510964,0.36005060899720953,0.0,0.4276880448059331,0.3075008602601227,0.49140916909084065,0.5517932103556648,0.19273714634161263,19.01
0.3321464289458332,0.2950214681834353,0.39078247393589594,0.6112838380684715,0.20571286181882767,0.2484580808967632,0.3600736981317702,0.20630061285259574,33.72
0.08417415784486479,0.0,0.6415823179062168,0.6060593100638224,0.3276915744154481,0.18564281925856124,0.2232054057381992,0.14937628911665232,8.54
0.07400122303865739,0.0,0.6115635144491436,0.26078221164704174,0.4788997793470412,0.5249538587817048,0.1583029826174942,0.1500837701346531,13.46
0.31533912861184643,0.0,0.3632881936189505,0.5751028878786271,0.40202797535177065,0.305239527797473,0.38659659852008676,0.183262103049963,32.24
0.09500623684830124,0.3053917509044638,0.40707000968017576,0.4897270506229305,0.28043623970048304,0.3912132127914711,0.46917428038779235,0.2008839186425909,23.52
0.07403697534393273,0.39072621676079505,0.5652334703004451,0.5003211747719452,0.28631007792201774,0.38167047669502696,0.11041495134677815,0.1794550666975504,29.72
0.32935232596212877,0.26955417203335785,0.3558977746623577,0.3962139158995088,0.4131288125649018,0.35830517799051875,0.4395996587033197,0.20715459030040076,49.77
0.42284189928024807,0.41308789804600426,0.0,0.44192458103967763,0.3971708774951184,0.29598466905421106,0.41261641161992885,0.19915282571540938,52.44
0.3830268318927486,0.323340490446577,0.0,0.3725605443990567,0.291969635170595,0.4528560591356544,0.5252363807301711,0.20914559580587522,40.93
0.46096014653947803,0.0,0.0,0.4686833094356912,0.11712527218023633,0.46401809622955054,0.5481751936237975,0.19576652635839503,44.86
0.07540272875993785,0.0,0.5143401504338847,0.4095788600889115,0.38229016854191383,0.39742417151431836,0.47702604869236787,0.17426473916650878,13.2
0.08371824628441782,0.5292346459246977,0.0,0.35427491733888883,0.4148030754816177,0.5951539863039064,0.1762913070796876,0.17332842796910455,37.43
0.07451429117458737,0.3861537367839935,0.5164983601157056,0.4992742923062756,0.2812950617062639,0.029366304952110935,0.46713212330572634,0.1763117261766047,29.87
0.4259254977022985,0.4048257367341088,0.0,0.5476857808947488,0.29489674641839475,0.023681751801767934,0.4827568959886316,0.18483706784438672,56.61
0.09105938024056011,0.0,0.5377889566525454,0.49097437961261764,0.30645955511678297,0.5381453544405369,0.22082744074464494,0.17074175213649337,12.46
0.09560353960160904,0.42263964046854713,0.0,0.5154755986771209,0.3217528840685928,0.1745530181142146,0.6167592320952696,0.17926232112393028,23.79
0.056130509218732166,0.0,0.6180450781087604,0.3898883849695486,0.33710630793644153,0.3465139258323422,0.44785197280296896,0.16903473440812997,13.29
0.3373917582135904,0.29500520620354004,0.39177515932543117,0.4536733001880688,0.4077298038228469,0.2855175361711789,0.38764533570861065,0.20444737305974178,39.42
0.42569038981856583,0.37277520995980873,0.4966648787323344,0.4515368178076812,0.31836829290622704,0.17385315064661255,0.24054493241803834,0.19954869787515303,46.23
0.08731548469846243,0.4395474168598557,0.0,0.4721397426416408,0.11798904452260349,0.4674401245452173,0.5522178614631974,0.19721026013063728,23.74
0.084697620061547,0.3511412586006759,0.4679018947927827,0.4447075636399371,0.2797704192078249,0.359472457237961,0.4529616310983834,0.2004069737590746,26.14
0.06880775051376595,0.0,0.5959062468717128,0.3493803326138949,0.4446851474281353,0.07237336953685052,0.5413080930421499,0.14865189214026236,15.52
0.35663246004175775,0.305273930718669,0.40593008045532614,0.5646338269054374,0.28272401357156546,0.3762413212168113,0.18309745640825206,0.20252271176248873,43.57
0.36479383006643845,0.0,0.4359154004603237,0.29709963423312186,0.479530905069328,0.3602057728776579,0.44127772745695987,0.1849619205267408,35.86
0.42875769195709923,0.3772406701318643,0.0,0.4481073510174994,0.32218201467214425,0.5200453224473589,0.2408907193034783,0.20193908419629042,41.05
0.09527858790697186,0.4235047656041582,0.5627072383586768,0.5215427543548031,0.320659261956188,0.18082655214770965,0.23554600106658258,0.17865301737559044,28.99
0.3796884076020961,0.3483465918897002,0.0,0.5978869026579673,0.24144533481218297,0.31798490969959153,0.4205918116296177,0.20177931552161005,46.24
0.09211837299116149,0.44869115881273774,0.0,0.3806400695295165,0.07937801961465421,0.5074078378826856,0.5847514111612861,0.19901203489102592,26.92
0.06678374289286018,0.0,0.6085305033862168,0.5046235814910363,0.24624880048046105,0.045482654536416485,0.5329690473361832,0.15434523030114614,10.54
0.40360049725227626,0.0,0.0,0.4218148224175981,0.3032781073474676,0.4846608969125827,0.5442157148512892,0.19009038514100202,25.1
0.06467911951602563,0.3945674299206557,0.5246657917879918,0.3698599828717973,0.3770222830452386,0.29550217428679443,0.40355348074101466,0.1890497447841125,29.07
0.08953390244516013,0.0,0.5287796145087983,0.48274930151269313,0.3013255728155222,0.16347106980004877,0.5776026823764208,0.1678813905686481,9.74
0.3233403465065875,0.2678703835254119,0.3561936850620824,0.5671504389665756,0.25130524668598225,0.3175163867769888,0.40875884260343426,0.21001938473042805,33.8
0.09287920624354341,0.41025948130552015,0.5828042546696308,0.5972215971673962,0.3067955681347814,0.0413906462707418,0.08499373517215436,0.1538360634504404,39.84
0.06308492530946326,0.4656115917229914,0.39801530616800446,0.5786426909789036,0.22063772120477704,0.10867262954301199,0.4375981470561412,0.18439009557827796,26.97
0.11362044474685426,0.3824489176083635,0.513454290136193,0.5555743840693877,0.2905605301364599,0.3733364951171955,0.10748049239769984,0.18211918942481684,27.23
0.09806298493573495,0.44780472103655405,0.5867116719893148,0.5310300527835714,0.32391845702754085,0.03953876747263491,0.17539584599046854,0.1624219691666669,30.65
0.09298776624292442,0.4632313414728173,0.5625145177764698,0.534616276133781,0.30156953889725063,0.03874817912575146,0.23207203199088847,0.16801731452846821,33.05
0.07773780590195997,0.32400140090392543,0.7023655026849708,0.465461046363389,0.2622444130937401,0.2821986209795793,0.059854859099636094,0.16437105177839778,24.58
0.055131740194096834,0.224593972303554,0.7057844601286903,0.4992167378304866,0.19866476515848955,0.34885686765524687,0.10215293171421101,0.16602698231102342,21.91
0.09728730710928914,0.4567185478442511,0.6014980512141166,0.5471336862788757,0.23678882559107758,0.10213976459362638,0.15973849345429847,0.16961811792340456,30.88
0.07076419782828396,0.03235762167368394,0.719160674009868,0.3568928921823412,0.20035370813696426,0.47195723302418635,0.24178487617763297,0.16743845608589156,15.34
0.07831058237219318,0.33549603713205695,0.6098399348036381,0.659616059211935,0.20892816355129162,0.08436949594571276,0.03382646457497105,0.1496607865438844,24.34
0.10927133661893963,0.40249041427881493,0.7175539046341163,0.42190371733799015,0.23322375083443708,0.20762531339858079,0.08810675031523181,0.16706436029160698,23.89
0.13298353898179208,0.17856795354254365,0.6744731362407052,0.6045183604214325,0.1928488800596786,0.2519181930314466,0.05868796164779114,0.16116656404987426,22.93
0.08304744011307584,0.35048830323469665,0.6295078044220104,0.626782296278771,0.21335968777165287,0.10378247603278119,0.038382166054159894,0.15283520491397992,29.41
0.40677240827427924,0.0,0.4761649836493769,0.4287129383945923,0.30522760814716793,0.4924335047734483,0.2274934844241325,0.19131230439224275,36.8
0.09678909336158173,0.43044024200244757,0.0,0.5262366297464351,0.3306098041963119,0.5751072872996312,0.23492537938394029,0.18217274925102903,18.29
0.07622525589985953,0.5124203123275121,0.0,0.5679326692033249,0.11700249547621684,0.057480877138025244,0.60191283783876,0.17255410047122738,32.72
0.3205090803607676,0.0,0.3858602571659616,0.6761964267822831,0.3438030649296007,0.03828473664894356,0.3801600874572532,0.16418350447658484,31.42
0.05937456820166089,0.513799672663287,0.0,0.5679901664768485,0.1172961090399022,0.3607361318938716,0.47956871534701234,0.18972780770970357,28.94
0.41992098607605327,0.36894117034842344,0.0,0.4425707254776029,0.31509383523469037,0.16751038620096564,0.5703781924850184,0.19749631458460057,40.93
0.09142269813244841,0.0,0.4514705918620518,0.4577760907023636,0.28859000517980776,0.44825112999134764,0.5103835333051049,0.18317376458971524,12.18
0.09978221340872538,0.36251106888374784,0.4829895101814509,0.434857369260327,0.3096022135500206,0.4994911961913523,0.23075398314545312,0.19405424456438794,25.56
0.07232587864900385,0.3239806473041153,0.4315010449690246,0.605929376664994,0.2798775509224696,0.2794267739116343,0.3795856794242785,0.18964675747835294,36.44
0.07999016811635204,0.5088339019277881,0.0,0.355246148810049,0.42052844944084167,0.09820286220815583,0.6276900098223549,0.1673531584509472,32.96
0.3454552091434299,0.0,0.4579829376580091,0.6396202282267824,0.3426750540762279,0.17167158893015452,0.2911648270923789,0.1735626897269206,23.84
0.09791791359620752,0.3557380249246276,0.47396548453079695,0.4267326295468147,0.30381770217310683,0.16151576113128613,0.549966303470763,0.19042859546921517,26.23
0.0754485657132632,0.0,0.48935922987281927,0.2192529367956206,0.522225140798372,0.41843638285752555,0.48218427596559144,0.16264509708982128,17.96
0.3763583635513329,0.0,0.5060302906491791,0.5228161826671733,0.35883171309662,0.00021345232718132984,0.415252954679199,0.16660043822343068,38.63
0.09833516569911283,0.35932750512283135,0.0,0.4285576449805095,0.3075195414510799,0.49069816017001605,0.552310791252463,0.19274885544523046,19.01
0.331379016932286,0.2931972251823151,0.390577044521735,0.6138585275959371,0.20536592357828465,0.24856679478124685,0.3584319919519663,0.2059526833599369,33.72
0.08490245096384148,0.0,0.6422143192118022,0.6050032878798447,0.3281826712427298,0.18534602041033324,0.2233520651120977,0.1496001527353223,8.54
0.07392578341081349,0.0,0.6157003713459904,0.26014041942074706,0.4693246981606907,0.528615596922997,0.15911578085789804,0.15085436726593632,13.46
0.3170122639883011,0.0,0.3644450605227304,0.5770851364108298,0.390377464483851,0.3082883551041114,0.3900228238801973,0.1846664286170239,32.25
0.09494882348899002,0.3041725984892864,0.4054974125603039,0.4885524115579618,0.2842705798460202,0.39200568446797807,0.46964702839349554,0.20076252218501633,23.52
0.07380164996793202,0.39040615588086813,0.5622548490737153,0.4963821004891364,0.2996700480763883,0.3813741076958863,0.11118710117119976,0.17888467155580323,29.73
0.32737127664188487,0.26704070078683706,0.35579638119069074,0.3904729722860813,0.42734007128605767,0.35558358620564834,0.4369734852862026,0.2060389629414921,49.77
0.42611443786251546,0.41518890820492144,0.0,0.4420407374233483,0.38441713671086536,0.2973878161892718,0.4172675980463039,0.20078930801415737,52.45
0.38150453330727574,0.3212502702274227,0.0,0.3738150751951757,0.2991180687777398,0.45212382057734807,0.523672034608107,0.20831436932735448,40.93
0.46125267338744125,0.0,0.0,0.4671252377716743,0.1325430020952595,0.4628216689442607,0.5468626086448855,0.19547308292200036,44.87
0.07506559902381695,0.0,0.5128975985087937,0.4081272638087367,0.38583533781662915,0.3986126472831369,0.47601807193092655,0.1742962722955429,13.2
0.08387611733675768,0.5297851924620461,0.0,0.3534228901435254,0.4121220765296459,0.5969437669135181,0.17618763906664223,0.17365528074658548,37.43
0.07374528606230499,0.385370797469592,0.5132970349543933,0.49459967029048957,0.29791952864129856,0.02949749751605419,0.46629923260671413,0.1757474866438585,29.87
0.424907727638942,0.40378976761645674,0.0,0.5467638098351327,0.2985212701599926,0.023676859282715505,0.4833533012179013,0.18479888152761448,56.62
0.09053067326851476,0.0,0.5359410921927136,0.49220996638045533,0.30923244679285455,0.5379206283745472,0.2197350137792613,0.17039338904912393,12.46
0.09501565039465792,0.4225533903609255,0.0,0.5165945242410649,0.3245521213346938,0.1745950240768119,0.6146148007155872,0.1788348423680966,23.79
0.05563332136398619,0.0,0.6170733152239603,0.3914601406873093,0.33718564154352565,0.34659547340055424,0.44774506689851934,0.16907451454539643,13.29
0.33549180291982017,0.2937714273012885,0.39133062417944836,0.4496803574582911,0.4211375214698897,0.2827834396526925,0.3837180728919919,0.20304844785155396,39.42
0.4254794231849272,0.37336134423181505,0.49729735529843083,0.4504400960970334,0.31821051371125786,0.17402253097404813,0.2409266083904591,0.19944980412973481,46.23
0.41415091694974293,0.3641528045667707,0.0,0.0,0.31164912755626034,0.4972875960624927,0.5597276043711837,0.19533722102187032,44.52
0.08667116826026634,0.43828341941543075,0.0,0.47101039967609304,0.13364538531243325,0.4666710373177174,0.5514109601409283,0.1970988665742188,23.74
0.08365780879097037,0.3492585893024686,0.4652450294705829,0.4422201785403151,0.29749063833200284,0.3580322893615447,0.4502906447167517,0.19889374105625332,26.15
0.06886047175820546,0.0,0.595396169089004,0.35148838104808333,0.44406052105045096,0.07208152167183085,0.5411069327002669,0.14844308846543647,15.53
0.35729463902189096,0.30531794481041474,0.4066837930216187,0.5621300487863548,0.28324896269970723,0.37823970183099836,0.18241832666565283,0.20289874675019848,43.58
0.3662045749309283,0.0,0.43942185996809746,0.29484749125609766,0.47373773397835994,0.3618899247738672,0.442758356698525,0.18558252748482626,35.87
0.4285392505683594,0.37651314863385216,0.0,0.451653842766785,0.3215606756689426,0.5187841672586417,0.23966691285158856,0.2015496377853551,41.05
0.09550001615850141,0.42266333776224047,0.5626804843336849,0.5192279925201545,0.3273116601846505,0.17965116040203163,0.234085814942847,0.17839501975902539,28.99
0.3817036751811426,0.34941148710016645,0.0,0.6001724706574524,0.22249961369355933,0.3199325708506688,0.4230788950750865,0.20285029715958267,46.25
0.0915225857289614,0.44799171859014997,0.0,0.381568015791992,0.08712992116859371,0.5063275374040145,0.5847532504016816,0.1985883268193272,26.92
0.06760760479851609,0.0,0.6100187484970744,0.5041077753170671,0.2408142930475742,0.045619374312791366,0.5339879710839825,0.15480918838772628,10.54
0.4030162132425048,0.0,0.0,0.42263585141932586,0.3032702478920163,0.4839177112866188,0.5446789813297632,0.1900854589466031,25.1
0.06518582033838714,0.39206410747973447,0.5217979346043934,0.3651262518053453,0.3905798810973127,0.2933890734754235,0.4029315525508177,0.18831529981477577,29.07
0.08907450056748065,0.0,0.5273205577413823,0.4842928407219034,0.3042584879009532,0.1636779257586775,0.5761840937543127,0.16765263619032117,9.74
0.3227541641485376,0.26632239042782396,0.35485215448614826,0.5613514048036701,0.27122198667944336,0.3163205263249788,0.4080075025825633,0.20922838972414198,33.8
0.32387064270767896,0.25515698931240827,0.33951896812682075,0.6796034398607512,0.33822683606389686,0.24867756683858142,0.20278299484012005,0.18844066580702826,37.17
0.09452926708931142,0.38345834498056164,0.5107367642592068,0.3529123928721613,0.5870224712822217,0.07442256222615772,0.28978741302974603,0.15656906338910323,33.76
0.08841414931373374,0.31634310114883785,0.42119077360102397,0.6916154512724395,0.34298512200892306,0.2665992632396207,0.13662806675404957,0.17027974232691936,16.5
0.08134048848500183,0.26819607588338845,0.3572936073883588,0.593103152795541,0.3187948333078358,0.13731388185454788,0.5371612437491249,0.181650952095861,19.99
0.08214288765536282,0.3761192652305808,0.5007766910516511,0.2884106652390229,0.5982373854811054,0.3003255828783736,0.20706447614850979,0.1639198456704668,36.35
0.33104155157191534,0.29112349959749284,0.38757863478652893,0.2804966525009976,0.6974324174530974,0.22889569747225214,0.11365565321457899,0.15824096866582882,38.22
0.06324923532066247,0.0,0.5820747764124832,0.20566811972228083,0.5393824560140293,0.2743136802942469,0.47526591949839553,0.1510959633367313,15.42
0.3820374050354568,0.3394330367065472,0.0,0.7105052060948702,0.23285677860246676,0.2280146939573903,0.3038683589349396,0.18832426103563557,33.42
0.5160044547237573,0.0,0.0,0.5184430954865867,0.2516300182677706,0.5119963407969901,0.3225426679708714,0.18832012028142323,39.06
0.10203459844657033,0.3436740671785115,0.4577370217606167,0.3748034372320918,0.5359251329437085,0.3495800174837059,0.28276997940429915,0.17915211586975396,27.68
0.09247988990220253,0.5585605286812108,0.0,0.5779307971079666,0.22820185663096032,0.4672788921807309,0.20503286154561837,0.18163004915525413,26.86
0.4189320034021999,0.3682387158724865,0.0,0.3556729828747156,0.39917381110808287,0.290553279316239,0.5277964835762432,0.2001571538556244,45.3
0.3795600170323451,0.0,0.4080363622683887,0.5592601615375549,0.36351339551921025,0.37747079167369707,0.2597073782651229,0.18599592103096615,30.12
0.08099810142815443,0.0,0.6667679732174066,0.28314126657840794,0.38080777441835034,0.40113648134161545,0.36833303698050796,0.16461025716852334,15.57
0.07378845340424589,0.3944677885645527,0.525028054150925,0.37162260858376306,0.3995064972868266,0.19214157162021864,0.4414662180857931,0.18378346074400542,44.61
0.37883899660939835,0.339873370100472,0.45273775949217865,0.6227566157481806,0.23007799146083563,0.1906771354231676,0.14800263882798562,0.1922794642922698,53.52
0.44376663504479624,0.42541245790788074,0.0,0.5562598737544907,0.1844827157344028,0.17777912868010054,0.45452263296881873,0.20109761870427142,57.22
0.5046252935777887,0.457643955955887,0.0,0.5320956422306198,0.25002927441976414,0.056707000650532614,0.3885555946412192,0.18995730589034027,65.91
0.3479226609146807,0.3229422845274986,0.4300428131900099,0.3838593657209668,0.36843120086781794,0.06004594305208367,0.5149849452130165,0.19446519023248737,52.83
0.2897167876567976,0.23995689584486438,0.3194050558438971,0.5582892354504179,0.3175067028760682,0.08478669991869495,0.5477096885222242,0.19181558125559367,33.4
0.10733013528999268,0.0,0.564445742644279,0.4049410579071122,0.397571314896778,0.48529126489871244,0.2886199102414627,0.17038770638433343,18.03
0.09721674993447887,0.5654527365417492,0.0,0.4181160297653357,0.38462890882937867,0.5103689561001871,0.23470484713579515,0.18024665820976224,37.36
0.09766372153749568,0.4039142453616056,0.5377474792580639,0.5539833351311975,0.375811932155993,0.05918419183678076,0.24227613548266888,0.16676357545733694,35.31
0.37743921539560554,0.0,0.4507961793894091,0.49476793713194617,0.23269181059944452,0.1911523747194636,0.5312776469812698,0.19127593798689704,42.64
0.38665989453438854,0.0,0.4958999142500744,0.6418718615646716,0.20231737348960255,0.135677902014562,0.3186860148235835,0.1779784413404774,40.06
0.3737544112220778,0.3111852410564387,0.41457539378243585,0.5290209363677563,0.36777361779979745,0.2655504944953958,0.2564791618818797,0.2004480432418151,43.8
0.44901223075940827,0.4278196519665722,0.0,0.40789454033267103,0.35420787725866437,0.20608058644034793,0.4911446720873368,0.19956174144107736,61.24
0.4271626753996764,0.0,0.521459846257026,0.48296890730830816,0.3667795547959775,0.0008568528711406446,0.38713149776916866,0.16719431653686767,40.87
0.05430058046832965,0.4785466824144023,0.6374795882127532,0.40623520657021683,0.1973002991677317,0.15187430375522884,0.31982577788320804,0.17987637664382813,33.31
0.44541649156069124,0.3843240343975538,0.0,0.5139941841693001,0.34029726723108805,0.3858021343608265,0.2911432175199309,0.20074679125733094,52.43
0.09534548590136896,0.0,0.6714039039356852,0.3593711064760023,0.38279136604477976,0.09426979232585345,0.4820335720563896,0.15233533954843276,15.09
0.40723447662713386,0.0,0.4738970388714587,0.3562647235400529,0.3848768533669847,0.3043024011353637,0.4532288372634391,0.19107747599973357,38.46
0.39570284243766646,0.0,0.5049287656519637,0.4330282843849177,0.4110666311987293,0.15868148715113561,0.41793760001007046,0.1792352640382037,37.27
0.38029677288032143,0.3160698997656371,0.0,0.4445893938104515,0.2830457308884377,0.27769630762733616,0.599562742651778,0.2027531664119217,42.14
0.3440410188594781,0.0,0.41069746446522676,0.6284678615573351,0.38575897378033563,0.17548881285220788,0.3286609821991022,0.17426177580038327,31.88
0.32136947319291237,0.28105755937657473,0.3744504741739859,0.5866516144178077,0.23125179049777211,0.07957085160229826,0.48468517144630363,0.19653602533830025,41.54
0.10219957398936078,0.5659555094695495,0.0,0.3160877819006873,0.42752637709181923,0.5590023511830352,0.20784479061166963,0.17571634468293743,39.46
0.11027806565966165,0.5729307758830837,0.0,0.4189532980424975,0.43370529414482034,0.1268097575157275,0.5005634506000413,0.1712379732787761,37.92
0.35649274268632397,0.30358704719110025,0.40403499692481387,0.4649974179489388,0.3605587637354779,0.17984481764047772,0.44459911478343495,0.2031398492313848,44.28
0.3835598665068404,0.0,0.4407585037832481,0.5204957901010246,0.3590302324731445,0.03748160820840648,0.4768913679053897,0.17310386208526607,31.18
0.09061217902754826,0.34779027306489774,0.4632233772756184,0.5543142071477989,0.23558372979691863,0.22677516163076067,0.45228643206912994,0.19365313620308772,23.7
0.10764359945584999,0.4506272573213633,0.0,0.39604439743655867,0.4221943174606621,0.45269892128912503,0.4584911281686044,0.18734539245093854,32.77
0.3104482957170741,0.25139259493882116,0.33485297882636234,0.6228937846224917,0.3330011021209375,0.15796278280875412,0.40836375464658475,0.19415844990772269,32.4
