PC1,PC2,PC3,PC4,PC5,PC6,compressive_strength
0.8546598359805793,-2.7965500617156778,1.783848442065398,-0.5170741557864551,0.14802558896411389,-0.49879613857215765,61.89
2.824948440897105,0.5949942779000121,-0.7515021334956529,-0.19275279954174002,2.4453496813579125,0.21323747961149084,47.03
3.438897122881734,-0.06164246278763073,0.9094170573711515,-0.4765012297904425,1.0029019764315557,1.3709845004102028,36.45
2.9967316653308953,0.633598429543029,-0.15352189176319825,-0.09885433697326075,0.5286699417148097,1.043949444502862,45.85
3.288984550248631,-1.2074487771390605,1.358176694252837,0.01982879916544798,1.3234586193258593,1.8120055438155513,39.29
1.0595706767069955,0.4516598364457978,-1.7040504581513733,0.42510308953448567,1.291599903902135,-1.4276860575827541,38.07
1.2313539011407857,0.4902639880888148,-1.1060702164189187,0.519001552102965,-0.6250798357409679,-0.5969740926913827,28.02
2.9448784990035874,1.5116393293811554,-1.1105098430010012,-0.5898168227064524,2.1889043670424697,-0.139579355112788,42.33
2.936766636277654,0.17527590380245717,0.025981962989475915,0.09967767460909525,0.6568925988725313,1.2203578618650017,47.81
2.6450533537373815,-0.7799732993217036,-0.21299056923763052,0.40284323520532844,2.830017652831077,0.7424627316979091,52.91
1.2626969668285604,0.8243267081424459,-2.1573845854422755,-0.6267615620585297,0.9264155802462253,-1.8970860811426438,39.36
3.2671138984479438,-0.10024661443064765,0.31143681563869685,-0.5703996923589219,2.919581716074658,0.5402725355188314,40.56
1.4344801912623506,0.8629308597854628,-1.5594043437098208,-0.5328630994900504,-0.9902641593968778,-1.0663741162512723,28.24
1.5037476204695241,0.8784970499640986,-1.3182832784951213,-0.49500081619630876,-1.7631188931239354,-0.7314096142789451,8.06
3.3639408365651824,-0.6345456199633456,1.1337968758119945,-0.2283362153124973,1.1631802978787076,1.5914950221128772,37.43
3.3471691907826564,-1.1943731773890065,1.5607183890331846,0.051633117132190966,0.6742606429951308,2.093375725472306,38.6
3.663765981831389,1.6570670087395134,0.23627760204862364,-1.220996273224278,0.5220670120901,0.7094529353021798,30.08
3.3420701847644954,0.4726565427450672,0.08705699719785435,-0.818564706836867,2.7593033946275067,0.3197620138161573,37.72
3.1172013258148406,-1.2460529287820774,0.7601964525203825,-0.0740696634030313,3.240138358968962,0.9812935789241799,42.23
2.7050183827906227,-0.32165077358113153,-0.3924944239903046,0.20431122362297233,2.701794995673356,0.5660543143357697,50.46
3.192157612131392,-0.6731497716063625,0.5358166340795399,-0.32223467788097654,3.07986003752181,0.7607830572215057,41.54
3.422125477099208,-0.6214700202132915,1.336338570592342,-0.1965318973457543,0.5139823215479791,1.872865203769632,35.08
1.1733087498445578,-1.6471012892484207,-0.32912256309485904,0.5990150581548854,-1.0565445665758597,0.24069361192189703,15.05
3.7219506223654144,1.6701426084895674,0.4388192968289712,-1.189191955257535,-0.12713096424062847,0.9908231169589345,26.26
3.4970817634157596,-0.0485668630375766,1.111958752151499,-0.4446969118236995,0.3537040001008271,1.6523546820669577,32.82
3.4919827573975986,1.6184628570964965,-0.361702639683831,-1.3148947357927572,2.438746751733203,-0.12125902958919159,33.12
2.764983411843864,0.13667175215944025,-0.5719982787429787,0.005779212040615982,2.573572338515634,0.3896458969736304,49.19
1.4926648317963764,0.8760064595355169,-1.3568626489294733,-0.5010587815233075,-1.6394621357276062,-0.7850039345945176,14.59
1.2895385416748115,0.5033395878388688,-0.9035285216385711,0.5508058700697078,-1.2742778120716964,-0.3156039110346278,14.64
1.3006213303479592,0.5058301782674506,-0.8649491512042192,0.5568638353967066,-1.3979345694680256,-0.2620095907190555,9.13
3.5138534091982856,0.5112606943880841,0.685037238930309,-0.7246662442683877,0.8426236549844037,1.1504739787075287,33.02
0.9537303393023953,-0.9369517717442744,-0.46277587298689477,1.4846926192794532,-1.0448092064265044,0.2890080914963038,9.87
3.572038049732311,0.5243362941381382,0.8875789337106565,-0.6928619263016448,0.19342567865367527,1.4318441603642835,30.28
3.1166617234373777,1.5502434810241723,-0.5125296012685466,-0.4959183601379731,0.2722246273993669,0.6911326097785834,40.86
-0.0020098888459450614,-3.2009455552673667,0.5237788980036936,-0.046588494470511464,-0.7249702040595903,-1.4515397762299052,71.99
0.43017669447410595,0.659621435495531,1.9908793422991498,0.1231344653179355,-0.8812649348067182,-0.9110179922297666,34.4
1.454682867788309,0.6277427869586597,1.7183687406579171,-2.3741121677768424,-0.987208270261342,-0.8878653357733158,28.8
-1.395538763442305,0.4597211123892073,2.5853047944064746,1.9379528354424982,-0.9295140682082468,-1.2952822525353527,33.4
-1.3289768653156386,-0.04785409237206742,2.8243972170120286,0.48061412717142005,-0.9204715654761675,-1.2914076211119967,36.3
0.7143964969708909,0.20944501696206136,2.4970042888995567,1.4431736353642344,-0.3353435669191517,-0.20376350941271734,37.8
-1.0859165067802836,0.4244513016361182,1.7359240723673424,2.3841685879349455,-1.1147676968109776,-1.2049378562556314,28.1
-0.9185117343104751,1.665978735130991,1.9080531297485495,1.3981482864066832,-1.2751145239770478,-1.6796794624965925,25.2
-1.0162976122896252,-0.4244376268909218,1.8202216901865362,0.9949133443223168,-1.2715682821890324,-1.4283870954009166,41.1
0.11371263786424736,0.6063877415846664,2.0242621552769555,-0.12429974980908286,-0.9918714737381291,-1.1006533863006953,35.3
1.4289420179877594,1.5801504805661934,2.086471012464168,-1.187908824303359,-0.718007476747335,-0.7168333327481397,28.3
-0.12494499135323868,-0.9629685277037124,2.459626305736501,-2.9534918308359694,-1.0726767307677296,-1.1942141967528177,28.6
-0.7289418423392017,0.47299854552163967,1.2564551864587856,-0.46440079927803457,-1.7066279741843429,-1.9571210265846612,24.4
1.0707317736789135,0.7075768359461314,2.707118329384436,0.24629112246894597,-0.2797827986655088,-0.20924430723636708,39.3
-1.4145839147843355,0.7530925875960226,3.275278860907586,-0.4736335761542485,-1.0040775945173228,-1.7266393380609972,40.6
0.5694118579022386,0.7208330429732729,1.5813855477659635,-0.05706239439636071,-0.9573712045078064,-0.8133459019194719,24.1
0.4190939058009582,0.6571308450669493,1.9522999718647978,0.11707649999093683,-0.757608177410389,-0.9646123125453391,46.2
1.4436000791151613,0.625252196530078,1.6797893702235651,-2.380170133103841,-0.8635515128650127,-0.9414596560888883,42.8
-1.4066215521154528,0.4572305219606256,2.5467254239721226,1.9318948701154997,-0.8058573108119176,-1.3488765728509249,49.2
-1.3400596539887863,-0.05034468280064915,2.7858178465776766,0.4745561618444214,-0.7968148080798383,-1.345001941427569,46.8
0.7033137082977431,0.20695442653347962,2.4584249184652047,1.4371156700372358,-0.21168680952282243,-0.2573578297282897,55.6
-1.0969992954534313,0.4219607112075365,1.6973447019329904,2.378110622607947,-0.9911109394146485,-1.2585321765712036,34.9
-0.9295945229836229,1.663488144702409,1.8694737593141975,1.3920903210796847,-1.1514577665807186,-1.7332737828121647,33.4
-1.027380400962773,-0.42692821731950353,1.7816423197521842,0.9888553789953181,-1.1479115247927032,-1.4819814157164888,54.1
0.1026298491910996,0.6038971511560847,1.985682784842604,-0.13035771513608152,-0.8682147163417999,-1.1542477066162675,55.9
1.4178592293146117,1.5776598901376115,2.047891642029816,-1.1939667896303576,-0.5943507193510057,-0.7704276530637121,49.8
-0.13602778002638644,-0.9654591181322941,2.421046935302149,-2.959549796162968,-0.9490199733714004,-1.24780851706839,47.1
-0.7400246310123495,0.47050795509305793,1.2178758160244338,-0.4704587646050332,-1.5829712167880137,-2.0107153469002337,38.0
1.0596489850057658,0.7050862455175497,2.668538958950084,0.2402331571419473,-0.15612604126917956,-0.26283862755193943,56.1
-1.4256667034574833,0.7506019971674409,3.236699490473234,-0.47969154148124715,-0.8804208371209936,-1.7802336583765694,59.09
0.1026298491910996,0.6038971511560847,1.985682784842604,-0.13035771513608152,-0.8682147163417999,-1.1542477066162675,22.9
0.5583290692290908,0.7183424525446912,1.5428061773316115,-0.06312035972335937,-0.8337144471114772,-0.8669402222350443,35.1
0.36090926526693246,0.6440552453168952,1.7497582770844502,0.08527218202419384,-0.10841020107966048,-1.2459824942020938,61.09
1.3854154385811355,0.6121765967800239,1.4772476754432176,-2.411974451070584,-0.21435353653428424,-1.222829837745643,59.8
-1.4648061926494786,0.4441549222105715,2.344183729191775,1.9000905521487566,-0.1566593344811891,-1.6302467545076798,60.29
-1.3982442945228122,-0.06342028255070328,2.583276151797329,0.4427518438776784,-0.14761683174910978,-1.6263721230843238,61.8
0.6451290677637174,0.1938788267834255,2.255883223684857,1.4053113520704927,0.4375111668079061,-0.5387280113850446,68.3
-1.1551839359874572,0.4088851114574824,1.4948030071526428,2.346306304641204,-0.34191296308391994,-1.5399023582279585,50.7
-0.9877791635176486,1.650412544952355,1.66693206453385,1.3602860031129416,-0.5022597902499901,-2.01464396446892,55.5
-1.0855650414967988,-0.4400038170695576,1.5791006249718367,0.9570510610285752,-0.49871354846197463,-1.7633515973732437,68.5
0.044445208657073874,0.5908215514060305,1.7831410900622564,-0.1621620331028245,-0.21901674001107138,-1.4356178882730224,71.3
1.359674588780586,1.5645842903875575,1.8453499472494685,-1.2257711075971007,0.05484725697972278,-1.0517978347204668,74.7
-0.19421242056041219,-0.9785347178823482,2.2185052405218015,-2.991354114129711,-0.299821997040672,-1.5291786987251448,52.2
-0.7982092715463752,0.45743235534300386,1.0153341212440863,-0.5022630825717762,-0.9337732404572852,-2.2920855285569885,67.7
1.0014643444717402,0.6920106457674956,2.4659972641697365,0.2084288391752043,0.49307193506154895,-0.5442088092086943,66.0
-1.483851343991509,0.7375263974173868,3.0341577956928862,-0.5114958594479901,-0.2312228607902651,-2.0616038400333245,74.5
0.500144428695065,0.7052668527946371,1.340264482551264,-0.09492467769010236,-0.18451647078074873,-1.148310403891799,49.9
0.2833297445548982,0.6266211123168229,1.4797026840439869,0.04286642473520321,0.7571871006946441,-1.6211427364111004,63.4
1.3078359178691012,0.5947424637799517,1.2071920824027542,-2.4543802083595745,0.6512437652400204,-1.5979900799546496,64.9
-1.5423857133615129,0.42672078921049933,2.0741281361513115,1.857684794859766,0.7089379672931155,-2.0054069967166863,64.3
-1.4758238152348464,-0.08085441555077544,2.3132205587568655,0.40034608658868776,0.7179804700251948,-2.0015323652933303,64.9
0.567549547051683,0.17644469378335334,1.985827630644394,1.362905594781502,1.3031084685822107,-0.913888253594051,72.3
-1.2327634566994914,0.3914509784574102,1.2247474141121795,2.3039005473522134,0.5236843386903847,-1.915062600436965,55.2
-1.065358684229683,1.6329784119522828,1.3968764714933866,1.317880245823951,0.3633375115243145,-2.389804206677926,66.1
-1.163144562208833,-0.4574379500696298,1.3090450319313733,0.9146453037395845,0.36688375331233,-2.13851183958225,73.7
-0.2717919412724465,-0.9959688508824205,1.9484496474813384,-3.0337598714187015,0.5657753047336327,-1.9043389409341513,54.9
-0.8757887922584096,0.4399982223429317,0.7452785282036228,-0.5446688398607669,-0.06817593868298052,-2.667245770765995,72.99
0.9238848237597057,0.6745765127674234,2.195941671129273,0.16602308188621367,1.3586692368358535,-0.9193690514177008,71.7
0.42256490798303076,0.6878327197945648,1.0702088895108006,-0.137330434979093,0.6810808309935559,-1.5234706461008056,59.89
0.18635534366485532,0.6048284460667328,1.1421331927434077,-0.010140771876035088,1.8391837279125247,-2.0900930391723582,64.9
1.2108615169790584,0.5729497975298615,0.869622591102175,-2.507387404970813,1.733240392457901,-2.0669403827159076,66.6
-1.6393601142515557,0.40492812296040914,1.7365586448507329,1.8046775982485277,1.790934594510996,-2.474357299477944,65.2
-1.5727982161248892,-0.10264708180086564,1.9756510674562868,0.3473388899774495,1.7999770972430755,-2.470482668054588,66.7
0.47057514616164026,0.15465202753326315,1.648258139343815,1.3098983981702639,2.3851050958000912,-1.382838556355309,74.19
-1.3297378575895342,0.36965831220732004,0.8871779228116002,2.250893350740975,1.6056809659082654,-2.384012903198223,57.6
-1.1623330851197258,1.6111857457021925,1.0593069801928074,1.2648730492127127,1.4453341387421952,-2.858754509439184,68.1
-1.2601189630988758,-0.47923061631971997,0.9714755406307941,0.8616381071283462,1.4488803805302106,-2.607462142343508,75.5
-0.3687663421624893,-1.0177615171325107,1.6108801561807593,-3.08676706802994,1.6477719319515132,-2.3732892436954094,56.5
-0.9727631931484524,0.4182055560928415,0.40770903690304355,-0.5976760364720052,1.0138206885349001,-3.1361960735272527,76.8
0.8269104228696629,0.6527838465173332,1.8583721798286943,0.11301588527497537,2.440665864053734,-1.3883193541789587,73.3
0.3255905070929879,0.6660400535444747,0.7326393982102214,-0.1903376315903313,1.7630774582114366,-1.9924209488620634,67.8
-0.5262758377679075,-0.09878694224174714,-0.8428277318727967,1.049643937665545,-0.9863091551973581,1.002905783965519,11.58
-0.556753506619064,-0.10563606592034692,-0.9489210005672645,1.0329845330162988,-0.6462530723574527,0.8555214030976951,24.45
-0.5955432669750811,-0.114353132420383,-1.0839487970874961,1.0117816543718035,-0.21345442147030033,0.6679412819931919,24.89
-0.6731227876871154,-0.13178726542045516,-1.3540043901279595,0.9693758970828128,0.6521428803040042,0.2927810397841855,29.45
-0.7950334630917407,-0.15918376013485425,-1.7783774649058306,0.9027382784858274,2.0123672116636255,-0.2967564836871103,40.71
-0.1718897363597668,0.052332230318633564,-0.6792788589126577,1.1216824282859914,-0.7595116238955658,1.3094206438250495,10.38
-0.2023674052109231,0.045483106640033785,-0.7853721276071255,1.105023023636745,-0.41945554105566035,1.1620362629572256,22.14
-0.24115716556694028,0.03676604013999771,-0.9203999241273572,1.0838201449922498,0.013343109831491942,0.9744561418527223,22.84
-0.31873668627897456,0.019331907139925553,-1.1904555171678206,1.0414143877032591,0.8789404116057965,0.5992958996437159,27.66
-0.44064736168359986,-0.008064587574473552,-1.6148285919456915,0.9747767691062738,2.239164742965418,0.009758376172420116,34.56
-1.7372132741376618,-0.2917353035436585,-0.8556413442698615,0.7681645006980731,-1.4744588878578642,0.18585409985848803,12.45
-1.7676909429888181,-0.29858442722225825,-0.9617346129643293,0.7515050960488268,-1.1344028050179586,0.038469718990664044,24.99
-1.8064807033448353,-0.3073014937222943,-1.096762409484561,0.7303022174043314,-0.7016041541308065,-0.14911040211383916,25.72
-1.8840602240568696,-0.3247356267223665,-1.3668180025250243,0.6878964601153408,0.16399314764349818,-0.5242706443228456,33.96
-2.0059708994614946,-0.3521321214367656,-1.7911910773028954,0.6212588415183554,1.5242174790031195,-1.1138081677941414,37.34
-1.6489517758839607,-0.810083785603492,-0.7247567466415156,-0.8995296276855785,-1.3977826632229378,0.47151347759338963,15.04
-1.679429444735117,-0.8169329092820918,-0.8308500153359833,-0.9161890323348248,-1.0577265803830322,0.32412909672556567,21.06
-1.7182192050911342,-0.8256499757821278,-0.965877811856215,-0.9373919109793202,-0.6249279294958799,0.13654897562106244,26.4
-1.7957987258031685,-0.8430841087822001,-1.2359334048966784,-0.9797976682683108,0.24066937227842464,-0.238611266587944,35.34
-1.9177094012077938,-0.8704806034965992,-1.6603064796745495,-1.046435286865296,1.6008937036380462,-0.8281487900592398,40.57
-0.7429272647985219,-0.6406399819055624,-0.698892468955443,-0.6454326938293284,-1.0232747002902522,1.0844188799255898,12.47
-0.7734049336496783,-0.6474891055841622,-0.8049857376499108,-0.6620920984785748,-0.6832186174503468,0.9370344990577658,20.92
-0.8121946940056954,-0.6562061720841982,-0.9400135341701424,-0.6832949771230701,-0.25041996656319454,0.7494543779532626,24.9
-0.8897742147177298,-0.6736403050842704,-1.2100691272106059,-0.7257007344120607,0.6151773352111101,0.37429413574425624,34.2
-1.011684890122355,-0.7010367997986695,-1.6344422019884768,-0.7923383530090461,1.9754016665707315,-0.21524338772703958,39.61
-0.04913541471655354,-0.4643309305253477,-0.6170950140719426,-0.44301552947717215,-0.6978640297516204,1.5894488880786317,10.03
-0.07961308356770987,-0.47118005420394743,-0.7231882827664103,-0.45967493412641847,-0.35780794691171497,1.4420645072108078,20.08
-0.11840284392372702,-0.4798971207039835,-0.858216079286642,-0.4808778127709138,0.07499070397543736,1.2544843861063046,24.48
-0.19598236463576132,-0.4973312537040557,-1.1282716723271053,-0.5232835700599044,0.940588005749742,0.8793241438972982,31.54
-0.31789304004038665,-0.5247277484184548,-1.5526447471049765,-0.5899211886568898,2.300812337109363,0.28978662042600245,35.34
-1.8544529507130398,-0.7092667440578543,-0.5346096712859485,-0.9578389148357931,-1.3615717517954316,0.4462392615075251,9.45
-1.8849306195641962,-0.7161158677364541,-0.6407029399804163,-0.9744983194850394,-1.021515668955526,0.2988548806397011,22.72
-1.9237203799202134,-0.7248329342364901,-0.7757307365006479,-0.9957011981295347,-0.5887170180683737,0.11127475953519786,28.47
-2.0012999006322474,-0.7422670672365623,-1.0457863295411114,-1.0381069554185254,0.2768802837059309,-0.26388548267380857,38.56
-2.1232105760368727,-0.7696635619509614,-1.4701594043189823,-1.1047445740155106,1.6371046150655524,-0.8534230061451045,40.39
-1.1247468132744618,-0.4119829821428277,-1.1233665054800956,-0.8685180412126671,-1.0753497253597069,1.3915465529110636,10.76
-1.1552244821256181,-0.41883210582142744,-1.2294597741745634,-0.8851774458619134,-0.7352936425198013,1.2441621720432396,25.48
-1.1940142424816353,-0.4275491723214635,-1.3644875706947952,-0.9063803245064087,-0.3024949916326491,1.0565820509387365,21.54
-1.2715937631936696,-0.4449833053215357,-1.6345431637352585,-0.9487860817953994,0.5631023101416556,0.68142180872973,28.63
-1.3935044385982949,-0.47237980003593477,-2.0589162385131297,-1.0154237003923845,1.923326641501277,0.09188428525843424,33.54
0.1972008186854987,-0.15383877677800387,-0.35636501088884537,-0.6644301250137918,-1.4090274540953749,-0.30396779632794124,18.0
0.1667231498343424,-0.16068790045660364,-0.4624582795833131,-0.6810895296630382,-1.0689713712554696,-0.4513521771957652,30.39
0.12793338947832522,-0.16940496695663973,-0.5974860761035448,-0.7022924083075335,-0.6361727203683173,-0.6389322983002684,45.71
0.05035386876629095,-0.18683909995671188,-0.8675416691440081,-0.7446981655965241,0.22942458140598734,-1.0140925405092749,50.77
-0.07155680663833436,-0.214235594671111,-1.2919147439218792,-0.8113357841935095,1.5896489127656088,-1.6036300639805707,53.9
0.2166074082715746,-0.16407390358489285,-0.37376226274163354,-0.6592436201365197,-1.4125759614545528,-0.3021607872288401,13.18
0.18612973942041827,-0.17092302726349262,-0.47985553143610127,-0.675903024785766,-1.0725198786146473,-0.44954516809666406,17.84
0.1473399790644011,-0.1796400937635287,-0.6148833279563329,-0.6971059034302614,-0.6397212277274951,-0.6371252892011673,40.23
0.06976045835236684,-0.19707422676360087,-0.8849389209967963,-0.739511660719252,0.22587607404680957,-1.0122855314101737,47.13
-0.05215021705225848,-0.22447072147799998,-1.3093119957746673,-0.8061492793162374,1.586100405406431,-1.6018230548814696,49.97
-0.20075941454845503,-0.39384606679472145,-0.4799579344488207,-0.48623661145675257,-0.6738770534097084,1.5676982661810968,13.36
-0.23123708339961135,-0.4006951904733212,-0.5860512031432884,-0.5028960161059989,-0.333820970569803,1.4203138853132729,22.32
-0.2700268437556285,-0.40941225697335726,-0.7210789996635201,-0.5240988947504942,0.09897768031734935,1.2327337642087697,24.54
-0.3476063644676628,-0.42684638997342944,-0.9911345927039834,-0.5665046520394849,0.9645749820916539,0.8575735219997632,31.35
-0.4695170398722881,-0.45424288468782853,-1.4155076674818545,-0.6331422706364702,2.324799313451275,0.2680359985284675,40.86
-0.6955461631324747,0.01799204962367932,-0.3155259464050297,0.9276725751994926,-0.8386723841277517,1.0010647165085054,19.93
-0.7260238319836312,0.011142925945079542,-0.4216192150994974,0.9110131705502463,-0.49861630128784634,0.8536803356406814,25.69
-0.7648135923396483,0.002425859445043462,-0.5566470116197291,0.889810291905751,-0.065817650400694,0.6661002145361782,30.23
-0.8423931130516826,-0.015008273555028694,-0.8267026046601924,0.8474045346167604,0.7997796513736106,0.2909399723271718,39.59
-0.9643037884563079,-0.0424047682694278,-1.2510756794380635,0.780766916019775,2.160003982733232,-0.298597551144124,44.3
-0.5873089508864567,-0.1397197957376951,-0.4728906448392965,1.0685325291279517,-0.8855107947730404,0.981679183229426,13.82
-0.6177866197376132,-0.14656891941629488,-0.5789839135337642,1.0518731244787054,-0.5454547119331349,0.834294802361602,24.92
-0.6565763800936303,-0.15528598591633097,-0.7140117100539959,1.03067024583421,-0.11265606104598262,0.6467146812570989,29.22
-0.7341559008056646,-0.17272011891640313,-0.9840673030944592,0.9882644885452194,0.7529412407283219,0.27155443904809246,38.33
-0.8560665762102899,-0.20011661363080224,-1.4084403778723302,0.9216268699482341,2.113165572087943,-0.31798308442320333,42.35
-1.9985459888361277,-0.389790442750196,-0.5673709579345982,0.7031208598245088,-1.4910705374556281,0.009522571416672194,13.54
-2.0290236576872838,-0.3966395664287957,-0.673464226629066,0.6864614551752625,-1.1510144546157228,-0.13786180945115176,26.31
-2.067813418043301,-0.4053566329288318,-0.8084920231492977,0.6652585765307671,-0.7182158037285705,-0.325441930555655,31.64
-2.1453929387553354,-0.42279076592890397,-1.0785476161897611,0.6228528192417765,0.1473814980457341,-0.7006021727646615,42.55
-2.2673036141599607,-0.45018726064330306,-1.502920690967632,0.5562152006447911,1.5076058294053556,-1.2901396962359573,42.92
-2.163001967143922,-0.29080728164496544,-0.40968669841876076,0.6885979782112334,-1.454359220478794,-0.0015782495551044762,13.33
-2.193479635995078,-0.2976564053235652,-0.5157799671132285,0.671938573561987,-1.1143031376388888,-0.14896263042292843,25.37
-2.232269396351095,-0.30637347182360125,-0.6508077636334602,0.6507356949174917,-0.6815044867517365,-0.3365427515274317,37.4
-2.3098489170631296,-0.32380760482367343,-0.9208633566739235,0.6083299376285011,0.18409281502256816,-0.7117029937364382,44.4
-2.431759592467755,-0.3512040995380725,-1.3452364314517946,0.5416923190315157,1.5443171463821896,-1.301240517207734,47.74
-1.6798038509832933,-0.9093324464500132,-0.5122334243304922,-0.8762412587357494,-1.3659904732339447,0.40891509741373827,19.52
-1.7102815198344496,-0.916181570128613,-0.61832669302496,-0.8929006633849957,-1.0259343903940394,0.2615307165459143,31.35
-1.7490712801904669,-0.924898636628649,-0.7533544895451917,-0.9141035420294911,-0.593135739506887,0.07395059544141108,38.5
-1.826650800902501,-0.9423327696287213,-1.0234100825856551,-0.9565092993184817,0.2724615622674176,-0.3012096467675953,45.08
-1.9485614763071264,-0.9697292643431203,-1.447783157363526,-1.0231469179154669,1.632685893627039,-0.8907471702388912,47.82
-0.988069473924887,-0.7382300710103413,-0.41136458694879946,-0.6678955519679725,-1.0356642739341304,0.9122894358782089,15.44
-1.0185471427760433,-0.7450791946889411,-0.5174578556432672,-0.6845549566172188,-0.6956081910942249,0.7649050550103849,26.77
-1.0573369031320605,-0.7537962611889771,-0.6524856521634989,-0.7057578352617141,-0.2628095402070726,0.5773249339058817,33.73
-1.1349164238440947,-0.7712303941890494,-0.9225412452039622,-0.7481635925507047,0.602787761567232,0.2021646916968753,42.7
-1.25682709924872,-0.7986268889034485,-1.3469143199818332,-0.8148012111476901,1.9630120929268535,-0.3873728317744205,45.84
-0.3310973033853698,-0.5689374223796475,-0.29470340447529625,-0.4741473305552809,-0.7122404892283158,1.3963555605473947,17.22
-0.3615749722365261,-0.5757865460582473,-0.400796673169764,-0.4908067352045272,-0.3721844063884104,1.2489711796795708,29.93
-0.4003647325925433,-0.5845036125582833,-0.5358244696899956,-0.5120096138490225,0.060614244498741914,1.0613910585750677,29.65
-0.47794425330457757,-0.6019377455583556,-0.805880062730459,-0.5544153711380132,0.9262115462730465,0.6862308163660612,36.97
-0.5998549287092029,-0.6293342402727546,-1.23025313750833,-0.6210529897349986,2.286435877632668,0.09669329289476543,43.58
-0.39042567939076234,-0.5437486948699276,-0.24460479959081727,-0.49093299244796007,-0.7035708902971423,1.388271441587934,13.12
-0.42090334824191866,-0.5505978185485274,-0.35069806828528505,-0.5075923970972064,-0.36351480745723685,1.2408870607201101,24.43
-0.45969310859793583,-0.5593148850485634,-0.48572586480551677,-0.5287952757417017,0.06928384342991545,1.0533069396156067,32.66
-0.5372726293099701,-0.5767490180486357,-0.75578145784598,-0.5712010330306924,0.93488114520422,0.6781466974066004,36.64
-0.6591833047145954,-0.6041455127630347,-1.1801545326238512,-0.6378386516276777,2.2951054765638412,0.08860917393530461,44.21
-1.6222588825645348,-0.38455070487715015,-0.6727853708619728,-0.9745352889286167,-1.054194434909348,1.220741218227189,13.62
-1.652736551415691,-0.3913998285557499,-0.7788786395564405,-0.991194693577863,-0.7141383520694424,1.0733568373593652,21.6
-1.6915263117717083,-0.40011689505578596,-0.9139064360766722,-1.0123975722223584,-0.2813397011822901,0.8857767162548619,27.77
-1.7691058324837425,-0.41755102805585814,-1.1839620291171356,-1.054803329511349,0.5842576005920145,0.5106164740458554,35.57
-1.8910165078883678,-0.44494752277025723,-1.6083351038950067,-1.1214409481083343,1.944481931951636,-0.07892104942544036,45.37
-1.1936180359629067,-0.15872039828516935,-0.5115449954449766,-0.983706919987164,-1.233023572746566,0.5765847285758778,7.32
-1.224095704814063,-0.16556952196376912,-0.6176382641394443,-1.0003663246364103,-0.8929674899066605,0.429200347708054,21.5
-1.2628854651700803,-0.1742865884638052,-0.752666060659676,-1.0215692032809056,-0.4601688390195082,0.24162022660355076,31.27
-1.3404649858821145,-0.19172072146387736,-1.0227216537001393,-1.0639749605698963,0.4054284627547964,-0.13354001560545567,43.5
-1.4623756612867398,-0.21911721617827648,-1.4470947284780105,-1.1306125791668815,1.7656527941144178,-0.7230775390767515,48.67
-1.910953695106723,-0.245918665149457,-0.42285474175938015,-1.1799083927648637,-1.4534599765623255,0.1739997586371354,7.4
-1.9414313639578793,-0.2527677888280568,-0.5289480104538479,-1.19656779741411,-1.11340389372242,0.02661537776931142,23.51
-1.9802211243138965,-0.26148485532809285,-0.6639758069740795,-1.2177706760586053,-0.6806052428352678,-0.16096474333519178,31.12
-2.0578006450259307,-0.27891898832816503,-0.9340314000145429,-1.260176433347596,0.18499205893903684,-0.5361249855441983,39.15
-2.179711320430556,-0.3063154830425641,-1.358404474792414,-1.3268140519445812,1.5452163902986582,-1.1256625090154941,48.15
-1.484467500164518,-0.3596744570733343,0.28509029978479244,0.9271672979390436,-0.9908251243571243,0.4118355491232176,22.5
-1.5149451690156743,-0.36652358075193403,0.1789970310903247,0.9105078932897973,-0.6507690415172189,0.26445116825539366,34.67
-1.5537349293716916,-0.3752406472519701,0.043969234570093,0.889305014645302,-0.21797039063006665,0.07687104715089041,34.74
-1.6313144500837258,-0.3926747802520423,-0.22608635847037037,0.8468992573563113,0.647626911144238,-0.298289195058116,45.08
-1.753225125488351,-0.42007127496644137,-0.6504594332482414,0.780261638759326,2.0078512425038593,-0.8878267185294119,48.97
-2.0148904460904005,-0.33973244065924685,0.3752051458940347,0.7797847070100824,-1.132242194875564,0.13685114906361032,23.14
-2.0453681149415566,-0.3465815643378466,0.2691118771995669,0.7631253023608361,-0.7921861120356587,-0.010533231804213665,41.89
-2.084157875297574,-0.35529863083788266,0.13408408067933525,0.7419224237163408,-0.35938746114850645,-0.19811335290871687,48.28
-2.1617373960096082,-0.37273276383795484,-0.13597151236112812,0.6995166664273501,0.5062098406257982,-0.5732735951177234,51.04
-2.2836480714142335,-0.40012925855235393,-0.5603445871389992,0.6328790478303647,1.8664341719854196,-1.162811118589019,55.64
-1.2982869951293987,-0.33837018787762124,0.2949972145601647,0.9698275769295244,-0.9159662061944435,0.5326810469514255,22.95
-1.328764663980555,-0.345219311556221,0.18890394586569695,0.9531681722802781,-0.5759101233545381,0.3852966660836016,35.23
-1.3675544243365723,-0.35393637805625705,0.05387614934546525,0.9319652936357827,-0.14311147246738573,0.19771654497909835,39.94
-1.4451339450486065,-0.37137051105632923,-0.2161794436949981,0.8895595363467921,0.7224858293069188,-0.17744369722990808,48.72
-1.5670446204532318,-0.3987670057707283,-0.6405525184728691,0.8229219177498067,2.08271016066654,-0.7669812207012039,52.04
-2.6608388839865444,-0.5234966352999343,0.1643062988154639,0.5840382795331847,-1.494949188468798,-0.37091228718959657,21.02
-2.6913165528377005,-0.5303457589785341,0.05821303012099615,0.5673788748839383,-1.1548931056288925,-0.5182966680574206,33.36
-2.7301063131937178,-0.5390628254785701,-0.07681476639923554,0.546175996239443,-0.7220944547417403,-0.7058767891619238,33.94
-2.807685833905752,-0.5564969584786423,-0.34687035943969896,0.5037702389504524,0.14350284703256436,-1.0810370313709303,44.14
-2.9295965093103775,-0.5838934531930414,-0.7712434342175699,0.4371326203534671,1.5037271783921857,-1.670574554842226,45.37
-2.3005740482988397,-0.27338064146814717,0.1807163413970435,0.6860933721849568,-1.2771824840573163,-0.00013125622928221052,15.36
-2.331051717149996,-0.2802297651467469,0.07462307270257575,0.6694339675357105,-0.9371264012174109,-0.14751563709710616,28.68
-2.369841477506013,-0.288946831646783,-0.06040472381765596,0.6482310888912152,-0.5043277503302586,-0.3350957582016094,30.85
-2.4474209982180475,-0.30638096464685516,-0.3304603168581194,0.6058253316022245,0.36126955144404604,-0.7102560004106159,42.03
-2.569331673622673,-0.33377745936125425,-0.7548333916359903,0.5391877130052392,1.7214938828036674,-1.2997935238819116,51.06
-2.769565054540766,-0.3280474970653995,0.44719701378984017,0.5810595223065963,-1.3853820972195483,-0.3163506841973127,21.78
-2.8000427233919223,-0.33489662074399923,0.34110374509537245,0.56440011765735,-1.045326014379643,-0.4637350650651367,42.29
-2.8388324837479395,-0.3436136872440353,0.20607594857514075,0.5431972390128547,-0.6125273634924907,-0.6513151861696399,50.6
-2.916412004459974,-0.3610478202441075,-0.06397964446532262,0.500791481723864,0.25306993828181396,-1.0264754283786464,55.83
-3.0383226798645993,-0.38844431495850656,-0.4883527192431937,0.43415386312687876,1.6132942696414354,-1.6160129518499422,60.95
-2.499339938667279,-1.0405818776217952,0.21982598819479177,-1.014685722397748,-1.422345377787188,-0.05881148584850208,23.52
-2.529817607518435,-1.0474310013003951,0.113732719500324,-1.0313451270469942,-1.0822892949472827,-0.20619586671632603,42.22
-2.5686073678744523,-1.0561480678004311,-0.0212950770199077,-1.0525480056914895,-0.6494906440601304,-0.3937759878208293,52.5
-2.6461868885864868,-1.0735822008005034,-0.29135067006037113,-1.0949537629804802,0.21610665771417428,-0.7689362300298358,60.32
-2.768097563991112,-1.1009786955149024,-0.7157237448382421,-1.1615913815774654,1.5763309890737958,-1.3584737535011315,66.42
-1.6462351581236019,-0.9153684432635013,0.30877957551987456,-0.7406499271662005,-1.0581178431340976,0.4999729378447384,23.8
-1.6767128269747582,-0.9222175669421011,0.20268630682540684,-0.7573093318154468,-0.7180617602941922,0.35258855697691444,38.77
-1.7155025873307754,-0.9309346334421371,0.06765851030517513,-0.7785122104599421,-0.28526310940703986,0.16500843587241124,51.33
-1.7930821080428097,-0.9483687664422094,-0.20239708273528825,-0.8209179677489328,0.5803341923672647,-0.2101518063365952,56.85
-1.914992783447435,-0.9757652611566084,-0.6267701575131592,-0.8875555863459181,1.940558523726886,-0.7996893298078911,58.61
-0.9925864628123806,-0.7130896559361816,0.5027273421320994,-0.5560537860552863,-0.6976161069163929,1.0095254040050943,21.91
-1.023064131663537,-0.7199387796147814,0.3966340734376315,-0.5727131907045326,-0.35756002407648746,0.8621410231372704,36.99
-1.0618538920195542,-0.7286558461148174,0.26160627691739985,-0.593916069349028,0.07523862681066487,0.6745609020327672,47.4
-1.1394334127315884,-0.7460899791148896,-0.00844931612306352,-0.6363218266380186,0.9408359285849694,0.2994006598237608,51.96
-1.2613440881362137,-0.7734864738292887,-0.43282239090093455,-0.702959445235004,2.301060259944591,-0.290136863647535,56.74
-2.3050912646649997,-0.5229862943187207,-0.08293852468584223,-1.0902846427643156,-1.0915289208576087,0.8835776715943896,17.57
-2.335568933516156,-0.5298354179973205,-0.18903179338031,-1.106944047413562,-0.7514728380177031,0.7361932907265657,33.73
-2.374358693872173,-0.5385524844973565,-0.32405958990054173,-1.1281469260580572,-0.31867418713055085,0.5486131696220624,40.15
-2.4519382145842075,-0.5559866174974287,-0.5941151829410051,-1.1705526833470479,0.5469231146437538,0.17345292741305607,46.64
-2.5738488899888328,-0.5833831122118278,-1.018488257718876,-1.2371903019440331,1.9071474460033753,-0.4160845960582397,50.08
-2.451121593091315,-0.45373624304831683,0.053442162863753,-1.131254356930386,-1.067789023758035,0.8600846803535147,17.37
-2.481599261942471,-0.4605853667269166,-0.05265110583071477,-1.1479137615796322,-0.7277329409181296,0.7127002994856908,33.7
-2.520389022298488,-0.46930243322695264,-0.18767890235094647,-1.1691166402241275,-0.2949342900309772,0.5251201783811875,45.94
-2.5979685430105226,-0.4867365662270248,-0.45773449539140987,-1.2115223975131182,0.5706630117433273,0.14995993617218117,51.43
-2.719879218415148,-0.514133060941424,-0.8821075701692809,-1.2781600161101034,1.9308873431029487,-0.4395775872991146,59.3
-0.7185348525997363,-0.42956892945481207,0.6699509630014979,-0.7714241042368628,-1.4393212143903034,-0.8875001086551172,30.45
-0.7490125214508927,-0.4364180531334118,0.5638576943070301,-0.7880835088861091,-1.0992651315503978,-1.0348844895229412,47.71
-0.7878022818069098,-0.4451351196334479,0.42882989778679836,-0.8092863875306044,-0.6664664806632457,-1.2224646106274444,63.14
-0.8653818025189441,-0.46256925263352006,0.15877430474633503,-0.8516921448195951,0.19913082111105898,-1.597624852836451,66.82
-0.9872924779235694,-0.48996574734791914,-0.26559877003153604,-0.9183297634165805,1.5593551524706804,-2.1871623763077466,66.95
-2.3861161801439876,-0.46086636086896,0.2363100189895009,-1.2415518602987556,-1.5325402953832554,-0.3368880175743181,27.42
-2.4165938489951437,-0.46771548454755973,0.13021675029503313,-1.258211264948002,-1.1924842125433501,-0.48427239844214204,35.96
-2.455383609351161,-0.4764325510475958,-0.00481104622519856,-1.2794141435924973,-0.7596855616561978,-0.6718525195466453,55.51
-2.5329631300631954,-0.493866684047668,-0.27486663926566196,-1.321819900881488,0.1059117401181068,-1.0470127617556517,61.99
-2.6548738054678207,-0.5212631787620672,-0.6992397140435329,-1.3884575194784732,1.4661360714777283,-1.6365502852269476,63.53
-1.6542150740180572,-0.011311323956842964,0.1841643317710822,-0.7261767208943725,-1.1972170389246708,0.2504760577589845,18.02
-1.6846927428692136,-0.01816044763544274,0.07807106307661445,-0.7428361255436188,-0.8571609560847653,0.10309167689116056,38.6
-1.7234825032252308,-0.02687751413547882,-0.056956733443617256,-0.7640390041881141,-0.424362305197613,-0.08448844421334267,52.2
-1.801062023937265,-0.044311647135550976,-0.3270123264840807,-0.8064447614771048,0.44123499657669163,-0.4596486864223491,53.96
-1.9229726993418903,-0.07170814184995009,-0.7513854012619516,-0.8730823800740901,1.8014593279363131,-1.0491862098936449,56.63
-2.001872150010919,-0.7562655445124966,-0.11846360205383744,-0.950445902450206,-1.2767165409670633,0.37376568365952895,15.34
-2.032349818862075,-0.7631146681910964,-0.22455687074830522,-0.9671053070994523,-0.936660458127158,0.22638130279170496,26.05
-2.071139579218092,-0.7718317346911324,-0.35958466726853694,-0.9883081857439476,-0.5038618072400057,0.03880118168720174,30.22
-2.1487190999301267,-0.7892658676912047,-0.6296402603090002,-1.0307139430329382,0.36173549453429893,-0.3363590605218047,37.27
-2.270629775334752,-0.8166623624056037,-1.0540133350868712,-1.0973515616299234,1.7219598258939204,-0.9258965839931006,46.23
2.066701381794142,-1.2974264388840857,-0.0032703686158441258,0.7282214934259043,-0.49164623195518453,1.066336168639755,16.28
2.0362237129429857,-1.3042755625626856,-0.10936363731031189,0.7115620887766579,-0.1515901491152791,0.918951787771931,25.62
1.9974339525869684,-1.3129926290627216,-0.2443914338305436,0.6903592101321626,0.28120850177187323,0.7313716666674278,31.97
1.9198544318749342,-1.3304267620627939,-0.514447026871007,0.647953452843172,1.146805803546178,0.3562114244584214,36.3
1.797943756470309,-1.3578232567771928,-0.938820101648878,0.5813158342461866,2.507030134905799,-0.2333260990128744,43.06
-0.71971101171159,-2.1019676314119344,1.4252715706954444,1.4828389366550727,-0.4208946349147793,-1.4623192294528515,67.57
-0.06679872294896952,-2.8349516326983104,1.4306752233408333,-1.593530845780317,-0.09045222552947858,-0.42266221952422534,57.23
1.737138896979486,-2.155360203006338,1.2271478955431665,-0.7338519722947519,0.7756284894920089,1.1429219066302838,64.02
-0.19965424476401633,-0.7003896758410306,2.5901863044454108,2.3326370566682573,0.540428638707295,-0.3770508122455888,41.37
0.07682348265308393,-1.142980325376239,1.7916711929202065,2.5391423654925513,0.28936178876972235,-0.46013968121654447,60.28
0.9140932030942135,-1.439500272694047,2.1903645607598135,0.8967003239688833,0.7072088926955378,0.20614751750822027,56.83
0.4325505884733223,-1.2076748543169253,1.912783350635799,2.00763050019994,0.44857030359748745,-0.19512948638948222,51.02
-2.609645737918576,0.006916133595228352,2.300245449225953,0.17923159861952076,0.5566016825202557,0.49958970449596835,55.55
2.075565185257326,-2.7448042726079254,1.1584372387645792,-1.4733545941086499,0.4939374731908847,0.509823393147303,44.13
2.1544665392747486,-2.1417483176861203,0.9222479561952709,-1.7345809251380655,0.32522345061493535,0.277707054512909,39.38
-1.9649987954582124,-0.2156767895307445,2.7148320917174034,-1.5822269875396635,0.935973438657356,1.1421445769405678,55.65
-1.9037585457963624,-0.21008519920212182,1.8402812547493175,-1.705956219190546,0.640759059183717,1.105335389736825,47.28
-0.8868669714446801,0.04397998871050859,1.6122565415733443,-1.4295563284630024,0.9812822483175726,1.7868564481289346,44.33
1.165917274870559,-2.5812538309691164,0.1986415085437393,-0.9814169626889837,-0.24966141365264718,-0.3258877914547948,52.3
2.0443872029975165,-0.1934430402216937,-0.8813405318260783,-2.4484793022950937,-0.7329384999316491,-0.8148189227112115,49.25
-0.20954230743158192,-0.6961915545894106,2.598536071926157,2.329839446352811,0.5418735718624906,-0.37839816540549887,41.37
-0.7885361420721427,2.069238729499813,-0.7319740246287155,1.4575526361993136,-0.16067952314029163,0.4714908321792868,29.16
-0.8715317987298686,2.1640648182532733,-0.4966323196156545,1.4709001224906106,-0.12376095033653431,0.4007516831816131,39.4
0.9725153785702241,0.689056541861235,-0.010952479193411933,-0.2678858664812466,-0.3534495479705771,-0.6547543225952204,39.3
-1.0011377309625304,1.7300505172103957,0.9432579789061387,0.3809638302342878,-0.17540471986610182,-0.5599946250194174,67.87
0.1333026766357673,-2.1141147031090335,2.0666179030448264,-0.894719286048044,0.19095840026786293,-0.4952004481171922,58.52
0.5534528363318788,0.19644594295978918,0.9447955519377417,-1.5230048677328072,-0.4957771932336765,-1.3753736536708796,53.58
0.32914179139156907,-0.8326592449369061,1.4357346291389437,-1.6888598688960808,-0.2745629509678405,-1.1160605334552491,59.0
-0.996085675440826,1.9299897252438634,1.4044620400845325,0.26217445088503494,0.17209299550304868,-0.07951177278859062,76.24
-0.05834565738338447,-2.273077369106589,2.386050511053271,-0.873868845810788,0.1596364006887483,-0.7203052095527748,69.84
-1.4001335729828075,-0.374910091172642,-1.690229442366781,0.725939230490681,-1.5366284077323369,0.6606039491938792,14.4
-0.7240274495473369,0.9467881152689431,-0.16424683796123285,-1.1738078735492248,-1.04998445626211,0.6396535502149737,19.42
-0.01715085032503237,0.7033260783126853,-0.49401618973151257,-0.96063154447381,-1.0750617536794984,0.6836915610129256,20.73
-0.6484521090622639,0.9246537451350114,-0.17279517262162802,-1.1546563407574986,-1.0571797293532184,0.6131278383004907,14.94
-1.9793308100617186,-0.14154494711123913,-1.034061490178821,0.045529715510063254,-1.3612663110103926,0.7759795609934931,21.29
-1.609313461435483,0.2819279550035156,-0.5520453716299526,-0.6487704466521389,-1.0979146643141937,0.9960549394552229,23.08
-1.5507321635459441,0.5240661415767578,-0.3080288910718881,-0.9818947860010829,-1.0864656120933012,0.8549874348943307,15.52
-1.2704204978527727,0.748239170484255,-0.05074106758536184,-1.2088948785389961,-0.9264385410840547,0.9669736861056536,15.82
-1.7012073793989455,-0.6085490624096753,-0.5292376704618071,-0.892847878160248,-1.2712569607081035,0.6001993986740826,12.55
-0.4219147175425459,-0.057407135329196224,-0.4842121779799711,1.1262161262967874,-0.8037757326563282,1.1291033970953948,8.49
-2.301308981787655,-0.356565943046875,0.05771267753015699,-1.0690244456536044,-0.9800447820260532,1.0101760591880278,15.61
-1.5853212957311542,-0.19664897082765836,-0.8502559063352161,0.8236305764113899,-1.3861207723044253,0.3369636828300443,12.18
-0.19699772140565713,-0.636249564931685,-0.3916922550782867,-0.5930658934999314,-0.695378782171234,1.4807685759777907,11.98
-1.4306112418339638,-0.38175921485124176,-1.7963227110612487,0.7092798258414347,-1.1965723248924316,0.5132195683260552,16.88
-0.7545051183984933,0.9399389915903433,-0.27034010665570063,-1.190467278198471,-0.7099283734222044,0.4922691693471498,33.09
-0.047628519176188704,0.6964769546340855,-0.6001094584259803,-0.9772909491230564,-0.7350056708395929,0.5363071801451016,34.24
-0.6789297779134204,0.9178046214564116,-0.2788884413160958,-1.1713157454067449,-0.7171236465133128,0.46574345743266676,31.81
-2.0098084789128747,-0.1483940707898389,-1.1401547588732888,0.028870310860816924,-1.0212102281704871,0.6285951801256691,29.75
-1.6397911302866393,0.27507883132491584,-0.6581386403244204,-0.6654298513013852,-0.7578585814742882,0.8486705585873989,33.01
-1.5812098323971004,0.517217017898158,-0.4141221597663558,-0.9985541906503292,-0.7464095292533959,0.7076030540265068,32.9
-1.300898166703929,0.7413900468056552,-0.15683433627982962,-1.2255542831882424,-0.5863824582441493,0.8195893052378296,29.55
-1.7316850482501018,-0.6153981860882751,-0.6353309391562749,-0.9095072828094943,-0.9312008778681979,0.4528150178062586,19.42
-0.4523923863937022,-0.06425625900779601,-0.5903054466744388,1.109556721647541,-0.4637196498164228,0.9817190162275707,24.66
-2.331786650638811,-0.36341506672547474,-0.04838059116431078,-1.0856838503028508,-0.6399886991861478,0.8627916783202038,29.59
-1.6157989645823105,-0.20349809450625814,-0.9563491750296839,0.8069711717621436,-1.04606468946452,0.1895793019622203,24.28
-0.22747539025681346,-0.6430986886102849,-0.4977855237727544,-0.6097252981491778,-0.3553226993313285,1.3333841951099668,20.73
-1.469401002189981,-0.3904762813512778,-1.9313505075814805,0.6880769471969393,-0.7637736740052793,0.325639447221552,26.2
-0.7932948787545104,0.9312219250903073,-0.40536790317593235,-1.2116701568429664,-0.2771297225350521,0.3046890482426466,46.39
-0.08641827953220585,0.6877598881340495,-0.735137254946212,-0.9984938277675517,-0.30220701995244065,0.3487270590405984,39.16
-0.7177195382694375,0.9090875549563756,-0.4139162378363275,-1.1925186240512402,-0.2843249956261606,0.27816333632816354,41.2
-2.048598239268892,-0.157111137289875,-1.2751825553935205,0.007667432216321605,-0.5884115772833349,0.4410150590211659,33.69
-1.6785808906426565,0.2663617648248798,-0.793166436844652,-0.6866327299458805,-0.32505993058713595,0.6610904374828958,38.2
-1.6199995927531177,0.508499951398122,-0.5491499562865875,-1.0197570692948246,-0.3136108783662435,0.5200229329220035,41.41
-1.3396879270599462,0.7326729803056192,-0.29186213280006135,-1.2467571618327378,-0.15358380735699695,0.6320091841333264,37.81
-1.770474808606119,-0.6241152525883111,-0.7703587356765066,-0.9307101614539897,-0.49840222698104564,0.2652348967017554,24.85
-0.4911821467497194,-0.07297332550783209,-0.7253332431946705,1.0883538430030457,-0.03092099892927045,0.7941388951230676,27.22
-2.370576410994828,-0.3721321332255108,-0.18340838768454248,-1.106886728947346,-0.2071900482989954,0.6752115572157006,44.64
-1.6545887249383278,-0.21221516100629423,-1.0913769715499155,0.7857682931176483,-0.6132660385773677,0.0019991808577170846,37.27
-0.2662651506128306,-0.6518157551103209,-0.6328133202929861,-0.6309281767936731,0.07747595155582382,1.1458040740054636,33.27
-1.5469805229020153,-0.40791041435135,-2.201406100621944,0.6456711899079487,0.10182362776902534,-0.04952079498745439,36.56
-0.8708743994665448,0.9137877920902351,-0.6754234962163956,-1.254075914131957,0.5884675792392525,-0.07047119396635983,53.72
-0.16399780024424016,0.6703257551339773,-1.0051928479866754,-1.0408995850565423,0.563390281821864,-0.026433183168408,48.59
-0.7952990589814718,0.8916534219563034,-0.6839718308767908,-1.2349243813402309,0.5812723061481441,-0.09699690588084288,51.72
-2.1261777599809264,-0.17454527028994715,-1.5452381484339839,-0.03473832507266903,0.27718572449096973,0.06585481681215948,35.85
-1.7561604113546907,0.2489276318248076,-1.0632220298851154,-0.7290384872348712,0.5405373711871687,0.28593019527388935,53.77
-1.697579113465152,0.49106581839804986,-0.8192055493270508,-1.0621628265838152,0.551986423408061,0.14486269071299718,53.46
-1.4172674477719804,0.715238847305547,-0.5619177258405247,-1.2891629191217284,0.7120134944173077,0.25684894192432,48.99
-1.8480543293181533,-0.6415493855883834,-1.04041432871697,-0.9731159187429803,0.36719507479325897,-0.10992534550725104,31.72
-0.5687616674617537,-0.09040745850790424,-0.9953888362351339,1.045948085714055,0.8346763028450341,0.41897865291406117,39.64
-2.4481559317068626,-0.389566266225583,-0.4534639807250059,-1.1492924862363367,0.6584072534753092,0.3000513150066942,51.26
-1.732168245650362,-0.22964929400636638,-1.3614325645903789,0.7433625358286576,0.25233126319693694,-0.37316106135128935,43.39
-0.3438446713248649,-0.6692498881103931,-0.9028689133334494,-0.6733339340826637,0.9430732533301284,0.7706438317964571,39.27
-1.6688911983066406,-0.4353069090657491,-2.625779175399815,0.5790335713109633,1.4620479591286468,-0.6390583184587503,37.96
-0.9927850748711701,0.886391297375836,-1.0997965709942668,-1.3207135327289423,1.948691910598874,-0.6600087174376557,55.02
-0.28590847564886546,0.6429292604195782,-1.4295659227645463,-1.1075372036535276,1.9236146131814855,-0.6159707066397039,49.99
-0.9172097343860971,0.8642569272419043,-1.108344905654662,-1.301561999937216,1.9414966375077656,-0.6865344293521387,53.66
-2.2480884353855517,-0.20194176500434627,-1.969611223211855,-0.10137594366965433,1.637410055850591,-0.5236827066591364,37.68
-1.878071086759316,0.22153113711040848,-1.4875951046629865,-0.7956761058318566,1.9007617025467902,-0.30360732819740643,56.06
-1.8194897888697772,0.46366932368365077,-1.2435786241049218,-1.1288004451808005,1.9122107547676825,-0.4446748327582986,56.81
-1.5391781231766057,0.6878423525911479,-0.9862908006183957,-1.3558005377187137,2.072237825776929,-0.3326885815469758,50.94
-1.9699650047227786,-0.6689458803027825,-1.464787403494841,-1.0397535373399656,1.7274194061528805,-0.6994628689785469,33.56
-0.690672342866379,-0.11780395322230335,-1.4197619110130049,0.9793104671170697,2.1949006342046555,-0.17055887055723465,41.16
-2.570066607111488,-0.4169627609399821,-0.8778370555028768,-1.215930104833322,2.0186315848349303,-0.2894862084646016,52.96
-1.8540789210549873,-0.2570457887207655,-1.78580563936825,0.6767249172316723,1.6125555945565584,-0.9626985848225852,44.28
-0.4657553467294902,-0.6966463828247922,-1.3272419881113204,-0.7399715526796491,2.3032975846897497,0.18110630832516136,40.15
-0.842795388587718,-1.004460439491551,2.0668382746119582,-0.30933913423239645,0.4052824922413803,0.09707363889352112,57.03
-0.842795388587718,-1.004460439491551,2.0668382746119582,-0.30933913423239645,0.4052824922413803,0.09707363889352112,44.42
-0.842795388587718,-1.004460439491551,2.0668382746119582,-0.30933913423239645,0.4052824922413803,0.09707363889352112,51.02
-0.7142505739093676,-1.0590360157626106,1.9582912973622544,-0.27297020013159173,0.3864983612238378,0.11458922997235245,53.39
-0.7735279593805444,-0.9888942493129153,2.307959339826658,-0.2714768509386548,-0.36757224148567746,0.43203814086584835,35.36
-0.7735279593805444,-0.9888942493129153,2.307959339826658,-0.2714768509386548,-0.36757224148567746,0.43203814086584835,25.02
-0.7735279593805444,-0.9888942493129153,2.307959339826658,-0.2714768509386548,-0.36757224148567746,0.43203814086584835,23.35
-0.7846107480536922,-0.9913848397414969,2.269379969392306,-0.27753481626565346,-0.2439154840893482,0.378443820550276,52.01
-0.7846107480536922,-0.9913848397414969,2.269379969392306,-0.27753481626565346,-0.2439154840893482,0.378443820550276,38.02
-0.7846107480536922,-0.9913848397414969,2.269379969392306,-0.27753481626565346,-0.2439154840893482,0.378443820550276,39.3
-0.9203749092997523,-1.0218945724916233,1.7967826815714951,-0.3517448915213871,1.2708797940156848,-0.2780866033154853,61.07
-0.9203749092997523,-1.0218945724916233,1.7967826815714951,-0.3517448915213871,1.2708797940156848,-0.2780866033154853,56.14
-0.9203749092997523,-1.0218945724916233,1.7967826815714951,-0.3517448915213871,1.2708797940156848,-0.2780866033154853,55.25
-0.791830094621402,-1.0764701487626829,1.688235704321791,-0.3153759574205824,1.2520956629981423,-0.26057101223665396,54.77
-2.0382750288599443,-0.43356005671058895,1.425407209019634,0.8344131854978025,0.010153117058829533,-0.28883061393320847,50.24
-1.998722778189683,-0.45035254171706884,1.392008139096648,0.8456036267595887,0.0043733844380472375,-0.28344120129356803,46.68
-1.7712973368356788,-0.5469093305043283,1.1999634870394789,0.9099486640148586,-0.0288600781314512,-0.25245207861563573,46.68
-1.969007599652771,-0.41799386653195314,1.6665282742343335,0.8722754687915442,-0.7627016166682282,0.04613388803911874,22.75
-1.9294553489825095,-0.43478635153843304,1.6331292043113474,0.8834659100533303,-0.7684813492890105,0.051523300678759175,25.51
-1.7020299076285053,-0.5313431403256925,1.4410845522541784,0.9478109473086003,-0.8017148118585089,0.08251242335669147,34.77
-1.9800903883259187,-0.4204844569605349,1.6279489037999815,0.8662175034645454,-0.6390448592718989,-0.007460432276453611,36.84
-1.9405381376556572,-0.4372769419670148,1.5945498338769954,0.8774079447263315,-0.6448245918926813,-0.002071019636813178,45.9
-1.713112696301653,-0.5338337307542742,1.4025051818198264,0.9417529819816015,-0.6780580544621797,0.028918103041119123,41.67
-2.1158545495719787,-0.45099418971066113,1.1553516159791706,0.7920074282088119,0.8757504188331341,-0.663990856142215,56.34
-2.0763022989017172,-0.467786674717141,1.1219525460561846,0.803197869470598,0.8699706862123519,-0.6586014435025745,47.97
-1.848876857547713,-0.5643434635044006,0.9299078939990155,0.867542906725868,0.8367372236428534,-0.6276123208246422,61.46
-2.4585961768109104,-0.6245164939855126,0.9961807415353081,0.7311909719151225,-0.35714819475515974,-0.6965373243147858,44.03
-2.379491675470387,-0.6581014639984722,0.9293826016893365,0.7535718544386947,-0.36870765999672434,-0.685758499035505,55.45
1.104324217060943,-0.45485452911786356,1.5504103565536471,0.6812883709781197,1.3210467418054495,2.039060158523,55.55
0.8716217868878984,-0.12075969638585742,1.9061641928534618,1.0819687399765041,1.3889663189468637,1.96353732593859,57.92
1.1735916462681166,-0.43928833893922775,1.7915314217683467,0.7191506542718613,0.5481920080783916,2.3740246604953277,25.61
1.162508857594969,-0.4417789293678095,1.7529520513339947,0.7130926889448626,0.6718487654747209,2.320430340179755,33.49
1.0267446963489089,-0.47228866211793574,1.2803547635131838,0.638882613689129,2.186644043579754,1.6638999163139938,59.59
0.9408892160950719,-0.10519350620722155,2.147285258068161,1.1198310232702458,0.6161115852198059,2.298501827910917,29.55
0.9298064274219241,-0.10768409663580329,2.108705887633809,1.1137730579432472,0.7397683426161352,2.244907507595345,37.92
0.794042266175864,-0.13819382938592956,1.6361085998129985,1.0395629826875135,2.254563620721168,1.5883770837295834,61.86
-0.6397555537886643,0.20148229231501616,1.84765920859566,1.107919407367033,0.9392578507669574,1.2659490882648061,62.05
-0.5934676292648121,-0.19175068441544982,1.831490941462516,0.689609681767522,-0.004353859490508461,1.4504178844188784,32.01
-0.9633988431882218,0.1352699615691673,1.990463282909725,1.0350715884442823,0.8307738062888577,1.0094279662888712,72.1
-0.5815709132546386,0.21455789206507028,2.0502009033760076,1.1397237253337762,0.290059874436229,1.547319269921561,39.0
-0.7173350745006987,0.184048159314944,1.5776036155551967,1.0655136500780424,1.8048551525412622,0.8907888460557997,65.7
-0.8941314139810482,0.15083615174780315,2.231584348124424,1.072933871738024,0.05791907256179998,1.3443924682611983,32.11
-0.905214202654196,0.14834556131922141,2.1930049776900726,1.0668759064110254,0.1815758299581292,1.290798147945626,40.29
-1.040978363900256,0.11783582856909512,1.7204076898692617,0.9926658311552916,1.6963711080631623,0.6342677240798648,74.36
0.13158219749683325,0.3508646718526599,-1.2393018440919135,0.5427526863443928,0.26554768183728106,1.7859272065265723,21.97
0.20084962670400675,0.3664308620312957,-0.998180778877214,0.5806149696381344,-0.5073070518897767,2.1208917084988994,9.85
0.189766838030859,0.36394027160271397,-1.036760149311566,0.5745570043111357,-0.38365029449344745,2.067297388183327,15.07
0.05400267678479898,0.3334305388525877,-1.5093574371323768,0.5003469290554021,1.1311449836115857,1.4107669643175658,23.25
-0.8411113540236723,0.5994320525727277,0.33386509751335053,1.1944829044583827,0.45511011051663613,1.2614878726175824,43.73
-0.7718439248164988,0.6149982427513635,0.57498616272805,1.2323451877521243,-0.31774462321042163,1.5964523745899095,13.4
-0.7829267134896466,0.6125076523227818,0.5364067922936981,1.2262872224251258,-0.19408786581409238,1.5428580542743373,24.13
-0.9186908747357067,0.5819979195726555,0.06380950447288719,1.152077147169392,1.3207074122909408,0.886327630408576,44.52
-2.002008136183739,-0.39699852393867247,1.1163030359292885,0.27814109469091036,0.10744866036462819,0.2662984607232844,62.94
-2.002008136183739,-0.39699852393867247,1.1163030359292885,0.27814109469091036,0.10744866036462819,0.2662984607232844,59.49
-1.9327407069765656,-0.38143233376003666,1.357424101143988,0.316003377984652,-0.6654060733624295,0.6012629626956115,25.12
-1.9327407069765656,-0.38143233376003666,1.357424101143988,0.316003377984652,-0.6654060733624295,0.6012629626956115,23.64
-1.9438234956497134,-0.3839229241886184,1.318844730709636,0.30994541265765335,-0.5417493159661003,0.5476686423800392,35.75
-1.9438234956497134,-0.3839229241886184,1.318844730709636,0.30994541265765335,-0.5417493159661003,0.5476686423800392,38.61
-2.0795876568957734,-0.41443265693874465,0.8462474428888251,0.23573533740191974,0.9730459621389328,-0.10886178148572202,68.75
-2.0795876568957734,-0.41443265693874465,0.8462474428888251,0.23573533740191974,0.9730459621389328,-0.10886178148572202,66.78
2.4321963569769505,-0.45383433514700255,1.0155752577237085,1.7128674236867116,1.0336028880180004,1.36294176384758,23.85
0.5080070906384361,-0.4920537138659534,-1.4031437840433156,2.1479504605491306,1.6377835372885239,-0.8832891254810604,32.07
0.7490577442793999,-0.43788337204430067,-0.5640424770961616,2.2797112064113514,-1.0517509360816368,0.2823873413826382,11.65
1.371737575624501,-1.136921353555306,0.5111183543978386,1.3117008325947666,-0.6040297973266969,0.5689640778539243,19.2
1.1306869219835372,-1.1910916953769588,-0.32798295254931553,1.1799400867325458,2.0855046760434637,-0.5967123890097742,48.85
1.3024701464173274,-1.152487543733942,0.2699972891831391,1.273838549301025,0.16882493640036084,0.2339995758815972,39.6
1.7532198641035963,-1.549643539745863,1.198350015475244,0.8364687369323857,0.5679335464514982,0.4772118917851275,43.94
1.8114045046376221,-1.536567939995809,1.4008917102555916,0.8682730548991285,-0.08126442987923027,0.7585820734418823,34.57
1.581436639669806,-1.58824769138888,0.6003697737427894,0.7425702743639063,2.484613286094601,-0.3535000731062438,54.32
1.8224872933107699,-1.534077349567227,1.4394710806899436,0.8743310202261273,-0.2049211872755595,0.8121763937574547,24.4
1.0376422155453158,-0.7777905828589767,-0.10644207706852393,1.7650694864861602,-0.8623593315541254,0.4098289153514151,15.62
0.24924791506584595,-0.16401587714790786,-1.7591611043270345,2.6982760587164463,1.4924540742537498,-0.9897528234058296,21.86
0.4792157800336619,-0.11233612575483683,-0.9586391678142323,2.8239788392516685,-1.0734236417200818,0.12232932314229668,10.22
0.737974955606252,-0.4403739624728824,-0.6026218475305135,2.273653241084353,-0.9280941786853076,0.22879302106706587,14.6
0.42103113949963616,-0.12541172550489094,-1.1611808625945799,2.7921745212849256,-0.42422566538935325,-0.15904085851445815,18.75
0.9683747863381423,-0.7933567730376125,-0.34756314228322344,1.7272072031924186,-0.08950459782706768,0.07486441337908785,31.97
1.026559426872168,-0.7802811732875584,-0.14502144750287585,1.7590115211591617,-0.7387025741577962,0.3562345950358427,23.4
0.6797903150722263,-0.4534495622229365,-0.8051635423108611,2.24184892311761,-0.2788962023545791,-0.05257716058968899,25.57
0.7965915619043521,-0.8319609246806294,-0.945543384015678,1.6333087406239395,1.8271751418160354,-0.7558475515122836,41.68
1.3606547869513532,-1.139411943983888,0.47253898396348665,1.305642867267768,-0.4803730399303677,0.515369757538352,27.74
0.49029856870680966,-0.10984553532625509,-0.9200597973798804,2.830036804578667,-1.197080399116411,0.17592364345786904,8.2
1.7502324802791012,0.9764519874639873,-0.740569076426254,-1.1893129911984202,-1.4841747763447513,-0.8190759248066729,9.62
1.624937130099434,0.018799131048161426,-0.3655004957061931,-0.774485577523708,-1.2162569084941435,-0.45047517905525525,15.69
1.9294117869840384,1.2918359746478225,-0.5201843784836018,-1.242597641111119,-0.6981182623383269,-1.1379214335775385,27.94
2.0485087357737406,1.4572268899132632,-0.3078044628295367,-1.2527770793063315,-0.6294417056640419,-1.1569203661376455,32.63
1.734355289715851,0.11263520915139376,-0.12738825222182978,-0.7557914070315407,-1.1286414483052711,-0.44252221933970215,17.24
1.8441537659143896,0.20855584835003546,0.11174943200774792,-0.735883853332898,-1.0405941456259795,-0.43456374828345523,19.77
1.4567314994927825,-0.09107555708610222,-0.8086776940264723,-0.8279332850576292,-0.6558755053782789,-0.7402735757862206,25.75
1.3161617892060735,-1.9095821815335456,0.18209497095358176,0.023364931858974407,-0.03122319646220007,0.0053561307908253615,33.08
1.3284884917698077,-1.874951635204667,0.2369209571859238,0.01404530064271584,-0.7444002860191705,0.2555867096288852,24.07
2.2844012328012075,1.7172321656134664,0.2112622941981644,-1.2368183500120058,-1.1760349083091362,-0.9032433108038197,21.82
1.6920478397450753,0.9633763877139332,-0.9431107712066016,-1.2211173091651633,-0.8349768000140227,-1.1004461064634277,21.07
1.053625413825596,-1.7497999276235034,-0.6491679917101797,-0.23509375366457558,-1.1288131033787476,0.0676500630069674,14.84
1.6761706491818251,0.09955960940133964,-0.32992994700217737,-0.7875957249982836,-0.47944347197454273,-0.723892400996457,32.05
1.380797793585751,-0.22049222095941542,-0.8991366619120387,-0.8247340234602664,-1.4276563661226214,-0.5026226652045573,11.96
1.3743464297400994,-1.8965065817834916,0.3846366657339293,0.055169249825717394,-0.6804211727929286,0.28672631244758023,25.45
1.0494610329952259,-2.266099987302614,-0.4323533361431328,-0.04850194326096593,-0.38934241759223315,-0.32726318847220603,22.49
0.9954407732915703,-1.7628755273735575,-0.8517096864905273,-0.26689807163131857,-0.47961512704801906,-0.21372011864978743,25.22
2.4043740825189435,1.9513239243151437,0.32605365950508636,-1.2845601843021108,-0.42416942511031885,-1.2128346681303008,39.7
1.5149161400268083,-0.0779999573360481,-0.6061359992461247,-0.7961289670908863,-1.3050734817090073,-0.4589033941294657,13.09
2.0598925379984547,0.43291461288824723,0.5066076070739184,-0.71795756216874,-0.17118777238830654,-0.6953122506192715,38.7
1.487788029633376,0.5972516539145521,-1.2194093290760204,-1.1789569283361543,-1.6564325807356088,-0.8173724203927956,7.51
0.8129829564284416,-1.668569737942769,-1.4346485383201837,-0.4201040673058083,-0.7309470086591996,-0.3348626884597672,17.58
1.1912831072581618,-1.8098925609867564,-0.2040881609452123,-0.1073754485321966,-0.9353682745485215,0.1626057368559991,21.18
1.4296033890993503,0.584176054164498,-1.421951023856368,-1.2107612463028974,-1.0072346044048803,-1.0987426020495503,18.2
2.106693376307766,1.4703024896633172,-0.10526276804918913,-1.2209727613395884,-1.2786396819947703,-0.8755501844808907,17.2
1.322613153051725,-0.23356782070946955,-1.1016783566923862,-0.8565383414270092,-0.778458389791893,-0.7839928468613121,22.63
1.9540981576380703,0.3039922728445466,0.3515273044398527,-0.7157610371286982,-0.9523467623328843,-0.4266371855619726,21.86
1.9875964275180642,1.3049115743978765,-0.31764268370325427,-1.210793323144376,-1.3473162386690554,-0.8565512519207837,12.37
1.506900323250247,0.4052697508752425,-0.9002061218889373,-0.925535236570741,-0.6295847350955118,-0.6232776299962378,25.73
2.226216592267182,1.7041565658634124,0.008720599417816825,-1.268622667978749,-0.5268369319784078,-1.1846134924605745,37.81
2.462558723052969,1.9643995240651977,0.528595354285434,-1.2527558663353677,-1.0733674014410473,-0.9314644864735461,21.92
1.8959135171040444,0.29091667309449254,0.14898560965950516,-0.7475653550954411,-0.30314878600215583,-0.7080073672187275,33.04
1.1076456735292517,-2.2530243875525597,-0.22981164136278523,-0.01669762529422295,-1.0385403939229616,-0.04589300681545118,14.54
1.5667524895654081,0.005723531298107306,-0.5680421904865406,-0.8062898954904508,-0.5670589321634151,-0.7318453607120101,26.91
1.2956229058629083,-0.26911933852762016,-1.0842435580678924,-0.836251264644675,-1.4813054344989398,-0.4753164772539936,8.0
1.133098466724136,-1.8229681607368105,-0.4066298557255599,-0.1391797664989396,-0.28617029821779294,-0.11876444480075576,31.9
0.8711675969624674,-1.655494138192715,-1.2321068435398361,-0.3882997493390653,-1.380144984989928,-0.05349250680301233,10.34
0.8586949788735909,-1.6896404698174632,-1.2875730179747051,-0.3791953806283639,-0.667167976046761,-0.3036911773063078,19.77
1.2703038512357818,-1.888027234954721,0.03437926240557623,-0.017759017324027144,-0.09520230968844207,-0.025783472027869656,37.44
0.9168796194076166,-1.6765648700674092,-1.0850313231943576,-0.3473910626616209,-1.3163659523774895,-0.022320995649552935,11.48
2.1180771785324803,0.4459902126383013,0.709149301854266,-0.6861532442019971,-0.820385748719035,-0.4139420689625166,24.44
1.2374382653288825,-0.2821949382776742,-1.28678525284824,-0.8680555826114179,-0.8321074581682114,-0.7566866589107485,17.6
1.5650849637842728,0.41834535062529654,-0.6976644271085898,-0.8937309186039981,-1.2787827114262402,-0.34190744833948294,10.73
1.7859691253803638,0.19548024859998134,-0.09079226277259962,-0.7676881712996408,-0.39139616929525095,-0.7159339299402101,31.38
1.4446819721684891,-1.020995695685263,0.015311364421213332,0.9767258429216814,-0.7196019994355333,0.659324341499639,13.22
1.4335991834953414,-1.023486286113845,-0.023268006013138578,0.9706678775946826,-0.595945242039204,0.6057300211840666,20.97
1.4142043033173328,-1.027844819363863,-0.09078190427325443,0.9600664382724351,-0.3795459165956278,0.511939960631815,27.04
1.3754145429613156,-1.036561885863899,-0.22580970079348614,0.9388635596279398,0.05325273429152449,0.32435983952731184,32.04
1.2036313185275254,-1.0751660375069159,-0.8237899425259407,0.8449650970594604,1.9699324739346276,-0.5063521253640596,35.17
0.7527546273900516,-0.5388419333699653,-1.1107459283005898,1.6689671568510558,-1.2610771752374776,0.2485484189500867,6.47
0.7222769585388952,-0.5456910570485651,-1.2168391969950576,1.6523077522018095,-0.9210210923975721,0.10116403808226271,12.84
0.6834871981828781,-0.5544081235486011,-1.3518669935152894,1.6311048735573141,-0.4882224415104198,-0.08641608302224052,18.42
0.5117039737490878,-0.593012275191618,-1.949847235247744,1.537206410988835,1.4284572981326833,-0.9171280479136119,21.95
0.8241423605518231,-0.771438874619828,-0.7822610767026572,1.4620555860800848,-0.7893029690294852,0.11544170266377221,21.26
0.785352600195806,-0.780155941119864,-0.9172888732228889,1.4408527074355895,-0.35650431814233285,-0.07213841844073102,25.97
0.8546200294029795,-0.7645897509412282,-0.6761678080081894,1.478714990729331,-1.1293590518693906,0.2628260835315962,11.36
0.6135693757620158,-0.8187600927628809,-1.5152691149553434,1.3469542448671104,1.5601754215007702,-0.9028503833321024,31.25
0.9892034809630307,-0.5945573976519833,-0.9336137766829512,1.535126436079828,-1.1156601709324963,0.4211676397369362,9.31
0.7481528273220669,-0.648727739473636,-1.7727150836301053,1.4033656902176073,1.5738743024376645,-0.7445088271267624,26.94
1.1483081818028154,-0.8967706867088157,-0.2946717942899008,1.1611233722568668,-0.9190881463469642,0.4592999995893847,12.54
1.0790407525956418,-0.9123368768874515,-0.5357928595046002,1.1232610889631252,-0.1462334126199065,0.12433549761705752,27.53
0.9072575281618516,-0.9509410285304684,-1.1337731012370549,1.029362626394646,1.7704463270231965,-0.7063764672743139,32.92
0.7132627348439743,-0.5496330053737799,-1.138384798295834,1.6567434537579606,-1.1488467955510364,0.16984092770088494,9.99
0.4068262616243974,-1.5561108418485445,-1.7077568707422996,-0.05319377065904224,-1.700420119007986,-0.39728577752141736,7.84
0.34864162109037167,-1.5691864415985985,-1.9102985655226472,-0.08499808862578523,-1.0512221426772574,-0.6786559591781722,12.25
0.5289724987499376,-1.5880635177456788,-1.4495595757604778,-0.009569417180951343,-1.5700783836425314,-0.3075541651280118,11.17
0.4707878582159118,-1.6011391174957328,-1.6521012705408253,-0.041373735147694324,-0.9208804073118029,-0.5889243467847667,17.34
0.9986913853736689,-1.7107079498160613,-0.38764810459589677,0.15603609051909964,-1.0486552858564837,0.038358367703795734,17.54
0.9405067448396431,-1.7237835495661153,-0.5901897993762443,0.12423177255235666,-0.3994573095257553,-0.2430118139529591,30.57
0.7780364939982679,-1.6452354929932536,-0.9240740903977411,0.07631620555212239,-1.3036536458945633,-0.12204131324529328,14.2
0.7198518534642422,-1.6583110927433076,-1.1266157851780887,0.04451188758537941,-0.6544556695638349,-0.40341149490204814,24.5
0.9049542521210585,-1.670454792343694,-0.6567859000168266,0.11857747480710526,-1.16757064351205,-0.026260073755980454,15.58
0.8467696115870328,-1.683530392093748,-0.8593275947971741,0.08677315684036227,-0.5183726671813217,-0.3076302554127353,26.85
1.2477553806219994,-1.7678799250636361,0.13783738076683952,0.24192171325217338,-0.782230548108516,0.22387121958651424,26.06
1.1895707400879736,-1.7809555248136901,-0.06470431401350804,0.2101173952854304,-0.13303257177778746,-0.057498962070240606,38.21
1.316488498210764,-1.8061748241641307,0.2025838763674064,0.25237866454041324,0.0030504306047257827,0.03828227741907221,43.7
1.37467313874479,-1.7930992244140767,0.40512557114775394,0.28418298250715623,-0.6461475457260027,0.31965245907582707,30.14
0.655890256872728,-1.6132828170961195,-1.182271385379563,0.03269185207403145,-1.433995381260018,-0.21177292563869887,12.73
0.5977056163387022,-1.6263584168461735,-1.3848130801599106,0.0008875341072884611,-0.7847974049292895,-0.49314310729545374,20.87
1.154018247369389,-1.7276267675912689,-0.13130041465409023,0.20446309754017902,-0.9011459057640823,0.15925277812673805,20.28
1.0958336068353631,-1.7407023673413229,-0.3338421094344378,0.17265877957343603,-0.2519479294333538,-0.12211740353001682,34.29
3.012224267149109,1.909799828556198,0.29542578399002056,-1.5376724891440923,-0.7618204296937577,-0.15623291459353011,19.54
2.143005991610166,0.5405393842581104,-0.8072920434050487,-0.6706325600651946,1.861718795031549,-0.8586797866527637,47.71
1.524402398729452,1.6904099242182007,-1.3993659020891374,-0.052963472856062566,1.3167128240471135,-1.6636765387312125,43.38
2.056653211341826,1.4766170323404026,-1.0670245443800894,-0.4181605527939118,-0.47592853128882434,-0.3955777384883037,29.89
2.5230128811204273,1.6141137834336166,-0.3463740389152962,-0.9728405272872573,-1.099195792665287,-0.06984480110555467,6.9
1.5509995384813444,1.4224941137963634,-2.0213769495332126,0.10004939231843117,1.3312372981980976,-1.2295293115570276,33.19
1.6953729932774786,0.7304965411452189,-0.8965154637092211,0.5435741581040289,-1.1540102013619677,0.21856766124202762,4.9
0.74597467664293,1.7543431524848514,-1.6163839469525116,2.025074405596352,-1.696690697069408,-0.516705123828383,4.57
0.5049240230019663,1.7001728106631986,-2.455485253899666,1.8933136597341316,0.9928437763007527,-1.6823815906920816,25.46
1.7227827629151347,1.4610982654393803,-1.4233967078007577,0.19394785488691044,-0.5854424414450056,-0.3988173466656561,24.29
2.453745451913254,1.5985475932549806,-0.5874951041299956,-1.010702810580999,-0.32634105893822946,-0.4048093030778819,33.95
1.3941639643542012,0.5904128104696263,-0.7065407572385421,0.4838287830957202,-1.303080554569329,-0.16447739963786565,11.41
1.4296781771324572,1.5153086657691202,-1.70011356117024,0.8197035422958304,-0.6691863005640654,-0.41059166668242814,20.59
2.846426597627664,0.6684312083402246,0.7629281123629085,-1.0120554617599808,-0.4269058963550237,0.30779806200655163,25.89
1.257894952698667,1.4767045141261033,-2.2980938029026947,0.7258050797273511,1.2474934390790378,-1.2413036315737995,29.23
0.7972289469293701,1.6174133704222504,-2.1894496573762066,1.239472868828785,1.073553327033739,-1.6658429250299793,31.02
2.1148378518758517,1.4896926320904567,-0.8644828495997419,-0.3863562348271688,-1.125126507619553,-0.11420755683154883,10.39
1.6961856231632422,1.7290140758612176,-0.8013856603566827,0.040934989712416714,-0.5999669155959896,-0.832964573839841,33.66
1.3003565704963733,1.6444858546877599,-1.2596959659878881,0.680708539442143,-0.7437020004293293,-0.8320289043269488,27.87
2.372973856577982,0.5922191356511814,-0.006770106892246552,-0.5449297795299723,-0.7041589209422825,0.2534023598953626,19.35
1.0771159505263568,0.7267105177576358,-1.1097575245975686,1.0669627131530561,-1.3036648977021252,-0.2576519145305721,11.39
2.262294975532485,1.9834419725696613,0.08773432308731494,-0.5467070898398451,-1.1697916177085026,-0.5225721662852255,12.79
2.1930275463253115,1.9678757823910253,-0.15338674212738454,-0.5845693731335867,-0.39693688398144494,-0.8575366682575527,39.32
0.6602849216226555,1.1325006962080963,-1.3850420481169063,2.293784942573264,-1.5306331927998202,-0.28635022205043514,4.78
2.1025012942513466,0.8107211392661738,0.5236191456723639,-0.046636724491527434,-0.8570438230960997,-0.08844729305204956,16.11
2.7882419570936383,0.6553556085901705,0.5603864175825609,-1.043859779726724,0.22229207997570483,0.02642788034979678,43.38
1.756330620452243,0.5332396162036692,-0.23101633566771604,-0.08515676312783954,-0.9955263729017569,-0.16448008758220833,20.42
1.0881987391995045,0.7292011081862175,-1.0711781541632166,1.0730206784800547,-1.4273216550984544,-0.20405759421499978,6.94
1.9960757566248684,0.6261901150661358,-0.5445763626992923,-0.015697863098401443,-0.8954613751836327,0.2046796791772598,15.03
1.7674134091253908,0.5357302066322509,-0.19243696523336412,-0.07909879780084088,-1.1191831302980861,-0.110885767266636,13.57
1.4543223396365148,0.6763261993235662,-1.7356167706563752,0.411813412241808,1.5355242720081932,-0.947108805621671,32.53
2.5119300924472796,1.6116231930050346,-0.3849534093496481,-0.9788984926142561,-0.9755390352689579,-0.12343912142112702,15.75
0.7348918879697822,1.7518525620562695,-1.6549633173868636,2.0190164402693536,-1.5730339396730788,-0.5702994441439554,7.68
2.0332338650441732,0.795154949087538,0.2824980804576644,-0.08449900778526909,-0.08418908936904196,-0.42341179502437676,38.8
1.9378911160908425,0.6131145153160816,-0.7471180574796399,-0.04750218106514442,-0.24626339885290413,-0.07669050247949508,33.0
0.6767072474357565,1.7387769623062155,-1.8575050121672112,1.9872121223026107,-0.9238359633423504,-0.8516696258007102,17.28
1.018931309992331,0.7136349180075817,-1.3122992193779162,1.035158395186313,-0.6544669213713968,-0.539022096187327,24.28
1.626105564070305,0.7149303509665831,-1.1376365289239205,0.5057118748102872,-0.38115546763490993,-0.1163968407302996,24.05
1.128573346062583,1.605881703044743,-1.8576762077203428,0.5868100768736637,1.1729777392137737,-1.66274086921832,36.59
2.0212443218915213,1.9292716307480084,-0.7513669838598391,-0.678467835702066,1.5197428556616581,-1.6882486331489241,50.73
1.3585412110303992,1.6575614544378139,-1.0571542712075406,0.7125128574088859,-1.3928999767600578,-0.550658722670194,13.66
2.8575093863008116,0.6709217987688063,0.8015074827972604,-1.0059974964329823,-0.5505626537513529,0.361392382322124,14.14
1.526362755484427,0.4815598648105982,-1.0315382721805182,-0.2108595436630618,1.5703513430720746,-1.2765622341303346,47.78
1.4989456063396307,1.530874855947756,-1.4589924959555405,0.8575658255895721,-1.442041034291123,-0.07562716471010093,2.33
1.754370263697268,1.7420896756112716,-0.5988439655763351,0.07273930767915969,-1.249164891926718,-0.5515943921830863,16.89
2.091418505578199,0.8082305488375922,0.48503977523801195,-0.0526946898185261,-0.7333870656997704,-0.1420416133676219,23.52
2.007158545298016,0.6286807054947174,-0.5059969922649404,-0.009639897771402778,-1.0191181325799619,0.25827399949283214,6.81
1.7661078916570523,0.5745103636730647,-1.3450982992120946,-0.1414006436336237,1.6704163407901989,-0.9074024673708665,39.7
0.591017492415482,1.1169345060294604,-1.626163113331606,2.2559226592795225,-0.7577784590727626,-0.6213147240227623,17.96
1.6981459799182173,0.5201640164536151,-0.4335580304480636,-0.11696108109458253,-0.34632839657102843,-0.4458502692389632,32.88
0.9690121713631603,1.6560175220652673,-1.5914694156437519,1.3333713313972642,-0.843126412609364,-0.8351309601386079,22.35
1.6842902046043309,0.7280059507166372,-0.935094834143573,0.5375161927770302,-1.0303534439656383,0.16497334092645527,10.79
1.487862817666483,1.5283842655191742,-1.4975718663898925,0.8515078602625733,-1.3183842768947938,-0.12922148502567327,7.72
2.9540396266150832,1.8967242288061439,0.09288408920967303,-1.5694768071108354,-0.11262245336302922,-0.437603096250285,41.68
3.0233070558222566,1.9122904189847798,0.33400515442437245,-1.5316145238170937,-0.8854771870900869,-0.10263859427795778,9.56
1.3696239997035469,1.6600520448663958,-1.0185749007731886,0.7185708227358847,-1.516556734156387,-0.49706440235462157,6.88
1.8614506406103828,0.7565507974445211,-0.31548216127479023,-0.17839747035374837,1.832490650274061,-1.2541237599157482,50.53
1.3830811756810535,0.5879222200410447,-0.745120127672894,0.47777081776872155,-1.1794237971729997,-0.218071719953438,17.17
1.3248965351470277,0.5748466202909905,-0.9476618224532416,0.44596649980197856,-0.5302258208422713,-0.49944190161019286,30.44
2.3840566452511296,0.5947097260797631,0.031809263542105365,-0.5388718142029736,-0.8278156783386118,0.3069966802109349,9.73
1.7920501921223082,1.4766644556180162,-1.182275642586058,0.2318101381806521,-1.3582971751720634,-0.0638528446933289,3.32
0.4192342679816917,1.0783303543864435,-2.2241433550640606,2.162024196711043,1.1589012805703405,-1.4520266889141338,26.32
1.1531133107132374,0.5362424686479736,-1.5456420641856963,0.3520680372334993,1.3864539188008318,-1.3301538665015642,43.25
1.0382796005703339,1.6715837122439032,-1.3503483504290523,1.3712336146910058,-1.6159811463364218,-0.5001664581662807,6.28
0.8471480855585407,0.6750307663645648,-1.9102794611103708,0.9412599326178337,1.2622128182717063,-1.3697340610786983,32.1
2.3147892160439563,0.5791435359011273,-0.2093118016725941,-0.5767340974967152,-0.05496094461155405,-0.027967821761392276,36.96
2.616458732659848,0.6167514569471536,-0.03759382414989373,-1.137758242295203,2.1389718196188077,-0.8042840845415746,54.6
2.251212186859337,1.9809513821410794,0.04915495265296302,-0.5527650551668438,-1.0461348603121734,-0.576166486600798,21.48
1.7654530523704157,1.7445802660398535,-0.5602645951419832,0.07879727300615837,-1.3728216493230474,-0.4980000718675138,9.69
0.6492021329495077,1.1300101057795144,-1.4236214185512583,2.2877269772462654,-1.406976435403491,-0.33994454236600746,8.37
1.8848699869080356,1.4380128806973858,-1.665004786112544,-0.5120590153623911,1.4407512083542786,-1.2262897033796751,39.66
1.0271968118971861,1.6690931218153213,-1.3889277208634043,1.3651756493640073,-1.4923243889400926,-0.5537607784818531,10.09
2.1259206405489994,1.4921832225190386,-0.82590347916539,-0.38029826950017015,-1.248783265015882,-0.06061323651597648,4.83
1.7809674034491605,1.4741738651894343,-1.22085501302041,0.22575217285365343,-1.234640417775734,-0.11744716500890125,10.35
2.2819622274794638,1.5599434416119637,-1.1854753458624503,-1.104601273149478,1.5903386807048736,-1.2355212679692533,43.57
2.782256402181293,1.858120077163127,-0.5050961525227815,-1.6633752696793145,1.804057286280074,-1.2683150611416565,51.86
1.0284313803708778,-1.2179446929090654,-0.53965380897604,0.9882764884863541,-1.1018496017796484,0.25912148503191623,11.85
1.01734859169773,-1.2204352833376473,-0.5782331794103919,0.9822185231593553,-0.9781928443833191,0.2055271647163439,17.24
0.9591639511637042,-1.2335108830877013,-0.7807748741907394,0.9504142051926124,-0.32899486805259065,-0.07584301694041096,27.83
0.787380726729914,-1.2721150347307182,-1.378755115923194,0.8565157426241331,1.5876848715905123,-0.9065549818317824,35.76
0.7042598116813058,-1.2907944629450812,-1.6681003941808334,0.8110810026716432,2.515110552062981,-1.3085123841985749,38.7
1.0935915112421555,-1.4089224197229535,-0.4177356497143549,0.8539507867178601,-1.070772161121879,0.2516856197945217,14.31
1.0825087225690078,-1.4114130101515354,-0.4563150201487068,0.8478928213908613,-0.9471154037255497,0.19809129947894938,17.44
1.024324082034982,-1.4244886099015894,-0.6588567149290543,0.8160885034241184,-0.29791742739482124,-0.08327888217780549,31.74
0.8525408576011917,-1.4630927615446063,-1.256836956661509,0.7221900408556391,1.6187623122482817,-0.9139908470691769,37.91
0.7694199425525835,-1.4817721897589693,-1.5461822349191483,0.6767553009031492,2.5461879927207507,-1.3159482494359696,39.38
1.1606459127117497,-1.7082532841910238,-0.37780171665295553,0.5494177540006884,-1.08823827961268,0.2106823888513926,15.87
1.149563124038602,-1.7107438746196058,-0.4163810870873074,0.5433597886736896,-0.9645815222163507,0.15708806853582025,9.01
1.0913784835045761,-1.7238194743696598,-0.6189227818676549,0.5115554707069467,-0.31538354588562223,-0.12428211312093462,33.61
0.9195952590707859,-1.7624236260126767,-1.2169030236001095,0.41765700813846746,1.6012961937574808,-0.9549940780123061,40.66
0.8364743440221777,-1.7811030542270396,-1.5062483018577488,0.3722222681859775,2.5287218742299498,-1.3569514803790985,40.86
0.8807843730260181,-1.6539064257762495,-1.2354459910239337,-0.3908756491891696,-1.3766177469900676,-0.045365889941205786,12.05
0.8225997324919924,-1.6669820255263035,-1.4379876858042813,-0.4226799671559126,-0.7274197706593392,-0.32673607159796064,17.54
1.0642927232561292,-1.7387635482018526,-0.643725525724086,-0.22485927909418746,-1.1201321041633323,0.0796941736863012,18.91
1.0061080827221034,-1.7518391479519067,-0.8462672205044336,-0.25666359706093045,-0.4709341278326038,-0.20167600797045362,25.18
1.238499989582149,-1.4057377243816114,-0.25481997164361175,-0.15637159962408467,-0.8744977082956427,0.32873596514997094,30.96
1.7146774050302909,-1.5475773783204005,1.1569435358154063,0.9168896794297247,0.5430239431809435,0.446549529213883,43.89
1.5428941805965006,-1.5861815299634174,0.5589632940829518,0.8229912168612453,2.4597036828240464,-0.3841624356774883,54.28
1.326230874190544,-1.9030280282624226,0.18282653610331565,0.027086587966336978,-0.02521911816146425,0.015457448728777485,36.94
1.0151008637960157,-1.7611181003520722,-0.8238016329508167,-0.31875903514620973,-1.2044640777987043,0.03165793254869302,14.5
0.9285071193890604,-1.7824941816773592,-1.0154028272920563,-0.35672909087904914,-0.566692479177864,-0.2748254200416913,22.44
2.4475178841065657,-2.8575561903089155,1.166102431220047,-1.3551051914901016,-0.3854222207876687,0.9112408744177555,12.64
2.4419764897699916,-2.8588014855232062,1.1468127460028712,-1.358134174153601,-0.32359384208950415,0.8844437142599693,26.06
2.430893701096844,-2.861292075951788,1.1082333755685192,-1.3641921394805996,-0.1999370846931749,0.8308493939443969,33.21
2.4114988209188355,-2.865650609201806,1.0407194773084034,-1.3747935788028474,0.016462240750401293,0.7370593333921454,36.94
2.3727090605628183,-2.8743676757018424,0.9056916807881716,-1.3959964574473427,0.4492608916375536,0.5494792122876421,44.09
1.7222141065847139,-3.2790909601353784,1.6597021684353432,-1.4445620569423392,-0.4284170373387766,0.14003044483062618,52.61
1.7028192264067052,-3.283449493385396,1.5921882701752275,-1.455163496264587,-0.21201771189520044,0.04624038427837455,59.76
1.664029466050688,-3.2921665598854326,1.4571604736549957,-1.4763663749090823,0.2207809389919519,-0.14133973682612866,67.31
1.4922462416168978,-3.3307707115284493,0.8591802319225411,-1.5702648374775614,2.1374606786350547,-0.9720517017175001,69.66
1.644137739545423,-1.0683065882184903,-0.015402800444798997,0.9319282726852509,-0.5050819014652249,0.7590977513735471,18.13
1.6247428593674145,-1.0726651214685083,-0.08291669870491485,0.9213268333630034,-0.28868257602164876,0.6653076908212955,22.53
1.5859530990113972,-1.0813821879685444,-0.21794449522514656,0.900123954718508,0.14411607486550354,0.47772756971679226,27.34
1.508373578299363,-1.0988163209686166,-0.48800008826561,0.8577181974295174,1.009713376639808,0.10256732750778584,29.98
1.414169874577607,-1.1199863396115612,-0.8159247369576011,0.8062254921500287,2.0607958145086065,-0.3529843951745791,31.35
1.2846038755033067,-1.3216067950339592,0.5444587561886979,0.8647710776602692,-0.7572758380272675,0.4639598869039868,6.27
1.2790624811667328,-1.32285209024825,0.5251690709715219,0.8617420949967699,-0.695447459329103,0.43716272674620066,14.7
1.267979692493585,-1.3253426806768318,0.48658970053717,0.8556841296697711,-0.5717907019327737,0.38356840643062834,23.22
1.2485848123155765,-1.3297012139268498,0.4190758022770541,0.8450826903475236,-0.35539137648919755,0.2897783458783767,27.92
1.2097950519595593,-1.3384182804268858,0.28404800575682243,0.8238798117030283,0.07740727439795478,0.10219822477387347,31.35
1.177258426171833,-1.6471732378600332,-0.3248000972208935,0.5909457022206895,-1.053938780908463,0.24388084072093957,14.99
1.094038006233977,-1.088376634036991,-0.23540329881505828,1.2471493311695572,-0.9485937991392667,0.35540846135640974,13.52
1.3379045974775108,-1.864613744523193,0.23530921243084768,0.018211217585270428,-0.7388274208656838,0.2663492215933872,24.0
1.279719956943485,-1.877689344273247,0.032767517650500136,-0.013593100381472554,-0.08962944453495528,-0.015020960063367662,37.42
1.1159093094515227,-2.297068758645617,-0.2552560357718026,-0.06490446185773016,-1.051257479201286,-0.05354097123154884,11.47
0.9569162232619899,-1.7741937001021262,-1.0263433277311642,-0.3505633531129527,-0.5552661014679758,-0.2497122491080618,22.44
1.1724980606215294,-1.813395787661998,-0.1954117339770767,-0.11329120192799882,-0.9423291150288163,0.14665439582439593,21.16
1.1143134200875036,-1.826471387412052,-0.3979534287574243,-0.14509551989474181,-0.2931311386980878,-0.1347157858323589,31.84
1.0424672907709378,-1.5991421743175924,-0.5491356409885056,-0.07351743880321705,-1.073794346225612,0.1075735831367053,14.8
0.9842826502369121,-1.6122177740676464,-0.7516773357688532,-0.10532175676996004,-0.4245963698948836,-0.17379659852004953,25.18
0.7945736203637848,-1.6684691876530513,-1.4227590298260429,-0.4212428381071215,-0.7360001987603872,-0.3493409807679525,17.54
1.2542164222274303,-1.6552138331151964,-0.6687167912232324,-0.1857143225751531,-1.0257628202269282,0.2570799694353441,14.2
1.1960317816934045,-1.6682894328652504,-0.8712584860035799,-0.2175186405418961,-0.3765648438961997,-0.024290212221410732,21.65
1.0242485572596143,-1.7068935845082673,-1.4692387277360346,-0.31141710311037535,1.5401148957469033,-0.8550021771127821,29.39
1.131954188961457,-0.4138580086369731,0.18912409955888354,1.9998331458434244,-0.6668447878640931,0.6037263759565301,13.52
1.0829552175608292,-1.0908672244655728,-0.2739826692494102,1.2410913658425586,-0.8249370417429374,0.30181414104083737,16.26
1.0247705770268034,-1.1039428242156268,-0.4765243640297578,1.2092870478758155,-0.17573906541220888,0.020443959384082524,31.45
0.8529873525930132,-1.1425469758586437,-1.0745046057622123,1.1153885853073364,1.7409406742308942,-0.810268005507289,37.23
1.1661756374986854,-1.6496638282886151,-0.36337946765524537,0.5848877368936908,-0.9302820235121338,0.19028652040536723,18.13
1.1079909969646595,-1.6627394280386691,-0.5659211624355929,0.5530834189269479,-0.2810840471814054,-0.09108366125138764,32.72
0.9362077725308693,-1.701343579681686,-1.1639014041680475,0.4591849563584686,1.6355956924616977,-0.921795626142759,39.49
1.3703851786928591,-0.8368844616105017,-0.591922110036405,1.1945707742913798,-0.5063246017924827,0.5318863475529039,18.13
2.200925836129028,-2.912971827344859,0.30771143905571696,-1.4898949200158218,2.3659406312806563,-0.2812327526037292,47.22
1.7332968952578616,-3.2766003697067965,1.6982815388696952,-1.4385040916153407,-0.5520737947351059,0.19362476514619853,41.64
0.8978100228934457,-1.6758901248508653,-1.0765601986181523,-0.3509114568481406,-1.322788654855659,-0.037173306971408096,13.71
0.83962538235942,-1.6889657246009193,-1.2791018933985,-0.3827157748148836,-0.6735906785249307,-0.31854348862816295,19.69
1.1177603457900018,-1.7651515123756867,-0.3593600289052477,-0.07666971856075389,-0.2675175922185266,-0.1121414299596207,31.65
1.4930907780411187,-1.1350397859756605,0.6462468678562646,1.06880230403502,-0.5224114670945615,0.6682107180827472,19.11
1.4238233488339451,-1.1506059761542964,0.40512580264156506,1.0309400207412784,0.2504432666324962,0.3332462161104201,39.58
1.2520401244001549,-1.1892101277973133,-0.19285443909088953,0.9370415581727991,2.167123006275599,-0.49746574878095123,48.79
1.309495493604581,-1.872914226098426,0.2462497128699556,0.012045479819173905,-0.750253798575572,0.24123605065975776,24.0
1.2513108530705552,-1.88598982584848,0.043708018089608044,-0.01975883814756908,-0.10105582224484345,-0.0401341309969971,37.42
0.9262191267663752,-1.6675896432756325,-1.0875006990572602,-0.3447457190820442,-1.311362277145771,-0.012060136037778625,11.47
0.9456636599254865,-0.9326770084654459,-0.49418544396613867,1.4808579501445447,-0.9165693089764038,0.24004685214373084,14.99
0.8874790193914608,-0.9457526082155,-0.6967271387464862,1.4490536321778016,-0.2673713326456753,-0.04132332951302402,27.92
0.7156957949576706,-0.9843567598585169,-1.2947073804789409,1.3551551696093225,1.6493084069974278,-0.8720352944043954,34.68
2.1659552284533716,-3.071160458883457,1.4272053014648776,-1.3721416631913712,-0.39926384344741195,0.6002217502989355,33.8
2.154872439780224,-3.073651049312039,1.3886259310305256,-1.3781996285183697,-0.2756070860510827,0.5466274299833632,42.42
2.1354775596022155,-3.0780095825620566,1.3211120327704098,-1.3888010678406175,-0.05920776060750651,0.45283736943111164,48.4
2.0966877992461983,-3.086726649062093,1.186084236250178,-1.4100039464851128,0.3735908902796458,0.2652572483266084,55.94
1.9249045748124078,-3.1253308007051097,0.5881039945177234,-1.503902409053592,2.2902706299227487,-0.565454716564763,58.78
1.4741732810143262,-0.9350864317671087,-0.3822378919115984,1.0852021077568876,-0.41708808309207784,0.5857078912485989,20.77
1.435383520658309,-0.9438034982671447,-0.5172656884318301,1.0639992291123923,0.01571056779507448,0.39812777014409567,25.18
1.331595418336842,-0.8456015281105377,-0.7269499065566367,1.1733678956468845,-0.07352595090533036,0.34430622644840064,21.75
1.2978217703176145,-1.9113285098376556,0.19376703654242353,0.020920850200240454,-0.03664549587135244,-0.00965572220485195,39.09
1.7839448342374644,-1.5320111881417646,1.3980646010301059,0.9547519627234663,-0.2298307905461142,0.7815140311862102,24.39
-0.22534516143421826,-1.833171321013062,1.4626740419280768,2.6286364167347713,-0.9405961120918296,-0.9600961152790534,50.51
-0.283529801968244,-1.846246920763116,1.2601323471477293,2.5968320987680285,-0.2913981357611011,-1.2414662969358081,74.99
0.912940571098625,1.1407254626904408,0.7722927946237648,-0.37942801183409597,0.7383519933693201,1.2893345224453578,37.17
-1.6116360825032783,3.058575068796418,1.268423191629323,-0.5133995182128291,0.36859681689144047,0.5360858297409813,33.76
0.9009326001121193,2.060303205162791,0.028700636207459152,-1.1596604054725528,0.6612029331878154,1.6729828420861033,16.5
-0.15882317798083156,2.084197300496421,-0.46758355660735224,0.917292753493249,0.09269838532235189,0.7250139080341488,19.99
-1.645628172409879,2.140778693832117,1.0011441757478141,-1.7273750724335655,0.03359230733113674,0.15169094800160265,36.35
-1.4964406600452753,1.428350807020432,2.670323233440636,-1.4682383950883569,0.597264093767495,0.19892185695372586,33.69
-3.4130785584469625,0.9119165833617946,-0.005277451909274095,-0.031415480302918936,-0.18934545199932673,0.5866011194322919,15.42
1.9261022646594035,1.0292204989897253,0.6964524681403369,0.39643455292249713,0.4504605744825461,0.379056719474891,33.42
0.7420372262875355,-1.2809483788960894,0.7112961304142411,-0.02417995947870019,0.16403508143854373,0.11082285721270208,39.05
-1.1638170615591803,1.7182016809833824,0.5464312914312135,-1.26662477444768,-0.03233220519513575,0.1904756751510169,27.68
1.7345074132296512,1.6267931825736575,-0.2272616985220022,-1.4732633027676236,-0.34209894396765334,-0.5493378160974908,26.86
-0.1255087835511578,0.6850294789430402,1.1018521450821,0.5953597643353541,-0.30096013011861616,-1.1848909310705502,45.3
-0.12543635554094362,-0.17834596363634456,0.6544053611286471,-0.35404471638430174,0.6178676642682333,1.3712821556345132,30.12
-2.325698220181026,0.38845782652252003,-0.4335966109148917,-0.8323574478957979,-0.06448853096637541,1.1071873495926612,15.57
-1.1332249110662658,2.268118785147349,0.11151805401058641,-0.182700268015264,-0.11372282762770279,0.20735378094701248,44.61
1.0144903992927787,1.2818854200600227,1.0276609925305702,-0.50215224903422,0.8080926326181349,1.3167942724812467,53.52
1.2222336861080767,1.0534565754420766,0.8820945270346284,0.8956030624229245,0.0834207337098723,-0.4561285643181222,57.21
1.2806213341247548,1.4059128878046803,1.6437320163664804,1.069341691224333,0.3623262194714426,-0.41085038821842296,65.91
-0.7405886137626212,1.5537414337202804,0.9842459347066546,0.9912420091018976,0.19381243455132519,0.1319653060952329,52.82
-0.04376041345422897,1.4776512235948476,0.3437736348821013,1.3373116266360783,0.2829471886380996,0.5668746693253588,33.4
-1.4405426711450584,0.14659002243387007,-0.3872233912613621,-1.2294882990687113,0.08201465302388819,1.2440027712317907,18.03
0.6193491530443145,1.5498918724099706,0.281953247046764,-1.7688223267210437,-0.5953247551373351,-1.239516133214373,37.36
0.00714606918112957,2.971488380226874,0.5122209578825233,-0.3428769988706099,0.6362705973712254,1.3714237760882106,32.84
-0.5302878104032881,0.17435656944307726,0.18914276276169736,1.2531614981460268,0.3587662129933829,1.050683180035556,42.64
0.383423035016104,0.4362265324553709,0.4775973343910316,0.820746029669002,0.9983216205492053,2.140191554288752,40.06
0.19422698089573884,1.0343266965680666,1.0344190776277578,-0.4291293936135582,0.47715242989973944,0.7048376495672638,41.94
0.3107232893821347,0.9983201822577127,1.2981971319353924,0.7418869825246239,-0.11482337521489028,-1.010112649111448,61.23
-0.8187970630332364,0.7693919769280559,1.3604603586323014,1.43029480107449,1.0450262902966116,1.7837471661001356,40.87
-0.30884390304948206,2.570326569680707,-0.18412906691468725,-0.5455527961880553,0.047886281154801834,0.7124575362792083,33.3
1.0220888809560935,0.47599639484777384,1.1224174818583605,-0.3633760790496411,0.06133985158464155,-0.4958802306497252,52.42
-2.40160861501877,1.4933973363302064,-0.19078851131766716,0.9457294435618854,0.36643876158255956,1.6799348790874566,15.09
-1.280454143119435,-0.17036188196024304,0.7479457125239158,0.4211566288235791,0.24272593298925577,0.6420688655292706,38.46
-1.1096312125755219,0.3458468808413184,0.9724813564298262,0.8253767093673448,0.6115982804403811,1.2119288719100938,37.26
0.22048032365696096,0.6243785144591738,0.4807955286619667,1.024769773740624,-0.31057926307801226,-0.8757655043000095,42.13
-0.03166986564645344,0.570984924353983,0.6807655007785927,0.6170732982474408,0.9079675221651539,1.83496030127466,31.87
0.3036099651792632,1.4739380928155277,0.41485286443393826,1.0895877482493765,0.39309525465780054,0.7505463118894641,41.54
0.2402006926394007,1.3386724681310345,0.46633832888490984,-2.1786170081834166,-0.7674905171027896,-1.6226633345454495,39.45
0.06934624427969668,2.853940501160342,0.5880894648963974,0.558901578946852,-0.44509412027189693,-1.3266479495236283,37.91
-0.3363948804449635,1.2134272687229788,0.8491975084840436,0.4301035140036606,0.24874263632426608,0.326383691640778,44.28
-0.6439499432490393,0.744941742649078,0.8249090093891749,1.6715479182017456,0.7810928203906456,1.4817278072062163,31.18
0.006529771554139784,1.8705423524671152,-0.49874868955632873,0.12952454122265733,0.01913493182096359,0.6938072493076712,23.69
-0.04709243342138127,1.3232020962004667,-0.04888085206298128,-0.5558076324437791,-0.7305167826726542,-1.3050869690533455,32.76
0.31525163782914556,1.3579671031184612,0.5741141183890133,0.5977972931927406,0.4875328569249982,0.8692637595242865,32.4
-0.4738478286420394,-0.7152185376512209,0.6082940476941993,-0.9039380301122185,0.3562592019182658,1.0099925649773986,36.8
0.9975523972204006,0.975126602355277,-0.23675742135334302,-1.6495916820176142,-0.4635262781544501,-0.6472593360700776,18.28
1.2923988291075608,2.6937349579722034,-0.7120396396894539,1.6516757086726086,-0.4105170485466835,-0.638635478746531,33.06
0.1520644682950006,1.0903050607826577,0.6459005645461311,1.44920837456335,1.1048181989576742,2.1444408945245996,31.42
1.3334233005546168,1.7251199627621143,-0.916527037417969,0.030207206311989174,-0.6018827201764421,-0.7192610230013131,31.03
0.29702536589863066,1.0058082447679302,0.9535021430395897,1.2499371814015579,-0.13648626288539517,-0.8706312325740765,44.39
-1.0841205045254578,0.19018769781570583,-1.0536019695637941,0.004396270284227014,-0.23909731211487062,0.7783311915071945,12.18
-0.2669212307628768,1.106275937241627,-0.17268310213588559,-1.6937837659310997,-0.16302355562250473,0.34164143315232187,25.56
0.23071583257361883,1.7916046780427635,-0.5236634013970632,-0.261534748626857,0.09843821350910761,0.8699324758535439,36.44
-0.5122625277977769,2.7919343653649156,0.25004369627932366,1.2358595964862196,-0.6830686387004141,-1.5815728570272463,32.96
0.09769980903933391,0.5777554517896356,0.6538975604786973,0.49173189302349846,1.0053988411345058,2.077246877140591,23.84
-0.8076687943167398,2.036866354528959,-0.24215198544808894,0.5430066442081263,-0.16968820853858663,0.20217245138700288,26.23
-2.8776580161699297,0.3192862374787407,-0.27480495795454124,-0.41903903502382184,-0.4341062116729054,0.17026605756412497,17.95
-0.7227165309450223,0.9565053956543166,1.0415881302776706,1.5410660216261933,1.0028692194456048,1.8582514235560015,40.68
0.021399682127784817,0.87422039892505,-0.6315181879885134,-0.1235960159459405,-0.8293359081302163,-1.146093980850234,19.01
0.6245138053219988,1.0195007702150631,0.32004007214237645,0.12866902454834928,0.3612277212121085,0.8113226881253339,33.72
-0.5011894771259036,1.4063801628288917,-0.3866478989048386,-0.3197420007048377,1.0040937902281757,2.99109667915235,8.54
-2.348197285940089,-0.014369199757978764,-0.005581672865884248,-2.421307261493496,0.03179399139381791,1.187037876528545,13.46
-0.3481050973633844,0.21613238241348065,0.361697475582057,0.3236124496896687,0.49183205617621356,1.2213119245947366,32.24
-0.3325153215488453,1.2237472486685597,-0.5768847515163008,-0.3048369003016386,-0.26860549361256414,0.22667299914262093,23.52
0.1446751802493803,1.7386959241392184,-0.013134585778404713,-1.9514562054922093,0.24151606619633897,1.0741827673157018,29.72
-0.6706765420790893,0.672595872988772,0.6627503421809934,-0.1498499781611199,-0.05488242992413824,-0.08992480450283105,49.77
0.41396384403393094,0.859411961673687,1.2451173485776894,0.18190439183826873,-0.08366503770503826,-0.8721851992819516,52.44
0.08577762112885443,0.13659998902140516,0.45420465981152053,0.1785535063356116,-0.49515917916609986,-1.1271107419078599,40.93
0.4833777345901178,-1.1403608364281064,-0.08050025052327152,0.941913943206248,-0.236255874770024,-0.26443893293868104,44.86
-1.6232906408478633,0.4632802553928456,-0.7735043984795964,-0.12070143442174733,-0.13959357810878395,0.9105023781779562,13.2
0.4059714384381203,1.2057445445598463,0.2915337605338988,-2.3918288115890314,-0.720365012018469,-1.4084226298561568,37.43
-0.3976634404397248,2.7820791499650936,-0.1227871849510112,0.7015935243233634,0.19456687261631345,0.8136579259815631,29.87
1.000169665818444,1.6200192315073145,1.2704969084873108,1.54521405409787,0.28250997190606836,-0.35511338389464614,56.61
-0.6607811089472007,-0.021582581526589206,-0.7606940103011153,-1.5461859570990446,0.15092187705235244,1.5536902187147166,12.46
0.31222249164078564,2.1470611448040793,-0.32903949575459795,1.1760733040105176,-0.4748141214569939,-0.8264283080697857,23.79
-1.7765169218167733,0.6560848421902378,-0.8477991589979152,-0.14898522290976973,-0.032729359900387174,1.261337072778981,13.29
-0.410087511741966,0.9771768236505851,0.8273309684435929,-0.12015008213029679,0.1709618324247777,0.23971510878628685,39.42
0.04296124138485122,1.2412421747166413,1.4126013503383443,-0.3208981567999287,0.5461485908784575,0.6454396343467339,46.23
0.7315707802161889,1.0285292673035675,-1.006547162642714,0.0014762118997507126,-0.8540200972293952,-1.06213704770373,23.74
-0.5042001744975348,1.449433038061375,-0.4649411948596544,-0.40919705584577554,-0.2733921683496596,0.1913330509361221,26.14
-2.646870654862301,1.6851762671239527,-0.23855066454485244,1.3298150838630252,0.23605676940992903,1.3858471918060897,15.52
0.5891754702686011,0.6994487826137274,0.7323998789108448,-0.942593382349382,0.42773084253367405,0.8039285499768348,43.57
-1.7397494646183655,-0.2210494067420765,0.8458789218374688,0.08112591873110521,0.08768579284013708,0.3280496530931768,35.86
0.8377729294524936,0.07521782748059817,1.022971026351793,-0.9868532287376682,-0.12982160996931327,-0.7311622508087575,41.05
-0.018347893164579885,2.4529929922608757,0.24365171736981692,-0.8176394471338048,0.3791119309409609,1.077700911370146,28.99
1.1683479961187244,0.7062812885991547,0.4913645425476347,0.3856505707352834,0.01903355163639172,-0.27085029109914305,46.24
0.47330823325209065,0.8054893071323641,-1.0664036918290838,-0.0480240273822096,-1.0645967059551869,-1.4095400666563975,26.92
-1.2677897556501474,1.6743401699726868,-0.9310779176995523,1.6378483338367236,0.4473644353549859,2.0721140436449548,10.54
-0.18552691575137784,-0.9472740759677982,0.14945896184157123,0.6662497198729406,-0.3100531505894457,-0.47774284902515707,25.1
-1.0074239148609028,1.9192099699764193,-0.061503485368097,-0.6441792962044128,-0.21935540789547792,0.13519256887507178,29.07
-1.3461110145268156,1.150351960922213,-0.8529760847023702,1.2794790289290872,0.13963403374980854,1.3745212467150083,9.74
0.29849995659345496,0.7762914417222487,0.2381184326471596,0.07535187119238641,0.17211437033460397,0.5107021618305354,33.8
0.6541650258695508,3.265801987233327,0.6675723762073923,-0.9645450934997134,1.042672887173866,2.124092707614308,39.84
0.42001374399324254,2.6766627874780644,-0.35672550456341034,0.3677519481732026,0.07484551214121452,0.5686192416472307,26.97
0.45427388848247247,1.6501958645572943,0.10367374287030809,-1.775019077936435,0.3451107800013712,1.1344312273722987,27.23
0.15582555471171822,3.1989661251732904,0.6514784800873028,-0.6549285937739198,0.7368644286050584,1.5217213154261868,30.65
0.178170414854715,3.1461073860363085,0.4650715741647312,-0.3887647064317183,0.5924465149920242,1.295574953915014,33.05
-0.1599390738875366,1.9345491378836621,0.14342612666312943,-1.9828625214377,0.5653976483890227,1.7889996456947956,24.58
-0.1063046738995757,1.3999990429222493,-0.4606892641123494,-1.830491765635717,0.4742959634963014,2.0038970472350996,21.91
0.46517498832478144,2.8446964584683667,0.32164080633093406,-0.8701459483353041,0.6274993798948202,1.504390613764967,30.88
-1.2612112202905779,0.1689694866020561,-0.8954413282401656,-1.4983856432771614,0.042002580344102224,1.5891800955318525,15.34
1.1848789220804352,2.910677882686702,0.1857315914318538,-1.1721615944160715,1.208590344964013,2.784082532693901,24.34
-0.18098336022682804,2.248151305504263,0.4035108465953898,-1.6690886069839892,0.5304802432278024,1.5080595108255472,23.89
0.5174284552317963,1.4444373024501522,-0.08416285879168789,-1.4122039073706327,0.9624985970792715,2.6585008466341065,22.93
0.973438262627932,2.815142657867911,0.23059956794076844,-1.2802141297308345,1.100787589348049,2.5762335194063337,29.41
-0.45785067217991676,-0.7118635919016856,0.6066139995941287,-0.9021388723424081,0.36372582279796983,1.0237666612159646,36.8
0.9982734696750082,0.9829215756606479,-0.2325733821174931,-1.657929788677707,-0.45987276726035936,-0.6429343804342771,18.29
1.2693015118650137,2.7187553959186364,-0.6829514120296132,1.6400237327982057,-0.39933188135985903,-0.6332088295783043,32.72
0.21334941132670118,1.070623479231462,0.5974517193957695,1.4686909456310167,1.099675014186528,2.156592118667707,31.42
1.3142961032430218,1.725086174339603,-0.9070753965018262,0.024809395444710943,-0.605947289649108,-0.7312322321052789,28.94
0.3115910660615783,1.0071431775534572,0.9490948263197913,1.2521452644382998,-0.1307420221108088,-0.8586720244642827,40.93
-1.0622426100858182,0.19101180665578696,-1.0682567762173552,0.008223336357342024,-0.2367364026318588,0.7893013790647547,12.18
-0.25121590535103905,1.1105993123994242,-0.1756435266410107,-1.6924151331724036,-0.15595709597040763,0.3554793460604167,25.56
0.19425711471171653,1.8091963917580176,-0.4972339237827012,-0.2672380073549416,0.10759879478522771,0.8753895522882423,36.44
-0.476269363151686,2.7723993915418954,0.22433212052261028,1.2457239907741517,-0.688695458649923,-1.5798015582957456,32.96
0.09631230086865462,0.5685272239787746,0.651104411302492,0.48655076722112334,0.9979216594755663,2.065207947587222,23.84
-0.793394925204077,2.0391697167227476,-0.24783967857294195,0.544784202233754,-0.16434412899160722,0.2141954761663256,26.23
-2.8818375099084923,0.3242935421046852,-0.26592513588558153,-0.41730441748129043,-0.43205457287739557,0.16792881358996684,17.96
-0.7036723923866969,0.9448198920717339,1.0254109906718616,1.5517810493996398,0.9989935848078814,1.857860875511414,38.63
0.02212888291302934,0.8763973839927305,-0.6347103328624257,-0.1186296089644319,-0.8281067485055845,-1.141954310253841,19.01
0.6351207541339899,1.018527877535045,0.31509646058647917,0.12702824837630491,0.36712778361187787,0.8256996675219832,33.72
-0.5078037963403245,1.4037623340194287,-0.3788866354883199,-0.31902560129451357,1.0023555982625407,2.983637505747435,8.54
-2.320110007074152,-0.03492536365467043,-0.04021815451510997,-2.4173761798174294,0.02132488200830667,1.1864475435548312,13.46
-0.31556784573661795,0.19585129623782227,0.32737936765472947,0.3328876728715643,0.4793755684975309,1.2142174523054536,32.25
-0.3456159248154026,1.2208459068367403,-0.570813337234014,-0.30641126785046946,-0.270522536763033,0.2200205670880852,23.52
0.09778060822045247,1.7525200159732734,0.020556160161060034,-1.9633208825850128,0.23997070403704762,1.0537882404319892,29.73
-0.7254834699005813,0.6866081010497487,0.7003743468675093,-0.16239217457726257,-0.05116495172682294,-0.09861958267836099,49.77
0.4384468785356164,0.8389393119429702,1.213929134726547,0.19947334851551995,-0.09383794372741049,-0.8750958195815124,52.45
0.07258216970767636,0.142611345181041,0.46444280554147016,0.17448162098569722,-0.4901468005738766,-1.1224946516834005,40.93
0.44266845535772587,-1.1254727977904648,-0.040988010463919484,0.9309106238510163,-0.22947012344780113,-0.27128927892632476,44.87
-1.63406558899352,0.4624327703035978,-0.7633830558479007,-0.13216390311893542,-0.14182506874890768,0.9010959438928184,13.2
0.41033305219183475,1.1963825481668506,0.2847105751764501,-2.393724018765866,-0.7240952472539532,-1.411149834321543,37.43
-0.45656856579315097,2.8010813447836624,-0.07951017090857505,0.6870917315489603,0.1941771894954551,0.7910492836203962,29.87
0.9841796834294063,1.6229447721697512,1.2746277244917887,1.5446421034154332,0.2814926587241863,-0.3578903580256448,56.62
-0.6597329106288643,-0.017128851173542244,-0.7568779299609367,-1.552653691578614,0.1546169422091248,1.5581913307024766,12.46
0.3130201624443376,2.156218781999147,-0.3239978254109217,1.169255770713403,-0.47059142064113507,-0.8216017000812577,23.79
-1.7685209964977051,0.6585091071332889,-0.8509726302264974,-0.14833204064524652,-0.03151654765306628,1.2640969569589666,13.29
-0.45282352189111824,0.9974746824157489,0.8665375111847219,-0.13625428698790706,0.1791580784516742,0.23730631978331457,39.42
0.038573481875674116,1.2423661289412387,1.412506186114632,-0.3220450090744496,0.5442380878336076,0.642289202670627,46.23
-1.187588753603919,-0.32001060663831093,0.9453682134878968,-0.08742907859067044,-1.0884377540823855,-2.468756729305319,44.52
0.6884793038499485,1.044403434751404,-0.972827666753135,-0.010020446873931518,-0.8482856010922061,-1.0667475629651249,23.74
-0.5532303072433794,1.4714587907781653,-0.4289515343741582,-0.4256738887775801,-0.26762080288851864,0.18517486307803738,26.15
-2.6374103567874916,1.6889443869300376,-0.243450322748985,1.33562590769065,0.2404973185774626,1.3959531722695468,15.53
0.5787683080817247,0.6912461586872493,0.73621747798613,-0.9518331109654591,0.42317013847128276,0.7950379788785383,43.58
-1.735122660647304,-0.2334785851455571,0.8325799450116121,0.08134550451184705,0.08112585479460607,0.32468654959248644,35.87
0.8537700859146162,0.07857277323013351,1.0212909782517225,-0.9850540709678577,-0.12235498908960925,-0.7173881545701916,41.05
-0.04301226392947361,2.4611778222930654,0.267465271678547,-0.8258135404978607,0.3833479043786871,1.0749982902738675,28.99
1.2135590922700015,0.6816216049117235,0.44929723673573757,0.40007992742772225,0.010504163681764425,-0.2657413820664464,46.25
0.45703155124817363,0.8172759440155207,-1.0554061936530592,-0.04864084010850146,-1.0614067314658828,-1.409415145798131,26.92
-1.2538651412023487,1.6612661142450802,-0.940342087934274,1.6400859036258764,0.4424616556779512,2.0673053710972216,10.54
-0.18388656026660163,-0.942931399282979,0.146770245879825,0.6702945563849441,-0.30923603325885923,-0.47509160146486384,25.1
-1.0590312341191603,1.93016146552407,-0.021741255083362523,-0.6484770832287325,-0.21732409676050668,0.11939316944742841,29.07
-1.344986217859535,1.1561683551649575,-0.8483023732543653,1.2745318678124962,0.1438982888283491,1.379524011055496,9.74
0.23620975303977038,0.7910893996969748,0.2843875936013514,0.06284747764978832,0.17477482650826837,0.4937542750776255,33.8
0.9072882846918348,1.1394480078318354,0.776206479599703,-0.3840636220884224,0.7347473311571515,1.2806222487262717,37.17
-1.5998027699832582,3.048818099464449,1.251578015068201,-0.5068393473352061,0.36209552341490797,0.5324985924008577,33.76
0.8919584785792828,2.0680218508142145,0.032898943506308204,-1.1666964581451744,0.6631975818092107,1.6758472530593072,16.5
-0.14833967641233597,2.0752249471785644,-0.48991751049793114,0.9259444066329761,0.08752896238730751,0.7282833318606867,19.99
-1.6854166152704793,2.1502006850584103,1.0329271770667512,-1.7422124505139922,0.03207278305204333,0.1333639133012008,36.35
-1.5151453009513953,1.43108022690439,2.679050281459937,-1.469958169815005,0.5967117325715589,0.19492702077200416,38.22
-3.3937188840354224,0.9148326537774955,-0.021527455817073462,-0.019927983562540285,-0.1878679480785942,0.5961989663195814,15.42
1.8888484465554358,1.0313147740428124,0.71134824317434,0.38788414565438295,0.44410364340559855,0.3614043884913935,33.42
0.7759889715902889,-1.2946659771772755,0.683200565439951,-0.011842386410249593,0.16085848247128937,0.11787362738922934,39.06
-1.1606618702532927,1.718178712046633,0.5427630542360545,-1.2715327058926615,-0.0318377321081988,0.19392069766606024,27.68
1.7038638597010507,1.64051338312742,-0.20393867270821525,-1.4809716350075088,-0.337293703000645,-0.5509080303161089,26.86
-0.1290720279282217,0.6807116405395461,1.1013241291894944,0.5930767108272818,-0.30268185790956,-1.1871624446689377,45.3
-0.10389896621161626,-0.18939042418930305,0.6343561988822215,-0.3488447541738448,0.6118445224796313,1.3687122854596063,30.12
-2.2978388313863096,0.36725586121600257,-0.4649262081176389,-0.8232551416241275,-0.07644106641968457,1.1004492729263458,15.57
-1.1377525526762293,2.259435878445115,0.10805646973580067,-0.1752786790932879,-0.12102360909924972,0.1953893045845193,44.61
1.0226299797952993,1.2838596163786873,1.0204296409218614,-0.5013779886658066,0.8085847970434403,1.320429840253576,53.52
1.2770356717565847,1.0408054815222465,0.8454813907744477,0.9099077797714271,0.08367973692274755,-0.4392705732400267,57.22
1.329020271358732,1.3895585571460458,1.6062446236360193,1.0792043986676825,0.35941014702179686,-0.39832536629455756,65.91
-0.7819442786768337,1.5785167468349388,1.0196152850166174,0.9766568128821689,0.20636544532036205,0.13955389209990654,52.83
-0.07751969845368731,1.484541182713773,0.3683604208462946,1.3286618906023628,0.2814626730510323,0.5509944339050319,33.4
-1.4255858289831436,0.13146764299966013,-0.41186997832157674,-1.2288834915083382,0.0727603978027265,1.2413456690736098,18.03
0.659787560049965,1.5453100151022305,0.25334091180761453,-1.7636665605610105,-0.5968501056794459,-1.2292307845759811,37.36
-0.018197008290397516,2.987701732111471,0.5384832459539567,-0.3512983056285817,0.6460288846369381,1.3777722376467956,35.31
-0.5295440218470449,0.18140665720101787,0.1927959702973354,1.2548386356501755,0.36440271436469346,1.0586409138478794,42.64
0.4025104869140556,0.42613505681927855,0.4584969684568391,0.8256849008859091,0.994209517581336,2.143923267078318,40.06
0.16306302504656014,1.031380467165948,1.0554929807828182,-0.4386261071042063,0.4756559582902578,0.69292928290955,43.8
0.3213957595797284,1.001671836424861,1.2896731124097438,0.74563592891779,-0.11647964070715741,-1.0096189219551583,61.24
-0.8092448582025236,0.7687656772271352,1.3535082214461713,1.433757716697039,1.0449419452635271,1.7852763594842793,40.87
-0.3600790076667858,2.5873001694721154,-0.13962367632914804,-0.5611267587158397,0.05584385050934864,0.706453326907646,33.31
0.9642871869104197,0.49005821389821774,1.1664827518830152,-0.3718092295073026,0.06638137590894372,-0.5075852909278254,52.43
-2.356968609445274,1.4754793494607026,-0.22653339141210074,0.9559818915662807,0.36274459858006564,1.6904348345632894,15.09
-1.2900669942298657,-0.16898467784155383,0.7559095402755422,0.4154176876811765,0.24104814307860156,0.6342588545573155,38.46
-1.1422340528768096,0.36811872719038974,1.0124843426551304,0.8122033104797601,0.6256665400567422,1.217528437813531,37.27
0.23027166185491044,0.6264831516684884,0.47700752692036474,1.033340381069778,-0.3063714532820683,-0.8673677257553865,42.14
-0.05051333757823022,0.5744657880845236,0.6944325090397857,0.6176908285468339,0.906944019596882,1.8263102118041328,31.88
0.3215157901633637,1.4802027261359691,0.39686787285796105,1.0994154131749465,0.3976129488255608,0.768717570002992,41.54
0.2305037744292346,1.3493293254184422,0.4751342926319734,-2.1826641285558517,-0.7618631093003457,-1.6167097074178343,39.46
0.104735402556897,2.8421872174127287,0.5621668125339893,0.5691765110712942,-0.4455833484980488,-1.314884907401891,37.92
-0.3409546533708881,1.20399522814464,0.845460136996323,0.4322629605330313,0.24313603755104757,0.31895751885639406,44.28
-0.6818434778026791,0.7605717990939171,0.8587027346349104,1.6664178921567943,0.7853835113112073,1.4714920425481564,31.18
-0.008464926073320547,1.8739263555513324,-0.49075517731481705,0.120814212806668,0.013448108099821323,0.6784808023955594,23.7
-0.08829345252449736,1.3325436944931788,-0.01712305395308888,-0.5633853738993402,-0.728712499798816,-1.3163603409665106,32.77
0.3401141638976968,1.339261919135445,0.5402897414457153,0.6044893508398014,0.47418687513525354,0.8618469050613798,32.4
