cement,blast_furnace_slag,fly_ash,water,superplasticizer,coarse_aggregate,fine_aggregate,age,water_cement_ratio,water_binder_ratio,cement_binder_ratio,slag_binder_ratio,fly_ash_binder_ratio,superplasticizer_binder_ratio,aggregate_binder_ratio,water_total_mix_ratio
531.3,0.0,0.0,141.8,28.2,852.1,893.7,3,0.2668925277570696,0.2668925277570696,0.9999999999811783,0.0,0.0,0.053077357424184506,3.2859025032319615,0.05794614032913266
475.0,0.0,0.0,228.0,0.0,932.0,594.0,7,0.47999999998989473,0.47999999998989473,0.9999999999789474,0.0,0.0,0.0,3.212631578879734,0.10228802153386143
277.1,0.0,97.4,160.6,11.8,973.9,875.6,3,0.5795741609318089,0.42883845125690684,0.7399198931711637,0.0,0.26008010680213406,0.03150867823680885,4.938584779574404,0.06701719245507003
436.0,0.0,0.0,218.0,0.0,838.4,719.7,28,0.4999999999885321,0.4999999999885321,0.9999999999770642,0.0,0.0,0.0,3.573623853129045,0.09854889019439199
166.8,250.2,0.0,203.5,0.0,975.6,692.6,7,1.2200239807422046,0.4880095923144362,0.3999999999904077,0.5999999999856115,0.0,0.0,4.000479616211019,0.08891510464416956
312.7,144.7,0.0,127.3,8.0,999.7,822.2,28,0.40709945633491845,0.27831219938175966,0.6836466987170169,0.3163533012611204,0.0,0.01749016178361412,3.9831657191958207,0.05272094756873718
295.7,0.0,95.6,171.5,8.9,955.1,859.2,100,0.5799797091450801,0.43828264757377255,0.7556861742715133,0.0,0.24431382570293092,0.022744697162720557,4.636595962058866,0.0718776194464716
233.8,0.0,94.6,197.9,4.6,947.0,852.2,3,0.8464499571921963,0.6026187575943174,0.7119366625848985,0.0,0.28806333738465095,0.014007308160353005,5.4786845308928545,0.08493197716799739
331.0,0.0,0.0,192.0,0.0,978.0,825.0,7,0.5800604229432006,0.5800604229432006,0.9999999999697885,0.0,0.0,0.0,5.447129909200993,0.08254514187410772
284.0,15.0,141.0,179.0,5.5,842.0,801.0,7,0.630281690118652,0.4068181818089359,0.645454545439876,0.0340909090901343,0.3204545454472624,0.012499999999715908,3.7340909090060435,0.07894156560053389
387.0,20.0,94.0,157.0,13.9,938.0,845.0,28,0.405684754511481,0.313373253486759,0.772455089804941,0.039920159679841916,0.18762475049525698,0.02774451097749013,3.5588822354579066,0.0639537252023954
342.0,38.0,0.0,228.0,0.0,932.0,670.0,270,0.6666666666471734,0.5999999999842105,0.8999999999763157,0.09999999999736842,0.0,0.0,4.215789473573269,0.10316742081401283
389.9,189.0,0.0,145.9,22.0,944.7,755.8,56,0.3741985124294897,0.2520297115174982,0.673518742430929,0.32648125755179686,0.0,0.0380031093446536,2.9374676109356113,0.059616720467210324
290.4,0.0,96.2,168.1,9.4,961.2,865.0,3,0.5788567492913617,0.43481634763489874,0.7511639937726031,0.0,0.2488360062015304,0.024314536988507128,4.723745473235289,0.07032590051428554
298.1,0.0,107.5,163.6,12.8,953.2,784.0,28,0.5488091244364706,0.4033530571892664,0.7349605522501242,0.0,0.2650394477252209,0.03155818540356119,4.28303747523957,0.07054156605695697
236.0,0.0,0.0,194.0,0.0,968.0,885.0,14,0.8220338982702527,0.8220338982702527,0.9999999999576271,0.0,0.0,0.0,7.851694914921538,0.08497590889143682
387.0,20.0,94.0,157.0,14.3,938.0,845.0,3,0.405684754511481,0.313373253486759,0.772455089804941,0.039920159679841916,0.18762475049525698,0.02854291417108697,3.5588822354579066,0.06394330631668659
212.0,141.3,0.0,203.5,0.0,973.4,750.0,90,0.9599056603320799,0.5759977356191339,0.600056609097083,0.39994339087461245,0.0,0.0,4.878007359046759,0.08924655731914198
297.2,0.0,117.5,174.8,9.5,1022.8,753.5,100,0.588156123802552,0.42150952494763666,0.716662647679849,0.0,0.2833373522960372,0.022908126355849816,4.283337352199582,0.07359070433177456
296.0,0.0,0.0,186.0,0.0,1090.0,769.0,28,0.6283783783571494,0.6283783783571494,0.9999999999662161,0.0,0.0,0.0,6.280405405193229,0.07945322511713176
246.8,0.0,125.1,143.3,12.0,1086.8,800.9,14,0.580632090738224,0.3853186340310482,0.6636192524693838,0.0,0.3363807475037273,0.032266738369662096,5.075826835034261,0.05933993125984788
246.8,0.0,125.1,143.3,12.0,1086.8,800.9,28,0.580632090738224,0.3853186340310482,0.6636192524693838,0.0,0.3363807475037273,0.032266738369662096,5.075826835034261,0.05933993125984788
165.0,0.0,150.0,182.0,12.0,1023.0,729.0,28,1.1030303029634527,0.5777777777594356,0.5238095237928949,0.0,0.47619047617535903,0.03809523809402872,5.561904761728194,0.0804953560367957
277.2,97.8,24.5,160.7,11.2,1061.7,782.5,56,0.579725829704916,0.4022528160099561,0.6938673341503412,0.2448060075032589,0.06132665832136854,0.02803504380405419,4.616270337806852,0.06652591488629521
380.0,95.0,0.0,228.0,0.0,932.0,594.0,7,0.5999999999842105,0.47999999998989473,0.7999999999831579,0.19999999999578946,0.0,0.0,3.212631578879734,0.10228802153386143
540.0,0.0,0.0,173.0,0.0,1125.0,613.0,90,0.3203703703644376,0.3203703703644376,0.9999999999814815,0.0,0.0,0.0,3.2185185184589162,0.07058343533222937
332.5,142.5,0.0,228.0,0.0,932.0,594.0,270,0.6857142856936627,0.47999999998989473,0.6999999999852632,0.2999999999936842,0.0,0.0,3.212631578879734,0.10228802153386143
310.0,0.0,0.0,192.0,0.0,970.0,850.0,7,0.6193548386896982,0.6193548386896982,0.9999999999677419,0.0,0.0,0.0,5.870967741746098,0.08268733850093589
376.0,0.0,0.0,214.6,0.0,1003.5,762.4,28,0.5707446808358845,0.5707446808358845,0.9999999999734043,0.0,0.0,0.0,4.696542553066582,0.09106726076770182
167.0,187.0,195.0,185.0,7.0,898.0,636.0,28,1.10778443107139,0.33697632057673993,0.3041894353314355,0.34061930782621824,0.3551912568241313,0.012750455373173944,2.794171220349833,0.08131868131832387
382.5,0.0,0.0,185.7,0.0,1047.8,739.3,7,0.4854901960657388,0.4854901960657388,0.9999999999738561,0.0,0.0,0.0,4.67215686262295,0.07884345943158474
218.9,0.0,124.1,158.5,11.3,1078.7,794.9,14,0.7240749200217417,0.4620991253509592,0.6381924198064667,0.0,0.36180758016437875,0.032944606413033685,5.462390670394682,0.0664180355344183
166.0,259.7,0.0,183.2,12.7,858.8,826.8,28,1.1036144577648423,0.43035001173525134,0.3899459713321601,0.6100540286443492,0.0,0.029833215879026702,3.9595959595029457,0.07940360610229108
424.0,22.0,132.0,178.0,8.5,822.0,750.0,28,0.41981132074481575,0.3079584775033225,0.7335640138281391,0.03806228373636571,0.2283737024181942,0.01470588235268675,2.7197231833439495,0.0761823239885462
192.0,288.0,0.0,192.0,0.0,929.8,716.1,90,0.9999999999479167,0.39999999999166663,0.39999999999166663,0.5999999999875,0.0,0.0,3.428958333261897,0.08283359937839065
475.0,0.0,0.0,228.0,0.0,932.0,594.0,270,0.47999999998989473,0.47999999998989473,0.9999999999789474,0.0,0.0,0.0,3.212631578879734,0.10228802153386143
266.0,114.0,0.0,228.0,0.0,932.0,670.0,365,0.8571428571106336,0.5999999999842105,0.6999999999815789,0.29999999999210525,0.0,0.0,4.215789473573269,0.10316742081401283
212.5,0.0,100.4,159.3,8.7,1007.8,903.6,14,0.7496470587882519,0.5091083413068358,0.6791307126660553,0.0,0.32086928730198566,0.02780441035385732,6.1086609138348145,0.06658863854839867
281.0,0.0,0.0,186.0,0.0,1104.0,774.0,28,0.6619217081614974,0.6619217081614974,0.9999999999644128,0.0,0.0,0.0,6.683274021114474,0.07931769722780675
190.3,0.0,125.2,161.9,9.9,1088.1,802.6,28,0.8507619547634911,0.5131537242309618,0.6031695720886476,0.0,0.3968304278796567,0.0313787638658834,5.992709983962196,0.06808242220324609
480.0,0.0,0.0,192.0,0.0,936.2,712.2,28,0.39999999999166663,0.39999999999166663,0.9999999999791667,0.0,0.0,0.0,3.4341666665951216,0.08274435442129484
332.5,142.5,0.0,228.0,0.0,932.0,594.0,365,0.6857142856936627,0.47999999998989473,0.6999999999852632,0.2999999999936842,0.0,0.0,3.212631578879734,0.10228802153386143
168.0,42.1,163.8,121.8,5.7,1058.7,780.1,100,0.7249999999568452,0.3257555496034834,0.4493179994530806,0.1125969510534208,0.4380850494667536,0.015244717838586663,4.917892484490028,0.05204683360374306
251.4,0.0,118.3,192.9,5.8,1043.6,754.3,56,0.7673031025947771,0.5217744116710367,0.6800108195650525,0.0,0.3199891804078986,0.01568839599632977,4.863132269276085,0.08151967206152426
154.0,144.0,112.0,220.0,10.0,923.0,658.0,28,1.4285714284786641,0.536585365840571,0.37560975608839975,0.3512195121865556,0.27317073170065437,0.02439024390184414,3.8560975608815586,0.0990544799635342
160.2,188.0,146.4,203.2,11.3,828.7,709.7,28,1.268414481818451,0.41083704002404287,0.323898099467774,0.38010513545531527,0.2959967650566923,0.02284674484385672,3.1103922360875376,0.09041156840894143
425.0,106.3,0.0,153.5,16.5,852.1,887.1,28,0.361176470579737,0.28891398456072065,0.7999247129531353,0.200075287028043,0.0,0.031055900620533487,3.273480142983748,0.06289694734659744
330.5,169.6,0.0,194.9,8.1,811.0,802.3,28,0.5897125567143808,0.38972205558108935,0.6608678264214983,0.3391321735585056,0.0,0.016196760647546552,3.225954808973686,0.08413918148815343
388.6,97.1,0.0,157.9,12.1,852.1,925.7,3,0.4063304168706554,0.3250977969873358,0.8000823553469202,0.19991764463249084,0.0,0.02491249742588197,3.660284125928345,0.06488596671434196
286.3,200.9,0.0,144.7,11.2,1004.6,803.7,3,0.5054139014842677,0.2970032840661534,0.5876436781488579,0.4123563218306166,0.0,0.022988505746654585,3.71161740550674,0.059027494492702004
277.0,0.0,0.0,191.0,0.0,968.0,856.0,28,0.6895306858956848,0.6895306858956848,0.9999999999638989,0.0,0.0,0.0,6.584837544888634,0.08333333333296976
323.7,282.8,0.0,183.8,10.3,942.7,659.9,3,0.5678097003222796,0.30305028853581123,0.5337180544017524,0.46628194558175956,0.0,0.016982687551245133,2.6423742786044127,0.07648135818876299
251.4,0.0,118.3,188.5,5.8,1028.4,757.7,100,0.7498011137331025,0.5098728698807176,0.6800108195650525,0.0,0.3199891804078986,0.01568839599632977,4.831214498111139,0.08020935279315684
299.8,0.0,119.8,211.5,9.9,878.2,727.6,28,0.7054703135188302,0.5040514775856995,0.7144899904500837,0.0,0.2855100095260841,0.023593898950819973,3.826978074265325,0.09413387929457835
165.0,0.0,143.6,163.8,0.0,1005.6,900.9,28,0.9927272726671075,0.5307841866321845,0.5346727154719807,0.0,0.4653272844956147,0.0,6.17790019422625,0.06885535331426772
102.0,153.0,0.0,192.0,0.0,887.0,942.0,7,1.8823529409919264,0.7529411764410611,0.39999999998431374,0.5999999999764706,0.0,0.0,7.172549019326566,0.08435852372546415
255.0,0.0,0.0,192.0,0.0,889.8,945.0,28,0.7529411764410611,0.7529411764410611,0.9999999999607843,0.0,0.0,0.0,7.19529411736489,0.08414409676534251
151.6,0.0,111.9,184.4,7.9,992.0,815.9,28,1.2163588389698972,0.6998102466527586,0.5753320682893611,0.0,0.4246679316726881,0.02998102466679389,6.8611005689995785,0.08145955736148139
178.0,129.8,118.6,179.9,3.6,1007.3,746.8,100,1.0106741572465914,0.4219043151871036,0.41744840524349325,0.3044090056213788,0.27814258911167583,0.008442776735261661,4.113742964256244,0.07609983079494036
266.0,114.0,0.0,228.0,0.0,932.0,670.0,90,0.8571428571106336,0.5999999999842105,0.6999999999815789,0.29999999999210525,0.0,0.0,4.215789473573269,0.10316742081401283
250.0,0.0,95.7,191.8,5.3,948.9,857.2,14,0.767199999969312,0.5548163147076999,0.7231703789203595,0.0,0.2768296210507136,0.015331212033111621,5.224472085472246,0.08165524287929818
387.0,20.0,94.0,157.0,14.3,938.0,845.0,7,0.405684754511481,0.313373253486759,0.772455089804941,0.039920159679841916,0.18762475049525698,0.02854291417108697,3.5588822354579066,0.06394330631668659
318.8,212.5,0.0,155.7,14.3,852.1,880.4,7,0.4883939773999876,0.2930547713101251,0.6000376435046106,0.39996235647656764,0.0,0.026915113871129024,3.2608695651560162,0.06397403237708943
210.7,316.1,0.0,185.7,0.0,977.0,689.3,28,0.8813478879505767,0.3525056947541286,0.3999620349202741,0.6000379650607435,0.0,0.0,3.1630599847539282,0.07806457037128776
451.0,0.0,0.0,165.0,11.3,1030.0,745.0,28,0.3658536585284733,0.3658536585284733,0.9999999999778271,0.0,0.0,0.02505543237194999,3.9356984478063035,0.06868417766278698
284.0,120.0,0.0,168.0,7.0,970.0,794.0,28,0.5915492957538186,0.4158415841481227,0.7029702970123027,0.2970297029629448,0.0,0.017326732672838446,4.366336633555289,0.07170294494207553
182.0,45.2,122.0,170.2,8.2,1059.4,780.7,14,0.9351648351134524,0.4873997708909679,0.5211912943722454,0.12943871706387633,0.3493699885352414,0.02348224513105721,5.269473081177851,0.07188410693892011
288.0,192.0,0.0,192.0,0.0,932.0,717.8,90,0.6666666666435185,0.39999999999166663,0.5999999999875,0.39999999999166663,0.0,0.0,3.4370833332617274,0.08269446119354512
165.0,0.0,143.6,163.8,0.0,1005.6,900.9,3,0.9927272726671075,0.5307841866321845,0.5346727154719807,0.0,0.4653272844956147,0.0,6.17790019422625,0.06885535331426772
141.3,212.0,0.0,203.5,0.0,971.8,748.5,3,1.4401981598414577,0.5759977356191339,0.39994339087461245,0.600056609097083,0.0,0.0,4.869232946366565,0.0893680558601319
167.4,129.9,128.6,175.5,7.8,1006.3,746.6,28,1.0483870967115658,0.4120685606853236,0.3930500117306164,0.3050011739773421,0.3019488142685619,0.018314158252681047,4.115754871939052,0.07429829389071463
144.0,136.0,106.0,178.0,7.0,941.0,774.0,28,1.23611111102527,0.46113989636111036,0.37305699480898813,0.3523316062084888,0.2746113989566163,0.018134715025436923,4.443005181232047,0.07786526684130418
362.6,189.0,0.0,164.9,11.6,944.7,755.8,28,0.4547710976156985,0.2989485134100988,0.6573604060794532,0.34263959390241766,0.0,0.021029731689248914,3.0828498911696363,0.06789920118558883
250.0,0.0,95.7,191.8,5.3,948.9,857.2,56,0.767199999969312,0.5548163147076999,0.7231703789203595,0.0,0.2768296210507136,0.015331212033111621,5.224472085472246,0.08165524287929818
251.4,0.0,118.3,188.5,5.8,1028.4,757.7,3,0.7498011137331025,0.5098728698807176,0.6800108195650525,0.0,0.3199891804078986,0.01568839599632977,4.831214498111139,0.08020935279315684
214.9,53.8,121.9,155.6,9.6,1014.3,780.6,28,0.7240577012227055,0.3983614951254899,0.5501792114554486,0.1377368151526437,0.3120839733663061,0.02457757296404051,4.5952380951204495,0.06619304887877571
475.0,0.0,0.0,228.0,0.0,932.0,594.0,28,0.47999999998989473,0.47999999998989473,0.9999999999789474,0.0,0.0,0.0,3.212631578879734,0.10228802153386143
166.1,0.0,163.3,176.5,4.5,1058.6,780.1,14,1.0626128837409625,0.5358227079375889,0.5042501517758272,0.0,0.49574984819381457,0.01366120218537762,5.581967212945295,0.07513515814535297
155.0,183.0,0.0,193.0,9.0,877.0,868.0,28,1.2451612902422475,0.5710059171428696,0.45857988164323726,0.541420118327177,0.0,0.026627218934123453,5.1627218933383805,0.0844638949668076
362.6,189.0,0.0,164.9,11.6,944.7,755.8,3,0.4547710976156985,0.2989485134100988,0.6573604060794532,0.34263959390241766,0.0,0.021029731689248914,3.0828498911696363,0.06789920118558883
236.9,91.7,71.5,246.9,6.0,852.9,695.4,28,1.0422119037128657,0.6170957260530593,0.5921019744915745,0.22919270181881546,0.1787053236646162,0.01499625093689087,3.8697825542646886,0.11216099577471421
491.0,26.0,123.0,210.0,3.9,882.0,699.0,7,0.42769857432937475,0.32812499999487305,0.7671874999880127,0.04062499999936523,0.19218749999699708,0.006093749999904785,2.4703124999614015,0.08624584171799152
203.5,305.3,0.0,203.5,0.0,963.4,630.0,90,0.9999999999508599,0.3999606918160385,0.3999606918160385,0.6000393081643074,0.0,0.0,3.131682389875557,0.08825953072781256
212.6,0.0,100.4,159.4,10.4,1003.8,903.8,100,0.749764816521648,0.5092651757025793,0.6792332268153599,0.0,0.32076677315269114,0.033226837059641315,6.0945686899011315,0.06668340026745867
251.8,0.0,99.9,146.1,12.4,1006.0,899.8,28,0.580222398706107,0.41541086151790124,0.7159510946626115,0.0,0.2840489053089551,0.03525732157989032,5.418822860238304,0.06047185430438547
213.8,98.1,24.5,181.7,6.7,1066.0,785.5,14,0.8498596819059934,0.540130796654574,0.6355529131796804,0.2916171224645774,0.07282996432601575,0.019916765754461455,5.503864446923191,0.07646340950184545
281.0,0.0,0.0,185.0,0.0,1104.0,774.0,28,0.6583629893004141,0.6583629893004141,0.9999999999644128,0.0,0.0,0.0,6.683274021114474,0.07892491467543121
520.0,0.0,0.0,170.0,5.2,855.0,855.0,28,0.32692307691678996,0.32692307691678996,0.9999999999807692,0.0,0.0,0.009999999999807692,3.2884615383982987,0.07068019291505621
446.0,24.0,79.0,162.0,11.6,967.0,712.0,3,0.36322869954342535,0.2950819672077398,0.8123861566336542,0.04371584699373924,0.14389799635439166,0.021129326046973963,3.0582877959370074,0.06745502997973246
250.0,0.0,95.7,187.4,5.5,956.9,861.2,28,0.749599999970016,0.5420885160387016,0.7231703789203595,0.0,0.2768296210507136,0.01590974833624791,5.259184263660423,0.07951797004251913
148.5,139.4,108.6,192.7,6.1,892.4,780.0,28,1.297643097555714,0.4860025220558385,0.37452711222258445,0.3515762925510321,0.2738965952011627,0.015384615384227373,4.217906683374076,0.08497596683827235
528.0,0.0,0.0,185.0,6.9,920.0,720.0,28,0.35037878787215193,0.35037878787215193,0.9999999999810606,0.0,0.0,0.013068181817934316,3.1060606060017792,0.07839315225188188
397.0,0.0,0.0,185.0,0.0,1040.0,734.0,28,0.4659949622048868,0.4659949622048868,0.999999999974811,0.0,0.0,0.0,4.468513853791725,0.07852292020340186
173.0,116.0,0.0,192.0,0.0,946.8,856.8,28,1.1098265895312238,0.6643598615687073,0.5986159169343039,0.40138408303109396,0.0,0.0,6.240830449611043,0.08404096997249391
349.0,0.0,0.0,192.0,0.0,1056.0,809.0,3,0.5501432664598813,0.5501432664598813,0.9999999999713467,0.0,0.0,0.0,5.343839541394159,0.07980049875278554
153.0,102.0,0.0,192.0,0.0,888.0,943.1,3,1.254901960702294,0.7529411764410611,0.5999999999764706,0.39999999998431374,0.0,0.0,7.1807843134438905,0.08428076028232176
236.0,0.0,0.0,194.0,0.0,968.0,885.0,3,0.8220338982702527,0.8220338982702527,0.9999999999576271,0.0,0.0,0.0,7.851694914921538,0.08497590889143682
336.5,0.0,0.0,181.9,3.4,985.8,816.8,28,0.540564635942331,0.540564635942331,0.9999999999702823,0.0,0.0,0.01010401188677254,5.356909360910641,0.07825675443091441
405.0,0.0,0.0,175.0,0.0,1120.0,695.0,28,0.43209876542142966,0.43209876542142966,0.9999999999753086,0.0,0.0,0.0,4.481481481370827,0.07306889352787863
380.0,95.0,0.0,228.0,0.0,932.0,594.0,28,0.5999999999842105,0.47999999998989473,0.7999999999831579,0.19999999999578946,0.0,0.0,3.212631578879734,0.10228802153386143
379.5,151.2,0.0,153.9,15.9,1134.3,605.0,91,0.40553359682725865,0.2899943470832863,0.7150932730221388,0.2849067269590181,0.0,0.0299604296206904,3.2773695119035726,0.06307894089653628
203.5,135.7,0.0,185.7,0.0,1076.2,759.3,7,0.9125307124858706,0.5474646226253695,0.5999410377181621,0.4000589622523567,0.0,0.0,5.4112617922933,0.07867310625284411
190.3,0.0,125.2,166.6,9.9,1079.0,798.9,100,0.8754598002692874,0.5280507131369873,0.6031695720886476,0.0,0.3968304278796567,0.0313787638658834,5.9521394609840845,0.0702983248235356
321.0,164.0,0.0,190.0,5.0,870.0,774.0,28,0.5919003115080405,0.39175257731151025,0.6618556700894462,0.33814432988993515,0.0,0.010309278350302901,3.389690721579594,0.08175559380343479
167.4,129.9,128.6,175.5,7.8,1006.3,746.6,14,1.0483870967115658,0.4120685606853236,0.3930500117306164,0.3050011739773421,0.3019488142685619,0.018314158252681047,4.115754871939052,0.07429829389071463
154.8,0.0,142.8,193.3,9.1,877.2,867.7,28,1.2487080102552512,0.6495295698706475,0.520161290305102,0.0,0.4798387096612957,0.030577956988219822,5.8632392471148105,0.08610628535753885
382.5,0.0,0.0,185.7,0.0,1047.8,739.3,28,0.4854901960657388,0.4854901960657388,0.9999999999738561,0.0,0.0,0.0,4.67215686262295,0.07884345943158474
277.0,0.0,0.0,191.0,0.0,968.0,856.0,180,0.6895306858956848,0.6895306858956848,0.9999999999638989,0.0,0.0,0.0,6.584837544888634,0.08333333333296976
339.0,0.0,0.0,197.0,0.0,968.0,781.0,365,0.5811209439356602,0.5811209439356602,0.9999999999705015,0.0,0.0,0.0,5.159292035246039,0.0862144420127518
150.0,236.8,0.0,173.8,11.9,1069.3,674.8,28,1.1586666665894223,0.4493278179821787,0.3877973112619494,0.6122026887121974,0.0,0.030765253360114653,4.509048603813106,0.07502374169008452
166.8,250.2,0.0,203.5,0.0,975.6,692.6,90,1.2200239807422046,0.4880095923144362,0.3999999999904077,0.5999999999856115,0.0,0.0,4.000479616211019,0.08891510464416956
151.0,0.0,185.0,167.0,16.0,1074.0,678.0,28,1.1059602648274198,0.49702380950901714,0.44940476189138673,0.0,0.5505952380788514,0.04761904761763038,5.214285714130527,0.07353588727400469
193.5,290.2,0.0,185.7,0.0,998.2,704.3,28,0.9596899224310237,0.38391565018846563,0.4000413479346694,0.5999586520446566,0.0,0.0,3.519743642681006,0.0782916649096577
236.0,0.0,0.0,193.0,0.0,968.0,885.0,180,0.8177966101348391,0.8177966101348391,0.9999999999576271,0.0,0.0,0.0,7.851694914921538,0.08457493426781519
349.0,0.0,0.0,192.0,0.0,1056.0,809.0,120,0.5501432664598813,0.5501432664598813,0.9999999999713467,0.0,0.0,0.0,5.343839541394159,0.07980049875278554
446.0,24.0,79.0,162.0,10.3,967.0,712.0,28,0.36322869954342535,0.2950819672077398,0.8123861566336542,0.04371584699373924,0.14389799635439166,0.01876138433481309,3.0582877959370074,0.06749156355427449
152.0,0.0,112.0,184.0,8.0,992.0,816.0,28,1.2105263157098338,0.6969696969432966,0.5757575757357667,0.0,0.42424242422635444,0.03030303030188246,6.848484848225436,0.08127208480529474
250.0,0.0,95.7,187.4,5.5,956.9,861.2,56,0.749599999970016,0.5420885160387016,0.7231703789203595,0.0,0.2768296210507136,0.01590974833624791,5.259184263660423,0.07951797004251913
277.0,0.0,0.0,191.0,0.0,968.0,856.0,90,0.6895306858956848,0.6895306858956848,0.9999999999638989,0.0,0.0,0.0,6.584837544888634,0.08333333333296976
540.0,0.0,0.0,173.0,0.0,1125.0,613.0,270,0.3203703703644376,0.3203703703644376,0.9999999999814815,0.0,0.0,0.0,3.2185185184589162,0.07058343533222937
213.8,98.1,24.5,181.7,6.7,1066.0,785.5,28,0.8498596819059934,0.540130796654574,0.6355529131796804,0.2916171224645774,0.07282996432601575,0.019916765754461455,5.503864446923191,0.07646340950184545
318.8,212.5,0.0,155.7,14.3,852.1,880.4,3,0.4883939773999876,0.2930547713101251,0.6000376435046106,0.39996235647656764,0.0,0.026915113871129024,3.2608695651560162,0.06397403237708943
475.0,118.8,0.0,181.1,8.9,852.1,781.5,91,0.3812631578867102,0.3049848433764738,0.7999326372381285,0.20006736274503087,0.0,0.014988211518777566,2.751094644615172,0.07491519814645937
252.3,0.0,98.8,146.3,14.2,987.8,889.0,28,0.579865239770913,0.41669040158311904,0.7185986898114897,0.0,0.2814013101600284,0.04044431785700813,5.345485616481188,0.06125439624827812
296.0,0.0,106.7,221.4,10.5,819.2,778.4,28,0.7479729729477036,0.5497889247442317,0.7350384901729566,0.0,0.26496150980221106,0.02607400049600015,3.9672212564199842,0.09918466087223733
213.5,0.0,174.2,154.6,11.7,1052.3,775.5,56,0.724121779825568,0.3987619293165137,0.5506835181699592,0.0,0.44931648180424766,0.030177972658494246,4.714469950871435,0.06490889243402087
261.9,110.5,86.1,195.4,5.0,895.2,732.6,28,0.7460862924495577,0.42617230097216635,0.5712104689079343,0.24100327153236634,0.18778625953788905,0.010905125408704358,3.5502726280577916,0.08545064940706935
214.9,53.8,121.9,155.6,9.6,1014.3,780.6,100,0.7240577012227055,0.3983614951254899,0.5501792114554486,0.1377368151526437,0.3120839733663061,0.02457757296404051,4.5952380951204495,0.06619304887877571
381.4,0.0,0.0,185.7,0.0,1104.6,784.3,28,0.48689040376279785,0.48689040376279785,0.9999999999737808,0.0,0.0,0.0,4.952543261537689,0.07561074918535989
359.0,19.0,141.0,154.0,10.9,942.0,801.0,56,0.4289693593195273,0.29672447012915754,0.6917148362101789,0.0366088631977532,0.27167630057280007,0.021001926781868942,3.358381502825465,0.06345543697695226
531.3,0.0,0.0,141.8,28.2,852.1,893.7,56,0.2668925277570696,0.2668925277570696,0.9999999999811783,0.0,0.0,0.053077357424184506,3.2859025032319615,0.05794614032913266
339.2,0.0,0.0,185.7,0.0,1069.2,754.3,7,0.5474646226253695,0.5474646226253695,0.9999999999705188,0.0,0.0,0.0,5.375884433803777,0.07907511497155903
275.1,0.0,121.4,159.5,9.9,1053.6,777.5,14,0.5797891675543515,0.4022698612761092,0.6938209331476969,0.0,0.3061790668270825,0.024968474148172295,4.618158890173564,0.06654151022083211
159.8,250.0,0.0,168.4,12.2,1049.3,688.2,28,1.0538172715235408,0.41093216202023103,0.38994631526622875,0.610053684709369,0.0,0.02977061981381721,4.239873108730115,0.0723398771421782
252.5,0.0,0.0,185.7,0.0,1111.6,784.3,28,0.7354455445253288,0.7354455445253288,0.999999999960396,0.0,0.0,0.0,7.508514851187781,0.07955957328272328
540.0,0.0,0.0,162.0,2.5,1040.0,676.0,28,0.29999999999444443,0.29999999999444443,0.9999999999814815,0.0,0.0,0.004629629629543896,3.17777777771893,0.0669283205946419
297.2,0.0,117.5,174.8,9.5,1022.8,753.5,14,0.588156123802552,0.42150952494763666,0.716662647679849,0.0,0.2833373522960372,0.022908126355849816,4.283337352199582,0.07359070433177456
349.0,0.0,0.0,192.0,0.0,1056.0,809.0,90,0.5501432664598813,0.5501432664598813,0.9999999999713467,0.0,0.0,0.0,5.343839541394159,0.07980049875278554
316.1,210.7,0.0,185.7,0.0,977.0,689.3,28,0.5874723188678432,0.3525056947541286,0.6000379650607435,0.3999620349202741,0.0,0.0,3.1630599847539282,0.07806457037128776
250.0,0.0,0.0,182.0,0.0,1100.0,820.0,7,0.7279999999708799,0.7279999999708799,0.99999999996,0.0,0.0,0.0,7.6799999996928,0.07738095238062338
272.8,181.9,0.0,185.7,0.0,1012.4,714.3,7,0.6807184750483607,0.4084011436021904,0.5999560149417207,0.4000439850362867,0.0,0.0,3.797448867301573,0.07845042456981771
491.0,26.0,123.0,210.0,3.9,882.0,699.0,56,0.42769857432937475,0.32812499999487305,0.7671874999880127,0.04062499999936523,0.19218749999699708,0.006093749999904785,2.4703124999614015,0.08624584171799152
252.0,0.0,0.0,185.0,0.0,1111.0,784.0,28,0.734126984097852,0.734126984097852,0.9999999999603174,0.0,0.0,0.0,7.519841269542863,0.07933104631183821
194.7,0.0,100.5,165.6,7.5,1006.4,905.9,28,0.8505392911735727,0.5609756097370943,0.6595528455061127,0.0,0.34044715446001195,0.025406504064179998,6.477981029590854,0.06956229521940031
374.0,189.2,0.0,170.1,10.1,926.1,756.7,56,0.4548128342124381,0.30202414772191005,0.6640624999882091,0.33593749999403516,0.0,0.017933238636045217,2.9879261363105836,0.07010963646826267
167.4,129.9,128.6,175.5,7.8,1006.3,746.6,56,1.0483870967115658,0.4120685606853236,0.3930500117306164,0.3050011739773421,0.3019488142685619,0.018314158252681047,4.115754871939052,0.07429829389071463
165.0,128.5,132.1,175.1,8.1,1005.8,746.6,56,1.0612121211478052,0.411419172922664,0.3876879699157028,0.30192669172222913,0.31038533833857174,0.019031954886770862,4.117481202910773,0.07415720819890666
193.5,290.2,0.0,185.7,0.0,998.2,704.3,7,0.9596899224310237,0.38391565018846563,0.4000413479346694,0.5999586520446566,0.0,0.0,3.519743642681006,0.0782916649096577
154.0,174.0,185.0,228.0,7.0,845.0,612.0,28,1.4805194804233428,0.4444444444357808,0.30019493176802736,0.3391812865430959,0.3606237816693835,0.013645224171273972,2.8401559453637395,0.10340136054374875
425.0,106.3,0.0,153.5,16.5,852.1,887.1,7,0.361176470579737,0.28891398456072065,0.7999247129531353,0.200075287028043,0.0,0.031055900620533487,3.273480142983748,0.06289694734659744
134.7,0.0,165.7,180.2,10.0,961.0,804.9,28,1.337787676218427,0.599866844187754,0.44840213047774957,0.0,0.5515978694889614,0.03328894806813286,5.878495339351582,0.07985818745809946
212.1,0.0,121.6,180.3,5.7,1057.6,779.3,14,0.8500707213177714,0.5403056637536618,0.6356008390579682,0.0,0.36439916091206476,0.017081210667753036,5.504644890455359,0.07650852923671177
168.9,42.2,124.3,158.3,10.8,1080.8,796.2,100,0.9372409709332599,0.4719737626573651,0.5035778175162916,0.12581991651383959,0.3706022659400535,0.03220035778079307,5.596302921717462,0.06647071173602155
136.0,196.0,98.0,199.0,6.0,847.0,783.0,28,1.4632352940100561,0.46279069766365605,0.3162790697600865,0.45581395347777176,0.22790697673888588,0.013953488371768524,3.790697674330449,0.08785871964641122
485.0,0.0,0.0,146.0,0.0,1120.0,800.0,28,0.3010309278288447,0.3010309278288447,0.9999999999793814,0.0,0.0,0.0,3.9587628865163142,0.05723245785943853
251.8,0.0,99.9,146.1,12.4,1006.0,899.8,14,0.580222398706107,0.41541086151790124,0.7159510946626115,0.0,0.2840489053089551,0.03525732157989032,5.418822860238304,0.06047185430438547
469.0,117.2,0.0,137.8,32.2,852.1,840.5,56,0.29381663112379924,0.2350733538001523,0.8000682360832468,0.19993176389969408,0.0,0.054930057999745305,2.8874104400735683,0.05627245998016877
252.3,0.0,98.8,146.3,14.2,987.8,889.0,3,0.579865239770913,0.41669040158311904,0.7185986898114897,0.0,0.2814013101600284,0.04044431785700813,5.345485616481188,0.06125439624827812
236.0,0.0,0.0,194.0,0.0,968.0,885.0,28,0.8220338982702527,0.8220338982702527,0.9999999999576271,0.0,0.0,0.0,7.851694914921538,0.08497590889143682
213.5,0.0,174.2,154.6,11.7,1052.3,775.5,14,0.724121779825568,0.3987619293165137,0.5506835181699592,0.0,0.44931648180424766,0.030177972658494246,4.714469950871435,0.06490889243402087
313.3,262.2,0.0,175.5,8.6,1046.9,611.8,91,0.5601659750858549,0.3049522154595143,0.5443961772277255,0.45560382275489825,0.0,0.014943527367246854,2.8821894004712045,0.07257164123527862
172.4,13.6,172.4,156.8,4.1,1006.3,856.4,56,0.9095127609681257,0.43749999998779304,0.48102678570086427,0.0379464285703698,0.48102678570086427,0.011439732142537953,5.197265624854987,0.06582703610383785
236.0,0.0,0.0,194.0,0.0,968.0,885.0,90,0.8220338982702527,0.8220338982702527,0.9999999999576271,0.0,0.0,0.0,7.851694914921538,0.08497590889143682
401.8,94.7,0.0,147.4,11.4,946.8,852.1,56,0.36684917868673844,0.296878147023225,0.8092648539615456,0.19073514601831348,0.0,0.02296072507506625,3.6231621348716385,0.0600603047833915
288.0,192.0,0.0,192.0,0.0,932.0,717.8,7,0.6666666666435185,0.39999999999166663,0.5999999999875,0.39999999999166663,0.0,0.0,3.4370833332617274,0.08269446119354512
222.4,0.0,96.7,189.3,4.5,967.1,870.3,100,0.8511690647099295,0.5932309620622617,0.6969602005422451,0.0,0.3030397994264168,0.014102162331115569,5.758069570487055,0.08054290941547657
427.5,47.5,0.0,228.0,0.0,932.0,594.0,28,0.5333333333208576,0.47999999998989473,0.8999999999810526,0.09999999999789473,0.0,0.0,3.212631578879734,0.10228802153386143
312.9,160.5,0.0,177.6,9.6,916.6,759.5,28,0.5675934803270184,0.3751584283824428,0.6609632445994726,0.33903675537940353,0.0,0.020278833966618528,3.5405576678593036,0.07600462190235802
190.3,0.0,125.2,161.9,9.9,1088.1,802.6,56,0.8507619547634911,0.5131537242309618,0.6031695720886476,0.0,0.3968304278796567,0.0313787638658834,5.992709983962196,0.06808242220324609
139.7,163.9,127.7,236.7,5.8,868.6,655.6,28,1.694345024932402,0.5488059355309806,0.3239044748359864,0.3800139114217479,0.29608161371907993,0.013447716206504805,3.5339670761990734,0.1076888080067894
382.0,0.0,0.0,186.0,0.0,1047.0,739.0,28,0.48691099475165156,0.48691099475165156,0.9999999999738219,0.0,0.0,0.0,4.675392670034675,0.07901444350008915
233.8,0.0,94.6,197.9,4.6,947.0,852.2,100,0.8464499571921963,0.6026187575943174,0.7119366625848985,0.0,0.28806333738465095,0.014007308160353005,5.4786845308928545,0.08493197716799739
424.0,22.0,132.0,168.0,8.9,822.0,750.0,56,0.3962264150849947,0.2906574394413381,0.7335640138281391,0.03806228373636571,0.2283737024181942,0.015397923875166126,2.7197231833439495,0.07219906313089433
439.0,177.0,0.0,186.0,11.1,884.9,707.9,56,0.42369020500173826,0.30194805194315016,0.7126623376507685,0.28733766233299773,0.0,0.018019480519187996,2.5857142856723097,0.07730994638149005
194.7,0.0,100.5,165.6,7.5,1006.4,905.9,56,0.8505392911735727,0.5609756097370943,0.6595528455061127,0.0,0.34044715446001195,0.025406504064179998,6.477981029590854,0.06956229521940031
380.0,95.0,0.0,228.0,0.0,932.0,594.0,365,0.5999999999842105,0.47999999998989473,0.7999999999831579,0.19999999999578946,0.0,0.0,3.212631578879734,0.10228802153386143
522.0,0.0,0.0,146.0,0.0,896.0,896.0,7,0.2796934865846802,0.2796934865846802,0.9999999999808429,0.0,0.0,0.0,3.4329501915051157,0.0593495934956937
108.3,162.4,0.0,203.5,0.0,938.2,849.0,90,1.8790397043509661,0.7517547099833116,0.40007388251200315,0.5999261174510556,0.0,0.0,6.602142593032799,0.08998850269704613
425.0,106.3,0.0,151.4,18.6,936.0,803.7,3,0.3562352941092651,0.2849614153908346,0.7999247129531353,0.200075287028043,0.0,0.03500846979041957,3.27442123088134,0.06202376075353534
305.3,203.5,0.0,203.5,0.0,965.4,631.0,90,0.6665574844197,0.3999606918160385,0.6000393081643074,0.3999606918160385,0.0,0.0,3.137578616290535,0.0881448434179922
252.1,97.1,75.6,193.8,8.3,835.5,821.4,28,0.7687425624447147,0.45621468925479725,0.5934557438655025,0.22857815442023122,0.17796610169072585,0.019538606402553237,3.900423728721742,0.08485856905120913
212.6,0.0,100.4,159.4,10.4,1003.8,903.8,56,0.749764816521648,0.5092651757025793,0.6792332268153599,0.0,0.32076677315269114,0.033226837059641315,6.0945686899011315,0.06668340026745867
425.0,106.3,0.0,153.5,16.5,852.1,887.1,91,0.361176470579737,0.28891398456072065,0.7999247129531353,0.200075287028043,0.0,0.031055900620533487,3.273480142983748,0.06289694734659744
322.0,0.0,0.0,203.0,0.0,974.0,800.0,14,0.6304347825891169,0.6304347825891169,0.9999999999689441,0.0,0.0,0.0,5.509316770015238,0.08829926054768031
212.5,0.0,100.4,159.3,8.7,1007.8,903.6,100,0.7496470587882519,0.5091083413068358,0.6791307126660553,0.0,0.32086928730198566,0.02780441035385732,6.1086609138348145,0.06658863854839867
238.1,0.0,94.1,186.7,7.0,949.9,847.0,3,0.7841243174807171,0.5620108368283561,0.7167369054570518,0.0,0.28326309451284576,0.021071643587565574,5.409090908928083,0.08037713104838824
491.0,26.0,123.0,210.0,3.9,882.0,699.0,3,0.42769857432937475,0.32812499999487305,0.7671874999880127,0.04062499999936523,0.19218749999699708,0.006093749999904785,2.4703124999614015,0.08624584171799152
321.0,0.0,128.0,182.0,11.0,870.0,780.0,28,0.5669781931287545,0.405345211572264,0.7149220489818503,0.0,0.285077950995878,0.024498886413708267,3.67483296205624,0.07940663176230625
388.6,97.1,0.0,157.9,12.1,852.1,925.7,56,0.4063304168706554,0.3250977969873358,0.8000823553469202,0.19991764463249084,0.0,0.02491249742588197,3.660284125928345,0.06488596671434196
288.4,121.0,0.0,177.4,7.0,907.9,829.5,28,0.6151178917955924,0.4333170493299141,0.70444553002676,0.295554469948814,0.0,0.01709819247637767,4.243771372636938,0.0760981468768184
160.0,250.0,0.0,168.0,12.0,1049.0,688.0,28,1.049999999934375,0.4097560975509815,0.39024390242950624,0.6097560975461035,0.0,0.029268292682212968,4.236585365750327,0.07219596046380664
230.0,0.0,118.3,195.5,4.6,1029.4,758.6,3,0.8499999999630434,0.5612977318242521,0.6603502727344143,0.0,0.3396497272368748,0.013207005454688284,5.13350559847449,0.08367574045504333
427.5,47.5,0.0,228.0,0.0,932.0,594.0,365,0.5333333333208576,0.47999999998989473,0.8999999999810526,0.09999999999789473,0.0,0.0,3.212631578879734,0.10228802153386143
298.2,0.0,107.0,209.7,11.1,879.6,744.2,28,0.7032193158717901,0.5175222112409298,0.7359328726373165,0.0,0.26406712733800425,0.027393879564970535,4.00740375113506,0.09320828518049067
313.3,262.2,0.0,175.5,8.6,1046.9,611.8,28,0.5601659750858549,0.3049522154595143,0.5443961772277255,0.45560382275489825,0.0,0.014943527367246854,2.8821894004712045,0.07257164123527862
143.0,169.0,143.0,191.0,8.0,967.0,643.0,28,1.3356643355709326,0.41978021977099383,0.3142857142788069,0.37142857142040814,0.3142857142788069,0.017582417582031155,3.53846153838377,0.08436395759680052
475.0,0.0,0.0,228.0,0.0,932.0,594.0,365,0.47999999998989473,0.47999999998989473,0.9999999999789474,0.0,0.0,0.0,3.212631578879734,0.10228802153386143
238.2,158.8,0.0,185.7,0.0,1040.6,734.3,7,0.7795969772972461,0.46775818638620253,0.5999999999848866,0.39999999998992447,0.0,0.0,4.470780856310559,0.07876654224601813
260.0,101.0,78.0,171.0,10.0,936.0,763.0,28,0.6576923076670118,0.3895216400822432,0.592255125271247,0.23006833712459981,0.1776765375813741,0.022779043279663347,3.8701594532148027,0.07373868046540001
200.0,0.0,0.0,180.0,0.0,1125.0,845.0,7,0.899999999955,0.899999999955,0.99999999995,0.0,0.0,0.0,9.8499999995075,0.07659574468052513
262.0,111.0,86.0,195.0,5.0,895.0,733.0,28,0.7442748091318979,0.4248366012979338,0.5708061002054291,0.24183006535420848,0.18736383441857596,0.01089324618712651,3.5468409585283913,0.08526453869661013
380.0,0.0,0.0,228.0,0.0,932.0,670.0,365,0.5999999999842105,0.5999999999842105,0.9999999999736842,0.0,0.0,0.0,4.215789473573269,0.10316742081401283
236.0,157.0,0.0,192.0,0.0,972.6,749.1,3,0.8135593219994254,0.4885496183081794,0.6005089058371371,0.3994910941374175,0.0,0.0,4.380916030422878,0.08323579138993699
446.0,24.0,79.0,162.0,11.6,967.0,712.0,28,0.36322869954342535,0.2950819672077398,0.8123861566336542,0.04371584699373924,0.14389799635439166,0.021129326046973963,3.0582877959370074,0.06745502997973246
255.5,170.3,0.0,185.7,0.0,1026.6,724.3,7,0.726810176096798,0.4361202442358825,0.6000469703945503,0.3999530295819645,0.0,0.0,4.112024424515922,0.07860650186217998
250.2,166.8,0.0,203.5,0.0,977.6,694.1,90,0.8133493205110572,0.4880095923144362,0.5999999999856115,0.3999999999904077,0.0,0.0,4.008872901582521,0.08877933862625959
339.0,0.0,0.0,185.0,0.0,1069.0,754.0,7,0.5457227138482088,0.5457227138482088,0.9999999999705015,0.0,0.0,0.0,5.377581120785322,0.07882403067712473
272.6,0.0,89.6,198.7,10.6,931.3,762.2,28,0.7289068231574134,0.5485919381405688,0.7526228602773986,0.0,0.2473771396949923,0.029265599115702215,4.675593594569972,0.08772626931528597
218.2,54.6,123.8,140.8,11.9,1075.7,792.7,56,0.6452795600070909,0.3550176500162628,0.5501765002382708,0.13767019666823826,0.3121533030682765,0.03000504286359039,4.711043872801032,0.05823716755570072
190.0,190.0,0.0,228.0,0.0,932.0,670.0,180,1.199999999936842,0.5999999999842105,0.4999999999868421,0.4999999999868421,0.0,0.0,4.215789473573269,0.10316742081401283
212.0,141.3,0.0,203.5,0.0,973.4,750.0,3,0.9599056603320799,0.5759977356191339,0.600056609097083,0.39994339087461245,0.0,0.0,4.878007359046759,0.08924655731914198
255.0,0.0,0.0,192.0,0.0,889.8,945.0,90,0.7529411764410611,0.7529411764410611,0.9999999999607843,0.0,0.0,0.0,7.19529411736489,0.08414409676534251
148.1,0.0,136.6,158.1,16.1,1001.8,830.1,28,1.0675219445599242,0.5553213909183238,0.5201966982606183,0.0,0.479803301704257,0.05655075517890584,6.434492447965069,0.06901519119927965
116.0,173.0,0.0,192.0,0.0,909.8,891.9,90,1.6551724136504162,0.6643598615687073,0.40138408303109396,0.5986159169343039,0.0,0.0,6.234256055147603,0.08411092127706615
181.4,0.0,167.0,169.6,7.6,1055.6,777.8,100,0.9349503858360004,0.48679678529027565,0.5206659012479717,0.0,0.47933409872332566,0.021814006888007633,5.2623421353254205,0.07189487070762232
210.7,316.1,0.0,185.7,0.0,977.0,689.3,7,0.8813478879505767,0.3525056947541286,0.3999620349202741,0.6000379650607435,0.0,0.0,3.1630599847539282,0.07806457037128776
296.0,0.0,0.0,186.0,0.0,1090.0,769.0,7,0.6283783783571494,0.6283783783571494,0.9999999999662161,0.0,0.0,0.0,6.280405405193229,0.07945322511713176
145.4,0.0,178.9,201.7,7.8,824.0,868.7,28,1.3872077027931766,0.6219549799376516,0.4483502929248119,0.0,0.5516497070443525,0.024051803884549743,5.2195497994073525,0.09059061306943368
277.0,116.8,91.0,190.6,7.0,946.5,665.6,28,0.6880866425744373,0.3931518151734086,0.5713696369519107,0.24092409240427134,0.18770627062319087,0.014438943894091606,3.3252887788092966,0.08306820658059243
331.0,170.0,0.0,195.0,8.0,811.0,802.0,28,0.5891238670516881,0.38922155687845866,0.6606786427013837,0.33932135727865625,0.0,0.015968063871936763,3.21956087817925,0.08416055243813483
446.0,24.0,79.0,162.0,11.6,967.0,712.0,28,0.36322869954342535,0.2950819672077398,0.8123861566336542,0.04371584699373924,0.14389799635439166,0.021129326046973963,3.0582877959370074,0.06745502997973246
380.0,95.0,0.0,228.0,0.0,932.0,594.0,90,0.5999999999842105,0.47999999998989473,0.7999999999831579,0.19999999999578946,0.0,0.0,3.212631578879734,0.10228802153386143
136.0,162.0,126.0,172.0,10.0,923.0,764.0,28,1.264705882259948,0.4056603773489231,0.3207547169735671,0.382075471689102,0.297169811313746,0.02358490565982111,3.978773584811821,0.07501090274716524
424.0,22.0,132.0,168.0,8.9,822.0,750.0,28,0.3962264150849947,0.2906574394413381,0.7335640138281391,0.03806228373636571,0.2283737024181942,0.015397923875166126,2.7197231833439495,0.07219906313089433
316.1,210.7,0.0,185.7,0.0,977.0,689.3,7,0.5874723188678432,0.3525056947541286,0.6000379650607435,0.3999620349202741,0.0,0.0,3.1630599847539282,0.07806457037128776
159.1,186.7,0.0,175.6,11.3,989.6,788.9,28,1.1037083594529409,0.507807981477507,0.46009253902660235,0.5399074609444793,0.0,0.03267784846637716,5.143146327208123,0.07597784700555565
397.0,17.2,158.0,167.0,20.8,967.0,633.0,28,0.4206549118281951,0.2918559944024492,0.6938133519627085,0.03005941978276722,0.2761272282370477,0.0363509262489278,2.7962250960713693,0.07076271186410694
379.5,151.2,0.0,153.9,15.9,1134.3,605.0,3,0.40553359682725865,0.2899943470832863,0.7150932730221388,0.2849067269590181,0.0,0.0299604296206904,3.2773695119035726,0.06307894089653628
266.0,114.0,0.0,228.0,0.0,932.0,670.0,270,0.8571428571106336,0.5999999999842105,0.6999999999815789,0.29999999999210525,0.0,0.0,4.215789473573269,0.10316742081401283
173.5,50.1,173.5,164.8,6.5,1006.2,793.5,100,0.9498559077262331,0.4150088138903297,0.43691765297313223,0.12616469402855288,0.43691765297313223,0.016368672877955962,4.53210778130113,0.06959165575748663
168.9,42.2,124.3,158.3,10.8,1080.8,796.2,28,0.9372409709332599,0.4719737626573651,0.5035778175162916,0.12581991651383959,0.3706022659400535,0.03220035778079307,5.596302921717462,0.06647071173602155
295.7,0.0,95.6,171.5,8.9,955.1,859.2,3,0.5799797091450801,0.43828264757377255,0.7556861742715133,0.0,0.24431382570293092,0.022744697162720557,4.636595962058866,0.0718776194464716
516.0,0.0,0.0,162.0,8.2,801.0,802.0,28,0.31395348836600867,0.31395348836600867,0.9999999999806202,0.0,0.0,0.015891472867909078,3.1065891472266163,0.07076708020238177
376.0,0.0,0.0,214.6,0.0,1003.5,762.4,100,0.5707446808358845,0.5707446808358845,0.9999999999734043,0.0,0.0,0.0,4.696542553066582,0.09106726076770182
164.2,0.0,200.1,181.2,12.6,849.3,846.0,28,1.103532277642903,0.4973922591134397,0.450727422441649,0.0,0.5492725775309012,0.03458687894497429,4.653582212334516,0.08041182213508292
290.4,0.0,96.2,168.1,9.4,961.2,865.0,56,0.5788567492913617,0.43481634763489874,0.7511639937726031,0.0,0.2488360062015304,0.024314536988507128,4.723745473235289,0.07032590051428554
427.5,47.5,0.0,228.0,0.0,932.0,594.0,270,0.5333333333208576,0.47999999998989473,0.8999999999810526,0.09999999999789473,0.0,0.0,3.212631578879734,0.10228802153386143
212.1,0.0,121.6,180.3,5.7,1057.6,779.3,28,0.8500707213177714,0.5403056637536618,0.6356008390579682,0.0,0.36439916091206476,0.017081210667753036,5.504644890455359,0.07650852923671177
333.0,17.5,163.0,167.0,17.9,996.0,652.0,28,0.5015015014864413,0.3252190847064222,0.6484907497439437,0.03407984420576281,0.31742940603081926,0.034858812073323094,3.209347614348406,0.07117286055203216
202.0,11.0,141.0,206.0,1.7,942.0,801.0,56,1.0198019801475344,0.5819209039383638,0.5706214689104344,0.031073446326805833,0.39830508473451115,0.004802259886869992,4.923728813420234,0.08938256606027084
302.0,0.0,0.0,203.0,0.0,974.0,817.0,28,0.6721854304413184,0.6721854304413184,0.9999999999668874,0.0,0.0,0.0,5.930463575962567,0.08841463414595639
238.1,0.0,94.1,186.7,7.0,949.9,847.0,56,0.7841243174807171,0.5620108368283561,0.7167369054570518,0.0,0.28326309451284576,0.021071643587565574,5.409090908928083,0.08037713104838824
339.0,0.0,0.0,197.0,0.0,968.0,781.0,7,0.5811209439356602,0.5811209439356602,0.9999999999705015,0.0,0.0,0.0,5.159292035246039,0.0862144420127518
331.0,0.0,0.0,192.0,0.0,1025.0,821.0,7,0.5800604229432006,0.5800604229432006,0.9999999999697885,0.0,0.0,0.0,5.577039274755981,0.081046855212828
277.0,0.0,0.0,191.0,0.0,968.0,856.0,14,0.6895306858956848,0.6895306858956848,0.9999999999638989,0.0,0.0,0.0,6.584837544888634,0.08333333333296976
228.0,342.1,0.0,185.7,0.0,955.8,674.3,28,0.8144736841748037,0.3257323276561001,0.3999298368637093,0.6000701631187498,0.0,0.0,2.859322925752336,0.07783226455393005
203.5,305.3,0.0,203.5,0.0,963.4,630.0,3,0.9999999999508599,0.3999606918160385,0.3999606918160385,0.6000393081643074,0.0,0.0,3.131682389875557,0.08825953072781256
295.0,0.0,0.0,185.0,0.0,1069.0,769.0,28,0.6271186440465384,0.6271186440465384,0.9999999999661017,0.0,0.0,0.0,6.230508474365068,0.07981018119033732
190.7,0.0,125.4,162.1,7.8,1090.0,804.0,14,0.8500262191478749,0.5128124011226569,0.6032900980511454,0.0,0.3967099019172189,0.02467573552595141,5.991774754634869,0.06810924369719282
153.0,102.0,0.0,192.0,0.0,888.0,943.1,28,1.254901960702294,0.7529411764410611,0.5999999999764706,0.39999999998431374,0.0,0.0,7.1807843134438905,0.08428076028232176
166.8,250.2,0.0,203.5,0.0,975.6,692.6,28,1.2200239807422046,0.4880095923144362,0.3999999999904077,0.5999999999856115,0.0,0.0,4.000479616211019,0.08891510464416956
277.0,0.0,0.0,191.0,0.0,968.0,856.0,3,0.6895306858956848,0.6895306858956848,0.9999999999638989,0.0,0.0,0.0,6.584837544888634,0.08333333333296976
333.0,0.0,0.0,192.0,0.0,931.2,842.6,28,0.576576576559262,0.576576576559262,0.9999999999699699,0.0,0.0,0.0,5.326726726566766,0.08352183748006124
194.7,0.0,100.5,170.2,7.5,998.0,901.8,3,0.8741653825950608,0.5765582655631247,0.6595528455061127,0.0,0.34044715446001195,0.025406504064179998,6.435636856150555,0.07173262527891545
222.4,0.0,96.7,189.3,4.5,967.1,870.3,56,0.8511690647099295,0.5932309620622617,0.6969602005422451,0.0,0.3030397994264168,0.014102162331115569,5.758069570487055,0.08054290941547657
231.8,0.0,121.6,174.0,6.7,1056.4,778.5,56,0.7506471095448383,0.4923599320743532,0.6559139784760636,0.0,0.3440860214956399,0.018958687039644633,5.192133559558797,0.07344871253662538
157.0,236.0,0.0,192.0,0.0,935.4,781.2,28,1.2229299362278387,0.4885496183081794,0.3994910941374175,0.6005089058371371,0.0,0.0,4.367938931186566,0.08342022940526843
313.0,145.0,0.0,178.0,8.0,1002.0,689.0,28,0.5686900958284763,0.38864628820112124,0.6834061135221964,0.3165938864559696,0.0,0.017467248907915563,3.6921397379106518,0.07623126338297118
108.3,162.4,0.0,203.5,0.0,938.2,849.0,7,1.8790397043509661,0.7517547099833116,0.40007388251200315,0.5999261174510556,0.0,0.0,6.602142593032799,0.08998850269704613
234.0,156.0,0.0,189.0,5.9,981.0,760.0,28,0.8076923076577909,0.48461538460295855,0.5999999999846154,0.39999999998974356,0.0,0.015128205127817226,4.4641025639881,0.08125886753479832
172.4,13.6,172.4,156.8,4.1,1006.3,856.4,28,0.9095127609681257,0.43749999998779304,0.48102678570086427,0.0379464285703698,0.48102678570086427,0.011439732142537953,5.197265624854987,0.06582703610383785
375.0,93.8,0.0,126.6,23.4,852.1,992.6,3,0.3375999999909973,0.27005119453348864,0.7999146757508551,0.20008532422781386,0.0,0.04991467576685335,3.934940272953606,0.051390298355788955
469.0,117.2,0.0,137.8,32.2,852.1,840.5,28,0.29381663112379924,0.2350733538001523,0.8000682360832468,0.19993176389969408,0.0,0.054930057999745305,2.8874104400735683,0.05627245998016877
170.3,155.5,0.0,185.7,0.0,1026.6,724.3,7,1.0904286552501214,0.5699815837762436,0.5227133210398185,0.4772866789294878,0.0,0.0,5.374155923714728,0.08208097595437554
192.0,288.0,0.0,192.0,0.0,929.8,716.1,28,0.9999999999479167,0.39999999999166663,0.39999999999166663,0.5999999999875,0.0,0.0,3.428958333261897,0.08283359937839065
190.3,0.0,125.2,166.6,9.9,1079.0,798.9,3,0.8754598002692874,0.5280507131369873,0.6031695720886476,0.0,0.3968304278796567,0.0313787638658834,5.9521394609840845,0.0702983248235356
389.9,189.0,0.0,145.9,22.0,944.7,755.8,7,0.3741985124294897,0.2520297115174982,0.673518742430929,0.32648125755179686,0.0,0.0380031093446536,2.9374676109356113,0.059616720467210324
388.6,97.1,0.0,157.9,12.1,852.1,925.7,28,0.4063304168706554,0.3250977969873358,0.8000823553469202,0.19991764463249084,0.0,0.02491249742588197,3.660284125928345,0.06488596671434196
250.0,0.0,95.7,191.8,5.3,948.9,857.2,28,0.767199999969312,0.5548163147076999,0.7231703789203595,0.0,0.2768296210507136,0.015331212033111621,5.224472085472246,0.08165524287929818
238.0,0.0,0.0,186.0,0.0,1119.0,789.0,7,0.7815126050091801,0.7815126050091801,0.9999999999579832,0.0,0.0,0.0,8.016806722352234,0.07975986277838869
446.0,24.0,79.0,162.0,11.6,967.0,712.0,56,0.36322869954342535,0.2950819672077398,0.8123861566336542,0.04371584699373924,0.14389799635439166,0.021129326046973963,3.0582877959370074,0.06745502997973246
165.0,128.5,132.1,175.1,8.1,1005.8,746.6,28,1.0612121211478052,0.411419172922664,0.3876879699157028,0.30192669172222913,0.31038533833857174,0.019031954886770862,4.117481202910773,0.07415720819890666
375.0,93.8,0.0,126.6,23.4,852.1,992.6,7,0.3375999999909973,0.27005119453348864,0.7999146757508551,0.20008532422781386,0.0,0.04991467576685335,3.934940272953606,0.051390298355788955
155.2,183.9,143.2,193.8,9.2,879.6,698.5,28,1.2487113401257275,0.4018245904955044,0.32179141612436674,0.38129794732777733,0.29691063652712185,0.019075264357887717,3.272029856867675,0.08562339842676671
313.3,262.2,0.0,175.5,8.6,1046.9,611.8,7,0.5601659750858549,0.3049522154595143,0.5443961772277255,0.45560382275489825,0.0,0.014943527367246854,2.8821894004712045,0.07257164123527862
218.2,54.6,123.8,140.8,11.9,1075.7,792.7,14,0.6452795600070909,0.3550176500162628,0.5501765002382708,0.13767019666823826,0.3121533030682765,0.03000504286359039,4.711043872801032,0.05823716755570072
321.4,0.0,127.9,182.5,11.5,870.1,779.7,28,0.5678282513824572,0.40618740261726716,0.7153349654859708,0.0,0.28466503449177244,0.025595370575882587,3.671934119660096,0.07958658584414291
326.5,0.0,137.9,199.0,10.8,801.1,792.5,28,0.6094946401038439,0.42850990524486415,0.7030577088565233,0.0,0.29694229112194354,0.023255813952987602,3.431524547729726,0.087750242525409
144.8,0.0,133.6,180.8,11.1,979.5,811.5,28,1.248618784444156,0.6494252873329949,0.5201149425100534,0.0,0.4798850574540271,0.03987068965374028,6.433189654941337,0.07995400875567173
164.0,163.0,128.0,197.0,8.0,961.0,641.0,28,1.2012195121218767,0.4329670329575172,0.36043956043163866,0.35824175823388477,0.2813186813124985,0.017582417582031155,3.5208791208017387,0.08709106984930552
307.0,0.0,0.0,193.0,0.0,968.0,812.0,180,0.6286644950935288,0.6286644950935288,0.9999999999674267,0.0,0.0,0.0,5.798045602417002,0.08464912280664628
400.0,0.0,0.0,187.0,0.0,1025.0,745.0,28,0.4674999999883125,0.4674999999883125,0.999999999975,0.0,0.0,0.0,4.4249999998893745,0.07933814170522131
469.0,117.2,0.0,137.8,32.2,852.1,840.5,7,0.29381663112379924,0.2350733538001523,0.8000682360832468,0.19993176389969408,0.0,0.054930057999745305,2.8874104400735683,0.05627245998016877
198.6,132.4,0.0,192.0,0.0,978.4,825.5,28,0.9667673715525293,0.5800604229432006,0.599999999981873,0.3999999999879154,0.0,0.0,5.4498489424335395,0.08251321500673638
165.0,128.5,132.1,175.1,8.1,1005.8,746.6,14,1.0612121211478052,0.411419172922664,0.3876879699157028,0.30192669172222913,0.31038533833857174,0.019031954886770862,4.117481202910773,0.07415720819890666
239.6,359.4,0.0,185.7,0.0,941.6,664.3,28,0.7750417361946977,0.31001669448564245,0.3999999999933222,0.5999999999899832,0.0,0.0,2.6809682804226886,0.07767924370418437
380.0,0.0,0.0,228.0,0.0,932.0,670.0,180,0.5999999999842105,0.5999999999842105,0.9999999999736842,0.0,0.0,0.0,4.215789473573269,0.10316742081401283
237.5,237.5,0.0,228.0,0.0,932.0,594.0,365,0.959999999959579,0.47999999998989473,0.4999999999894737,0.4999999999894737,0.0,0.0,3.212631578879734,0.10228802153386143
213.5,0.0,174.2,154.6,11.7,1052.3,775.5,100,0.724121779825568,0.3987619293165137,0.5506835181699592,0.0,0.44931648180424766,0.030177972658494246,4.714469950871435,0.06490889243402087
233.8,0.0,94.6,197.9,4.6,947.0,852.2,28,0.8464499571921963,0.6026187575943174,0.7119366625848985,0.0,0.28806333738465095,0.014007308160353005,5.4786845308928545,0.08493197716799739
359.0,19.0,141.0,154.0,10.9,942.0,801.0,28,0.4289693593195273,0.29672447012915754,0.6917148362101789,0.0366088631977532,0.27167630057280007,0.021001926781868942,3.358381502825465,0.06345543697695226
135.0,0.0,166.0,180.0,10.0,961.0,805.0,28,1.3333333332345678,0.5980066444984051,0.4485049833738038,0.0,0.5514950165929736,0.033222591361022506,5.8671096343565745,0.0797518830302182
307.0,0.0,0.0,193.0,0.0,968.0,812.0,90,0.6286644950935288,0.6286644950935288,0.9999999999674267,0.0,0.0,0.0,5.798045602417002,0.08464912280664628
331.0,0.0,0.0,192.0,0.0,879.0,825.0,3,0.5800604229432006,0.5800604229432006,0.9999999999697885,0.0,0.0,0.0,5.148036253620905,0.08621463852677946
323.7,282.8,0.0,183.8,10.3,942.7,659.9,7,0.5678097003222796,0.30305028853581123,0.5337180544017524,0.46628194558175956,0.0,0.016982687551245133,2.6423742786044127,0.07648135818876299
173.5,50.1,173.5,164.8,6.5,1006.2,793.5,56,0.9498559077262331,0.4150088138903297,0.43691765297313223,0.12616469402855288,0.43691765297313223,0.016368672877955962,4.53210778130113,0.06959165575748663
190.7,0.0,125.4,162.1,7.8,1090.0,804.0,56,0.8500262191478749,0.5128124011226569,0.6032900980511454,0.0,0.3967099019172189,0.02467573552595141,5.991774754634869,0.06810924369719282
213.5,0.0,174.2,159.2,11.7,1043.6,771.9,100,0.7456674472718656,0.41062677326771657,0.5506835181699592,0.0,0.44931648180424766,0.030177972658494246,4.68274438987148,0.06705699001698726
190.3,0.0,125.2,166.6,9.9,1079.0,798.9,28,0.8754598002692874,0.5280507131369873,0.6031695720886476,0.0,0.3968304278796567,0.0313787638658834,5.9521394609840845,0.0702983248235356
349.0,0.0,0.0,192.0,0.0,1047.0,806.0,28,0.5501432664598813,0.5501432664598813,0.9999999999713467,0.0,0.0,0.0,5.309455587240417,0.08020050125279783
148.0,0.0,182.0,181.0,15.0,839.0,884.0,28,1.2229729728903396,0.5484848484682278,0.448484848471258,0.0,0.5515151514984389,0.045454545453168044,5.221212121053902,0.08048021342783246
305.3,203.5,0.0,203.5,0.0,965.4,631.0,3,0.6665574844197,0.3999606918160385,0.6000393081643074,0.3999606918160385,0.0,0.0,3.137578616290535,0.0881448434179922
190.7,0.0,125.4,162.1,7.8,1090.0,804.0,28,0.8500262191478749,0.5128124011226569,0.6032900980511454,0.0,0.3967099019172189,0.02467573552595141,5.991774754634869,0.06810924369719282
165.0,0.0,143.6,163.8,0.0,1005.6,900.9,14,0.9927272726671075,0.5307841866321845,0.5346727154719807,0.0,0.4653272844956147,0.0,6.17790019422625,0.06885535331426772
250.2,166.8,0.0,203.5,0.0,977.6,694.1,3,0.8133493205110572,0.4880095923144362,0.5999999999856115,0.3999999999904077,0.0,0.0,4.008872901582521,0.08877933862625959
322.0,0.0,0.0,203.0,0.0,974.0,800.0,28,0.6304347825891169,0.6304347825891169,0.9999999999689441,0.0,0.0,0.0,5.509316770015238,0.08829926054768031
151.8,178.1,138.7,167.5,18.3,944.0,694.6,28,1.1034255598746094,0.35744771659501823,0.32394366196491803,0.38006828851088204,0.29598804950285984,0.03905249679814229,3.496798975597593,0.07304840819854755
192.0,288.0,0.0,192.0,0.0,929.8,716.1,7,0.9999999999479167,0.39999999999166663,0.39999999999166663,0.5999999999875,0.0,0.0,3.428958333261897,0.08283359937839065
165.0,128.5,132.1,175.1,8.1,1005.8,746.6,3,1.0612121211478052,0.411419172922664,0.3876879699157028,0.30192669172222913,0.31038533833857174,0.019031954886770862,4.117481202910773,0.07415720819890666
272.8,105.1,81.8,209.7,9.0,904.0,679.7,28,0.7686950146345786,0.45616706546756214,0.5934304981380589,0.22862736566829175,0.17794213617189597,0.01957798564238464,3.4450728735382845,0.09270147208305247
400.0,0.0,0.0,187.0,0.0,1025.0,745.0,7,0.4674999999883125,0.4674999999883125,0.999999999975,0.0,0.0,0.0,4.4249999998893745,0.07933814170522131
251.4,0.0,118.3,188.5,6.4,1028.4,757.7,28,0.7498011137331025,0.5098728698807176,0.6800108195650525,0.0,0.3199891804078986,0.01731133351319147,4.831214498111139,0.08018887990777135
218.2,54.6,123.8,140.8,11.9,1075.7,792.7,3,0.6452795600070909,0.3550176500162628,0.5501765002382708,0.13767019666823826,0.3121533030682765,0.03000504286359039,4.711043872801032,0.05823716755570072
380.0,0.0,0.0,228.0,0.0,932.0,670.0,90,0.5999999999842105,0.5999999999842105,0.9999999999736842,0.0,0.0,0.0,4.215789473573269,0.10316742081401283
108.3,162.4,0.0,203.5,0.0,938.2,849.0,28,1.8790397043509661,0.7517547099833116,0.40007388251200315,0.5999261174510556,0.0,0.0,6.602142593032799,0.08998850269704613
213.7,0.0,174.7,154.8,10.2,1053.5,776.4,100,0.7243799718893599,0.39855818742537186,0.550205973209315,0.0,0.44979402676493835,0.026261585993144654,4.71138002047602,0.06495195736976062
331.0,0.0,0.0,192.0,0.0,978.0,825.0,28,0.5800604229432006,0.5800604229432006,0.9999999999697885,0.0,0.0,0.0,5.447129909200993,0.08254514187410772
238.1,0.0,94.1,186.7,7.0,949.9,847.0,28,0.7841243174807171,0.5620108368283561,0.7167369054570518,0.0,0.28326309451284576,0.021071643587565574,5.409090908928083,0.08037713104838824
190.7,0.0,125.4,162.1,7.8,1090.0,804.0,100,0.8500262191478749,0.5128124011226569,0.6032900980511454,0.0,0.3967099019172189,0.02467573552595141,5.991774754634869,0.06810924369719282
355.9,0.0,141.6,193.3,11.0,801.4,778.4,28,0.5431300927074142,0.3885427135600293,0.7153768844077311,0.0,0.28462311557216835,0.02211055276337466,3.1754773868708446,0.08472124824647301
139.6,209.4,0.0,192.0,0.0,1047.0,806.9,3,1.3753581660905905,0.5501432664598813,0.39999999998853863,0.5999999999828081,0.0,0.0,5.312034383801947,0.08017036201895623
475.0,0.0,59.0,142.0,1.9,1098.0,641.0,28,0.298947368414759,0.2659176029912749,0.8895131085975746,0.0,0.11048689138369874,0.0035580524343902984,3.256554307055121,0.05875294799098534
236.0,157.0,0.0,192.0,0.0,972.6,749.1,28,0.8135593219994254,0.4885496183081794,0.6005089058371371,0.3994910941374175,0.0,0.0,4.380916030422878,0.08323579138993699
158.0,0.0,195.0,220.0,11.0,898.0,713.0,28,1.3924050632030123,0.6232294617387187,0.4475920679759889,0.0,0.5524079319956825,0.031161473086935936,4.563739376641254,0.10022779043234521
214.9,53.8,121.9,155.6,9.6,1014.3,780.6,3,0.7240577012227055,0.3983614951254899,0.5501792114554486,0.1377368151526437,0.3120839733663061,0.02457757296404051,4.5952380951204495,0.06619304887877571
213.5,0.0,174.2,159.2,11.7,1043.6,771.9,56,0.7456674472718656,0.41062677326771657,0.5506835181699592,0.0,0.44931648180424766,0.030177972658494246,4.68274438987148,0.06705699001698726
287.0,121.0,94.0,188.0,9.0,904.0,696.0,28,0.6550522647855382,0.3745019920244123,0.5717131473989698,0.24103585656890367,0.18725099601220616,0.017928286852232505,3.187250995952445,0.08177468464514236
140.0,164.0,128.0,237.0,6.0,869.0,656.0,28,1.6928571427362245,0.5486111110984118,0.32407407406657235,0.3796296296208419,0.2962962962894376,0.013888888888567387,3.5300925925108775,0.10772727272678306
168.0,42.1,163.8,121.8,5.7,1058.7,780.1,56,0.7249999999568452,0.3257555496034834,0.4493179994530806,0.1125969510534208,0.4380850494667536,0.015244717838586663,4.917892484490028,0.05204683360374306
305.3,203.5,0.0,203.5,0.0,965.4,631.0,7,0.6665574844197,0.3999606918160385,0.6000393081643074,0.3999606918160385,0.0,0.0,3.137578616290535,0.0881448434179922
475.0,118.8,0.0,181.1,8.9,852.1,781.5,7,0.3812631578867102,0.3049848433764738,0.7999326372381285,0.20006736274503087,0.0,0.014988211518777566,2.751094644615172,0.07491519814645937
309.9,142.8,111.2,167.8,22.1,913.9,651.2,28,0.541464988688562,0.29757049121657086,0.5495655257927015,0.25323638942625937,0.19719808476330558,0.03919134598263538,2.7754921084806616,0.07236189572610996
190.0,190.0,0.0,228.0,0.0,932.0,670.0,28,1.199999999936842,0.5999999999842105,0.4999999999868421,0.4999999999868421,0.0,0.0,4.215789473573269,0.10316742081401283
122.6,183.9,0.0,203.5,0.0,958.2,800.1,90,1.6598694941549863,0.6639477976944879,0.3999999999869494,0.5999999999804242,0.0,0.0,5.7367047306448065,0.08971476436057967
277.1,0.0,97.4,160.6,11.8,973.9,875.6,100,0.5795741609318089,0.42883845125690684,0.7399198931711637,0.0,0.26008010680213406,0.03150867823680885,4.938584779574404,0.06701719245507003
152.0,178.0,139.0,168.0,18.0,944.0,695.0,28,1.105263157822022,0.35820895521624285,0.32409381662421977,0.37953091683625734,0.29637526651820095,0.03837953091602602,3.4946695095203695,0.07323452484710884
165.0,0.0,143.6,163.8,0.0,1005.6,900.9,100,0.9927272726671075,0.5307841866321845,0.5346727154719807,0.0,0.4653272844956147,0.0,6.17790019422625,0.06885535331426772
401.8,94.7,0.0,147.4,11.4,946.8,852.1,91,0.36684917868673844,0.296878147023225,0.8092648539615456,0.19073514601831348,0.0,0.02296072507506625,3.6231621348716385,0.0600603047833915
475.0,118.8,0.0,181.1,8.9,852.1,781.5,3,0.3812631578867102,0.3049848433764738,0.7999326372381285,0.20006736274503087,0.0,0.014988211518777566,2.751094644615172,0.07491519814645937
350.0,0.0,0.0,203.0,0.0,974.0,775.0,14,0.5799999999834285,0.5799999999834285,0.9999999999714285,0.0,0.0,0.0,4.997142857000082,0.08818418766251875
251.4,0.0,118.3,192.9,5.8,1043.6,754.3,100,0.7673031025947771,0.5217744116710367,0.6800108195650525,0.0,0.3199891804078986,0.01568839599632977,4.863132269276085,0.08151967206152426
230.0,0.0,118.3,195.5,4.6,1029.4,758.6,56,0.8499999999630434,0.5612977318242521,0.6603502727344143,0.0,0.3396497272368748,0.013207005454688284,5.13350559847449,0.08367574045504333
168.9,42.2,124.3,158.3,10.8,1080.8,796.2,14,0.9372409709332599,0.4719737626573651,0.5035778175162916,0.12581991651383959,0.3706022659400535,0.03220035778079307,5.596302921717462,0.06647071173602155
212.6,0.0,100.4,159.4,10.4,1003.8,903.8,14,0.749764816521648,0.5092651757025793,0.6792332268153599,0.0,0.32076677315269114,0.033226837059641315,6.0945686899011315,0.06668340026745867
424.0,22.0,132.0,178.0,8.5,822.0,750.0,56,0.41981132074481575,0.3079584775033225,0.7335640138281391,0.03806228373636571,0.2283737024181942,0.01470588235268675,2.7197231833439495,0.0761823239885462
401.8,94.7,0.0,147.4,11.4,946.8,852.1,28,0.36684917868673844,0.296878147023225,0.8092648539615456,0.19073514601831348,0.0,0.02296072507506625,3.6231621348716385,0.0600603047833915
280.0,129.0,100.0,172.0,9.0,825.0,805.0,28,0.6142857142637755,0.33791748525858706,0.5500982318163046,0.25343811394394034,0.19646365422010878,0.017681728879809788,3.202357563787773,0.0741379310341632
393.0,0.0,0.0,192.0,0.0,940.6,785.6,28,0.4885496183081794,0.4885496183081794,0.9999999999745547,0.0,0.0,0.0,4.392366412101976,0.08307372793318159
322.0,0.0,0.0,203.0,0.0,974.0,800.0,180,0.6304347825891169,0.6304347825891169,0.9999999999689441,0.0,0.0,0.0,5.509316770015238,0.08829926054768031
254.0,0.0,0.0,198.0,0.0,968.0,863.0,180,0.779527559024428,0.779527559024428,0.9999999999606299,0.0,0.0,0.0,7.208661417039029,0.08672798948713654
313.3,262.2,0.0,175.5,8.6,1046.9,611.8,56,0.5601659750858549,0.3049522154595143,0.5443961772277255,0.45560382275489825,0.0,0.014943527367246854,2.8821894004712045,0.07257164123527862
318.8,212.5,0.0,155.7,14.3,852.1,880.4,28,0.4883939773999876,0.2930547713101251,0.6000376435046106,0.39996235647656764,0.0,0.026915113871129024,3.2608695651560162,0.06397403237708943
355.0,19.0,97.0,145.0,13.1,967.0,871.0,28,0.40845070421384644,0.3078556263204277,0.7537154989224264,0.040339702759228456,0.2059447982971137,0.027813163481362778,3.9023354563927315,0.05877345871647371
310.0,0.0,0.0,192.0,0.0,1012.0,830.0,3,0.6193548386896982,0.6193548386896982,0.9999999999677419,0.0,0.0,0.0,5.941935483679292,0.08191126279828537
198.6,132.4,0.0,192.0,0.0,978.4,825.5,3,0.9667673715525293,0.5800604229432006,0.599999999981873,0.3999999999879154,0.0,0.0,5.4498489424335395,0.08251321500673638
200.0,133.0,0.0,192.0,0.0,965.4,806.2,7,0.9599999999519999,0.576576576559262,0.6006006005825645,0.39939939938740543,0.0,0.0,5.3201201199603565,0.08360184620707306
133.1,210.2,0.0,195.7,3.1,949.4,795.3,28,1.47032306525392,0.5700553451625384,0.387707544410495,0.612292455560376,0.0,0.009030002912641132,5.082143897317735,0.08557810040193468
334.0,17.6,158.0,189.0,15.3,967.0,633.0,28,0.5658682634561117,0.370879120871843,0.6554160125460082,0.0345368916790711,0.3100470957552973,0.03002354788010158,3.1397174253700997,0.08168028004632145
182.0,45.2,122.0,170.2,8.2,1059.4,780.7,56,0.9351648351134524,0.4873997708909679,0.5211912943722454,0.12943871706387633,0.3493699885352414,0.02348224513105721,5.269473081177851,0.07188410693892011
349.0,0.0,0.0,192.0,0.0,1047.0,806.9,3,0.5501432664598813,0.5501432664598813,0.9999999999713467,0.0,0.0,0.0,5.312034383801947,0.08017036201895623
218.9,0.0,124.1,158.5,11.3,1078.7,794.9,100,0.7240749200217417,0.4620991253509592,0.6381924198064667,0.0,0.36180758016437875,0.032944606413033685,5.462390670394682,0.0664180355344183
166.1,0.0,163.3,176.5,4.5,1058.6,780.1,3,1.0626128837409625,0.5358227079375889,0.5042501517758272,0.0,0.49574984819381457,0.01366120218537762,5.581967212945295,0.07513515814535297
260.9,100.5,78.3,200.6,8.6,864.5,761.5,28,0.7688769643246885,0.45622015009196676,0.593359108469562,0.22856493062932534,0.17807596087836988,0.01955879008370346,3.69797589256998,0.08817970020621486
148.0,175.0,0.0,171.0,2.0,1000.0,828.0,28,1.1554054053273375,0.5294117646894919,0.45820433435113916,0.541795665617901,0.0,0.0061919504642045835,5.6594427242829894,0.07358003442309131
385.0,0.0,0.0,186.0,0.0,966.0,763.0,3,0.4831168831043346,0.4831168831043346,0.999999999974026,0.0,0.0,0.0,4.490909090792444,0.0808695652170397
181.4,0.0,167.0,169.6,7.6,1055.6,777.8,56,0.9349503858360004,0.48679678529027565,0.5206659012479717,0.0,0.47933409872332566,0.021814006888007633,5.2623421353254205,0.07189487070762232
250.0,0.0,95.7,191.8,5.3,948.9,857.2,100,0.767199999969312,0.5548163147076999,0.7231703789203595,0.0,0.2768296210507136,0.015331212033111621,5.224472085472246,0.08165524287929818
200.0,133.0,0.0,192.0,0.0,965.4,806.2,28,0.9599999999519999,0.576576576559262,0.6006006005825645,0.39939939938740543,0.0,0.0,5.3201201199603565,0.08360184620707306
252.3,0.0,98.8,146.3,14.2,987.8,889.0,100,0.579865239770913,0.41669040158311904,0.7185986898114897,0.0,0.2814013101600284,0.04044431785700813,5.345485616481188,0.06125439624827812
214.9,53.8,121.9,155.6,9.6,1014.3,780.6,14,0.7240577012227055,0.3983614951254899,0.5501792114554486,0.1377368151526437,0.3120839733663061,0.02457757296404051,4.5952380951204495,0.06619304887877571
236.0,0.0,0.0,193.0,0.0,968.0,885.0,7,0.8177966101348391,0.8177966101348391,0.9999999999576271,0.0,0.0,0.0,7.851694914921538,0.08457493426781519
152.6,238.7,0.0,200.0,6.3,1001.8,683.9,28,1.3106159894291864,0.5111167901734956,0.38998211090237717,0.610017889072067,0.0,0.01610017889046511,4.307947865977308,0.08759251959844265
469.0,117.2,0.0,137.8,32.2,852.1,840.5,91,0.29381663112379924,0.2350733538001523,0.8000682360832468,0.19993176389969408,0.0,0.054930057999745305,2.8874104400735683,0.05627245998016877
337.9,189.0,0.0,174.9,9.5,944.7,755.8,28,0.5176087599728438,0.33194154487887756,0.6412981590312906,0.35870184094973045,0.0,0.018029986714404443,3.227367621878395,0.07251845094919762
525.0,0.0,0.0,189.0,0.0,1125.0,613.0,3,0.35999999999314286,0.35999999999314286,0.9999999999809523,0.0,0.0,0.0,3.3104761904131337,0.07707993474683084
160.0,188.0,146.0,203.0,11.0,829.0,710.0,28,1.268749999920703,0.41093117408075036,0.32388663966955694,0.3805668016117294,0.2955465586984707,0.02226720647728204,3.1153846153215508,0.0903426791273238
332.5,142.5,0.0,228.0,0.0,932.0,594.0,180,0.6857142856936627,0.47999999998989473,0.6999999999852632,0.2999999999936842,0.0,0.0,3.212631578879734,0.10228802153386143
376.0,0.0,0.0,214.6,0.0,1003.5,762.4,56,0.5707446808358845,0.5707446808358845,0.9999999999734043,0.0,0.0,0.0,4.696542553066582,0.09106726076770182
149.0,117.6,91.7,182.9,7.1,953.4,780.3,28,1.2275167784411063,0.5104660898545781,0.41585263744304063,0.3282165782771918,0.2559307842518579,0.019815796817755627,4.838682668020131,0.08014899211183107
337.9,189.0,0.0,174.9,9.5,944.7,755.8,56,0.5176087599728438,0.33194154487887756,0.6412981590312906,0.35870184094973045,0.0,0.018029986714404443,3.227367621878395,0.07251845094919762
387.0,20.0,94.0,157.0,14.3,938.0,845.0,56,0.405684754511481,0.313373253486759,0.772455089804941,0.039920159679841916,0.18762475049525698,0.02854291417108697,3.5588822354579066,0.06394330631668659
172.4,13.6,172.4,156.8,4.1,1006.3,856.4,14,0.9095127609681257,0.43749999998779304,0.48102678570086427,0.0379464285703698,0.48102678570086427,0.011439732142537953,5.197265624854987,0.06582703610383785
102.0,153.0,0.0,192.0,0.0,887.0,942.0,90,1.8823529409919264,0.7529411764410611,0.39999999998431374,0.5999999999764706,0.0,0.0,7.172549019326566,0.08435852372546415
213.7,0.0,174.7,154.8,10.2,1053.5,776.4,3,0.7243799718893599,0.39855818742537186,0.550205973209315,0.0,0.44979402676493835,0.026261585993144654,4.71138002047602,0.06495195736976062
475.0,0.0,0.0,228.0,0.0,932.0,594.0,180,0.47999999998989473,0.47999999998989473,0.9999999999789474,0.0,0.0,0.0,3.212631578879734,0.10228802153386143
159.0,149.0,116.0,175.0,15.0,953.0,720.0,28,1.100628930748388,0.41273584904686944,0.37499999999115563,0.35141509433133455,0.2735849056539249,0.03537735848973166,3.9457547168880716,0.07651945780465011
322.0,149.0,0.0,186.0,8.0,951.0,709.0,28,0.5776397515348559,0.39490445859034173,0.6836518046563981,0.3163481953223705,0.0,0.016985138003885666,3.5244161358062756,0.07999999999965592
266.0,112.0,87.0,178.0,10.0,910.0,745.0,28,0.6691729323056702,0.382795698916499,0.5720430107403862,0.24086021504858365,0.1870967741895248,0.02150537634362354,3.559139784869696,0.07712305025963119
251.4,0.0,118.3,192.9,5.8,1043.6,754.3,14,0.7673031025947771,0.5217744116710367,0.6800108195650525,0.0,0.3199891804078986,0.01568839599632977,4.863132269276085,0.08151967206152426
397.0,0.0,0.0,185.7,0.0,1040.6,734.3,28,0.46775818638620253,0.46775818638620253,0.999999999974811,0.0,0.0,0.0,4.470780856310559,0.07876654224601813
273.0,0.0,90.0,199.0,11.0,931.0,762.0,28,0.7289377289110279,0.5482093663760824,0.7520661156817613,0.0,0.24793388429069052,0.03030303030219551,4.663911845601545,0.08781994704286046
475.0,0.0,0.0,228.0,0.0,932.0,594.0,90,0.47999999998989473,0.47999999998989473,0.9999999999789474,0.0,0.0,0.0,3.212631578879734,0.10228802153386143
190.7,0.0,125.4,162.1,7.8,1090.0,804.0,3,0.8500262191478749,0.5128124011226569,0.6032900980511454,0.0,0.3967099019172189,0.02467573552595141,5.991774754634869,0.06810924369719282
231.8,0.0,121.6,174.0,6.7,1056.4,778.5,3,0.7506471095448383,0.4923599320743532,0.6559139784760636,0.0,0.3440860214956399,0.018958687039644633,5.192133559558797,0.07344871253662538
132.0,207.0,161.0,179.0,5.0,867.0,736.0,28,1.3560606059578741,0.35799999999284,0.26399999999472,0.41399999999172,0.32199999999356,0.0099999999998,3.20599999993588,0.07826847398304211
350.0,0.0,0.0,203.0,0.0,974.0,775.0,90,0.5799999999834285,0.5799999999834285,0.9999999999714285,0.0,0.0,0.0,4.997142857000082,0.08818418766251875
296.0,0.0,0.0,192.0,0.0,1085.0,765.0,28,0.6486486486267349,0.6486486486267349,0.9999999999662161,0.0,0.0,0.0,6.249999999788852,0.08212147134267699
159.0,209.0,161.0,201.0,7.0,848.0,669.0,28,1.26415094331672,0.3799621928094525,0.3005671077447908,0.39508506615510236,0.30434782608120325,0.01323251417744362,2.867674858168853,0.08917480035452896
362.6,189.0,0.0,164.9,11.6,944.7,755.8,91,0.4547710976156985,0.2989485134100988,0.6573604060794532,0.34263959390241766,0.0,0.021029731689248914,3.0828498911696363,0.06789920118558883
295.7,0.0,95.6,171.5,8.9,955.1,859.2,28,0.5799797091450801,0.43828264757377255,0.7556861742715133,0.0,0.24431382570293092,0.022744697162720557,4.636595962058866,0.0718776194464716
375.0,0.0,0.0,186.0,0.0,1038.0,758.0,7,0.4959999999867733,0.4959999999867733,0.9999999999733333,0.0,0.0,0.0,4.789333333205618,0.07891387356776024
252.5,0.0,0.0,185.7,0.0,1111.6,784.3,7,0.7354455445253288,0.7354455445253288,0.999999999960396,0.0,0.0,0.0,7.508514851187781,0.07955957328272328
303.6,139.9,0.0,213.5,6.2,895.5,722.5,28,0.703227931465638,0.48139797067685686,0.6845546786767858,0.3154453213006664,0.0,0.013979706876798654,3.6482525365581,0.09359109240709457
342.0,38.0,0.0,228.0,0.0,932.0,670.0,365,0.6666666666471734,0.5999999999842105,0.8999999999763157,0.09999999999736842,0.0,0.0,4.215789473573269,0.10316742081401283
425.0,106.3,0.0,153.5,16.5,852.1,887.1,56,0.361176470579737,0.28891398456072065,0.7999247129531353,0.200075287028043,0.0,0.031055900620533487,3.273480142983748,0.06289694734659744
213.7,0.0,174.7,154.8,10.2,1053.5,776.4,28,0.7243799718893599,0.39855818742537186,0.550205973209315,0.0,0.44979402676493835,0.026261585993144654,4.71138002047602,0.06495195736976062
251.4,0.0,118.3,188.5,6.4,1028.4,757.7,3,0.7498011137331025,0.5098728698807176,0.6800108195650525,0.0,0.3199891804078986,0.01731133351319147,4.831214498111139,0.08018887990777135
298.1,0.0,107.0,186.4,6.1,879.0,815.2,28,0.6252935256415534,0.4601333004082909,0.7358676869727013,0.0,0.26413231300261336,0.015058010367438705,4.1821772400843695,0.08133344968984495
374.3,0.0,0.0,190.2,6.7,1013.2,730.4,28,0.5081485439351282,0.5081485439351282,0.9999999999732835,0.0,0.0,0.01790008014913438,4.6582954847807025,0.08216692586797059
190.3,0.0,125.2,161.9,9.9,1088.1,802.6,3,0.8507619547634911,0.5131537242309618,0.6031695720886476,0.0,0.3968304278796567,0.0313787638658834,5.992709983962196,0.06808242220324609
531.3,0.0,0.0,141.8,28.2,852.1,893.7,28,0.2668925277570696,0.2668925277570696,0.9999999999811783,0.0,0.0,0.053077357424184506,3.2859025032319615,0.05794614032913266
350.0,0.0,0.0,186.0,0.0,1050.0,770.0,28,0.5314285714133877,0.5314285714133877,0.9999999999714285,0.0,0.0,0.0,5.199999999851428,0.07894736842071755
225.0,0.0,0.0,181.0,0.0,1113.0,833.0,28,0.8044444444086913,0.8044444444086913,0.9999999999555556,0.0,0.0,0.0,8.648888888504494,0.07695578231259798
212.1,0.0,121.6,180.3,5.7,1057.6,779.3,3,0.8500707213177714,0.5403056637536618,0.6356008390579682,0.0,0.36439916091206476,0.017081210667753036,5.504644890455359,0.07650852923671177
252.3,0.0,98.8,146.3,14.2,987.8,889.0,14,0.579865239770913,0.41669040158311904,0.7185986898114897,0.0,0.2814013101600284,0.04044431785700813,5.345485616481188,0.06125439624827812
298.0,0.0,107.0,164.0,13.0,953.0,784.0,28,0.550335570451331,0.4049382715949398,0.7358024691176345,0.0,0.2641975308576741,0.0320987654313062,4.28888888878299,0.0707201379902082
297.0,0.0,0.0,186.0,0.0,1040.0,734.0,7,0.6262626262415399,0.6262626262415399,0.9999999999663299,0.0,0.0,0.0,5.973063972862859,0.08241027913122548
313.0,0.0,113.0,178.0,8.0,1002.0,689.0,28,0.5686900958284763,0.417840375577046,0.7347417840203112,0.0,0.26525821595621457,0.018779342722563864,3.969483567981937,0.07729049066401525
157.0,236.0,0.0,192.0,0.0,935.4,781.2,3,1.2229299362278387,0.4885496183081794,0.3994910941374175,0.6005089058371371,0.0,0.0,4.367938931186566,0.08342022940526843
157.0,236.0,0.0,192.0,0.0,935.4,781.2,7,1.2229299362278387,0.4885496183081794,0.3994910941374175,0.6005089058371371,0.0,0.0,4.367938931186566,0.08342022940526843
333.0,0.0,0.0,192.0,0.0,931.2,842.6,3,0.576576576559262,0.576576576559262,0.9999999999699699,0.0,0.0,0.0,5.326726726566766,0.08352183748006124
132.0,206.5,160.9,178.9,5.5,866.9,735.6,28,1.3553030302003557,0.358229875843848,0.2643171806114474,0.41349619542624155,0.32218662394228703,0.01101321585881031,3.2088506206806398,0.0782486987705977
427.5,47.5,0.0,228.0,0.0,932.0,594.0,7,0.5333333333208576,0.47999999998989473,0.8999999999810526,0.09999999999789473,0.0,0.0,3.212631578879734,0.10228802153386143
154.8,183.4,0.0,193.3,9.1,1047.4,696.7,28,1.2487080102552512,0.5715552927092975,0.45771732701189477,0.5422826729585368,0.0,0.026907155528477014,5.157007687606238,0.08460629404261126
439.0,177.0,0.0,186.0,11.1,884.9,707.9,91,0.42369020500173826,0.30194805194315016,0.7126623376507685,0.28733766233299773,0.0,0.018019480519187996,2.5857142856723097,0.07730994638149005
151.0,0.0,184.0,167.0,12.0,991.0,772.0,28,1.1059602648274198,0.49850746267168633,0.4507462686432613,0.0,0.5492537313268879,0.03582089552131878,5.2626865670070835,0.07334211682005559
194.7,0.0,100.5,165.6,7.5,1006.4,905.9,14,0.8505392911735727,0.5609756097370943,0.6595528455061127,0.0,0.34044715446001195,0.025406504064179998,6.477981029590854,0.06956229521940031
139.6,209.4,0.0,192.0,0.0,1047.0,806.9,90,1.3753581660905905,0.5501432664598813,0.39999999998853863,0.5999999999828081,0.0,0.0,5.312034383801947,0.08017036201895623
393.0,0.0,0.0,192.0,0.0,940.6,785.6,90,0.4885496183081794,0.4885496183081794,0.9999999999745547,0.0,0.0,0.0,4.392366412101976,0.08307372793318159
237.5,237.5,0.0,228.0,0.0,932.0,594.0,7,0.959999999959579,0.47999999998989473,0.4999999999894737,0.4999999999894737,0.0,0.0,3.212631578879734,0.10228802153386143
297.8,137.2,106.9,201.3,6.0,878.4,655.3,28,0.6759570181102768,0.37147075105422644,0.5495478870538929,0.25318324413631327,0.1972688687913403,0.011072153533658015,2.830226979095216,0.0881773183227992
322.0,0.0,116.0,196.0,10.0,818.0,813.0,28,0.6086956521550094,0.4474885844646692,0.7351598173348137,0.0,0.26484018264235526,0.022831050227789244,3.7237442921524257,0.08615384615346745
480.0,0.0,0.0,192.0,0.0,936.2,712.2,90,0.39999999999166663,0.39999999999166663,0.9999999999791667,0.0,0.0,0.0,3.4341666665951216,0.08274435442129484
298.0,0.0,107.0,186.0,6.0,879.0,815.0,28,0.6241610738045583,0.4592592592479195,0.7358024691176345,0.0,0.2641975308576741,0.014814814814449016,4.182716049279439,0.08118725447367443
491.0,26.0,123.0,201.0,3.9,822.0,699.0,3,0.40936863542954444,0.3140624999950928,0.7671874999880127,0.04062499999936523,0.19218749999699708,0.006093749999904785,2.376562499962866,0.08495709877811844
277.1,0.0,97.4,160.6,11.8,973.9,875.6,56,0.5795741609318089,0.42883845125690684,0.7399198931711637,0.0,0.26008010680213406,0.03150867823680885,4.938584779574404,0.06701719245507003
500.0,0.0,0.0,200.0,0.0,1125.0,613.0,1,0.399999999992,0.399999999992,0.99999999998,0.0,0.0,0.0,3.47599999993048,0.0820344544705413
116.0,173.0,0.0,192.0,0.0,909.8,891.9,3,1.6551724136504162,0.6643598615687073,0.40138408303109396,0.5986159169343039,0.0,0.0,6.234256055147603,0.08411092127706615
250.0,0.0,95.7,187.4,5.5,956.9,861.2,3,0.749599999970016,0.5420885160387016,0.7231703789203595,0.0,0.2768296210507136,0.01590974833624791,5.259184263660423,0.07951797004251913
380.0,95.0,0.0,228.0,0.0,932.0,594.0,270,0.5999999999842105,0.47999999998989473,0.7999999999831579,0.19999999999578946,0.0,0.0,3.212631578879734,0.10228802153386143
310.0,0.0,0.0,192.0,0.0,970.0,850.0,28,0.6193548386896982,0.6193548386896982,0.9999999999677419,0.0,0.0,0.0,5.870967741746098,0.08268733850093589
167.4,129.9,128.6,175.5,7.8,1006.3,746.6,100,1.0483870967115658,0.4120685606853236,0.3930500117306164,0.3050011739773421,0.3019488142685619,0.018314158252681047,4.115754871939052,0.07429829389071463
141.9,166.6,129.7,173.5,10.9,882.6,785.3,28,1.2226920365593592,0.3959379278777741,0.32382473755536684,0.3801916932820586,0.2959835691397539,0.02487448653526074,3.80625285249187,0.07574765335046607
385.0,0.0,136.0,158.0,20.0,903.0,768.0,28,0.4103896103789509,0.30326295584830587,0.7389635316556821,0.0,0.26103646832512406,0.0383877159301653,3.207293665965311,0.06666666666638538
250.0,0.0,95.7,187.4,5.5,956.9,861.2,100,0.749599999970016,0.5420885160387016,0.7231703789203595,0.0,0.2768296210507136,0.01590974833624791,5.259184263660423,0.07951797004251913
332.5,142.5,0.0,228.0,0.0,932.0,594.0,90,0.6857142856936627,0.47999999998989473,0.6999999999852632,0.2999999999936842,0.0,0.0,3.212631578879734,0.10228802153386143
158.6,148.9,116.0,175.1,15.0,953.3,719.7,28,1.1040353088837305,0.41345926799495963,0.37449822903484065,0.3515938606764677,0.27390791026507894,0.035419126327380895,3.9504132230472155,0.07657657657624169
160.0,128.0,122.0,182.0,6.4,824.0,879.0,28,1.1374999999289062,0.44390243901356335,0.39024390242950624,0.312195121943605,0.2975609756024985,0.01560975609718025,4.153658536484057,0.0790822977314718
387.0,20.0,94.0,157.0,11.6,938.0,845.0,7,0.405684754511481,0.313373253486759,0.772455089804941,0.039920159679841916,0.18762475049525698,0.02315369261430831,3.5588822354579066,0.06401369974694605
310.0,142.8,0.0,167.9,10.0,914.3,804.0,28,0.5416129032083351,0.3708038869176059,0.6846289752498977,0.3153710247280174,0.0,0.022084805653222506,3.7948321553932236,0.07147722435048329
313.0,145.0,0.0,178.0,8.0,867.0,824.0,28,0.5686900958284763,0.38864628820112124,0.6834061135221964,0.3165938864559696,0.0,0.017467248907915563,3.6921397379106518,0.07623126338297118
349.0,0.0,0.0,192.0,0.0,1056.0,809.0,7,0.5501432664598813,0.5501432664598813,0.9999999999713467,0.0,0.0,0.0,5.343839541394159,0.07980049875278554
276.0,116.0,90.0,180.0,9.0,870.0,768.0,28,0.6521739130198487,0.37344398339474183,0.5726141078719374,0.24066390040994473,0.18672199169737091,0.01867219916973709,3.3983402488921506,0.07795582503214397
190.3,0.0,125.2,161.9,9.9,1088.1,802.6,100,0.8507619547634911,0.5131537242309618,0.6031695720886476,0.0,0.3968304278796567,0.0313787638658834,5.992709983962196,0.06808242220324609
149.0,236.0,0.0,176.0,13.0,847.0,893.0,28,1.1812080536119993,0.4571428571309833,0.38701298700293474,0.6129870129710913,0.0,0.03376623376535672,4.51948051936313,0.07605877268765748
149.0,118.0,92.0,183.0,7.0,953.0,780.0,28,1.2281879193806584,0.5097493036069708,0.41504178271824393,0.32869080779028714,0.2562674094636137,0.019498607241796695,4.827298050004811,0.08019281332129627
359.0,19.0,141.0,154.0,10.9,942.0,801.0,7,0.4289693593195273,0.29672447012915754,0.6917148362101789,0.0366088631977532,0.27167630057280007,0.021001926781868942,3.358381502825465,0.06345543697695226
150.9,0.0,183.9,166.6,11.6,991.2,772.2,28,1.1040424121203416,0.497610513724683,0.4507168458646739,0.0,0.5492831541054575,0.03464755077554816,5.267025089448416,0.07318573185699707
164.0,0.0,200.0,181.0,13.0,849.0,846.0,28,1.1036585365180696,0.49725274723908647,0.4505494505370728,0.0,0.5494505494354547,0.03571428571330455,4.656593406465478,0.08033732800674506
339.0,0.0,0.0,197.0,0.0,968.0,781.0,180,0.5811209439356602,0.5811209439356602,0.9999999999705015,0.0,0.0,0.0,5.159292035246039,0.0862144420127518
304.8,0.0,99.6,196.0,9.8,959.4,705.2,28,0.6430446194014748,0.48466864489404876,0.7537091987944187,0.0,0.24629080118085334,0.02423343224470244,4.116221562707314,0.08616142078386602
222.4,0.0,96.7,189.3,4.5,967.1,870.3,28,0.8511690647099295,0.5932309620622617,0.6969602005422451,0.0,0.3030397994264168,0.014102162331115569,5.758069570487055,0.08054290941547657
331.0,0.0,0.0,192.0,0.0,1025.0,821.0,120,0.5800604229432006,0.5800604229432006,0.9999999999697885,0.0,0.0,0.0,5.577039274755981,0.081046855212828
318.8,212.5,0.0,155.7,14.3,852.1,880.4,91,0.4883939773999876,0.2930547713101251,0.6000376435046106,0.39996235647656764,0.0,0.026915113871129024,3.2608695651560162,0.06397403237708943
173.0,116.0,0.0,192.0,0.0,946.8,856.8,90,1.1098265895312238,0.6643598615687073,0.5986159169343039,0.40138408303109396,0.0,0.0,6.240830449611043,0.08404096997249391
331.0,0.0,0.0,192.0,0.0,1025.0,821.0,28,0.5800604229432006,0.5800604229432006,0.9999999999697885,0.0,0.0,0.0,5.577039274755981,0.081046855212828
296.0,0.0,0.0,192.0,0.0,1085.0,765.0,90,0.6486486486267349,0.6486486486267349,0.9999999999662161,0.0,0.0,0.0,6.249999999788852,0.08212147134267699
375.0,93.8,0.0,126.6,23.4,852.1,992.6,28,0.3375999999909973,0.27005119453348864,0.7999146757508551,0.20008532422781386,0.0,0.04991467576685335,3.934940272953606,0.051390298355788955
250.0,0.0,95.7,187.4,5.5,956.9,861.2,14,0.749599999970016,0.5420885160387016,0.7231703789203595,0.0,0.2768296210507136,0.01590974833624791,5.259184263660423,0.07951797004251913
116.0,173.0,0.0,192.0,0.0,909.8,891.9,7,1.6551724136504162,0.6643598615687073,0.40138408303109396,0.5986159169343039,0.0,0.0,6.234256055147603,0.08411092127706615
439.0,177.0,0.0,186.0,11.1,884.9,707.9,7,0.42369020500173826,0.30194805194315016,0.7126623376507685,0.28733766233299773,0.0,0.018019480519187996,2.5857142856723097,0.07730994638149005
165.0,0.0,143.6,163.8,0.0,1005.6,900.9,56,0.9927272726671075,0.5307841866321845,0.5346727154719807,0.0,0.4653272844956147,0.0,6.17790019422625,0.06885535331426772
194.7,0.0,100.5,170.2,7.5,998.0,901.8,28,0.8741653825950608,0.5765582655631247,0.6595528455061127,0.0,0.34044715446001195,0.025406504064179998,6.435636856150555,0.07173262527891545
295.0,0.0,0.0,185.0,0.0,1069.0,769.0,7,0.6271186440465384,0.6271186440465384,0.9999999999661017,0.0,0.0,0.0,6.230508474365068,0.07981018119033732
236.0,0.0,0.0,193.0,0.0,968.0,885.0,365,0.8177966101348391,0.8177966101348391,0.9999999999576271,0.0,0.0,0.0,7.851694914921538,0.08457493426781519
252.0,0.0,0.0,186.0,0.0,1111.0,784.0,7,0.7380952380659486,0.7380952380659486,0.9999999999603174,0.0,0.0,0.0,7.519841269542863,0.07972567509610062
183.9,122.6,0.0,203.5,0.0,959.2,800.0,7,1.1065796628000772,0.6639477976944879,0.5999999999804242,0.3999999999869494,0.0,0.0,5.739641109111268,0.08967918209020943
323.7,282.8,0.0,183.8,10.3,942.7,659.9,28,0.5678097003222796,0.30305028853581123,0.5337180544017524,0.46628194558175956,0.0,0.016982687551245133,2.6423742786044127,0.07648135818876299
304.0,76.0,0.0,228.0,0.0,932.0,670.0,90,0.749999999975329,0.5999999999842105,0.7999999999789473,0.19999999999473683,0.0,0.0,4.215789473573269,0.10316742081401283
531.3,0.0,0.0,141.8,28.2,852.1,893.7,91,0.2668925277570696,0.2668925277570696,0.9999999999811783,0.0,0.0,0.053077357424184506,3.2859025032319615,0.05794614032913266
190.3,0.0,125.2,166.6,9.9,1079.0,798.9,14,0.8754598002692874,0.5280507131369873,0.6031695720886476,0.0,0.3968304278796567,0.0313787638658834,5.9521394609840845,0.0702983248235356
148.1,0.0,182.1,181.4,15.0,838.9,884.3,28,1.2248480755418738,0.5493640217883294,0.44851605086467244,0.0,0.5514839491050428,0.0454270139295752,5.218655360229598,0.08062938927868865
213.7,98.1,24.5,181.7,6.9,1065.8,785.4,28,0.8502573701052757,0.5402914064662417,0.6354445435434004,0.29170383585216464,0.07285162057469963,0.02051739518226235,5.50460897991363,0.07646984554489933
183.9,122.6,0.0,203.5,0.0,959.2,800.0,28,1.1065796628000772,0.6639477976944879,0.5999999999804242,0.3999999999869494,0.0,0.0,5.739641109111268,0.08967918209020943
261.0,100.0,78.0,201.0,9.0,864.0,761.0,28,0.7701149424992293,0.45785876992123326,0.5945330295992134,0.22779043279663347,0.1776765375813741,0.02050113895169701,3.7015945329452937,0.08839050131887252
314.0,0.0,113.0,170.0,10.0,925.0,783.0,28,0.5414012738681082,0.39812646369091037,0.735362997640858,0.0,0.2646370023357228,0.02341920374652414,3.999999999906323,0.0734341252696612
266.0,114.0,0.0,228.0,0.0,932.0,670.0,28,0.8571428571106336,0.5999999999842105,0.6999999999815789,0.29999999999210525,0.0,0.0,4.215789473573269,0.10316742081401283
304.0,140.0,0.0,214.0,6.0,895.0,722.0,28,0.7039473683978964,0.4819819819711265,0.6846846846692638,0.3153153153082136,0.0,0.013513513513209155,3.641891891809867,0.09381850065719502
237.5,237.5,0.0,228.0,0.0,932.0,594.0,28,0.959999999959579,0.47999999998989473,0.4999999999894737,0.4999999999894737,0.0,0.0,3.212631578879734,0.10228802153386143
446.0,24.0,79.0,162.0,11.6,967.0,712.0,3,0.36322869954342535,0.2950819672077398,0.8123861566336542,0.04371584699373924,0.14389799635439166,0.021129326046973963,3.0582877959370074,0.06745502997973246
183.9,122.6,0.0,203.5,0.0,959.2,800.0,90,1.1065796628000772,0.6639477976944879,0.5999999999804242,0.3999999999869494,0.0,0.0,5.739641109111268,0.08967918209020943
251.4,0.0,118.3,188.5,5.8,1028.4,757.7,56,0.7498011137331025,0.5098728698807176,0.6800108195650525,0.0,0.3199891804078986,0.01568839599632977,4.831214498111139,0.08020935279315684
252.3,0.0,98.8,146.3,14.2,987.8,889.0,56,0.579865239770913,0.41669040158311904,0.7185986898114897,0.0,0.2814013101600284,0.04044431785700813,5.345485616481188,0.06125439624827812
382.0,0.0,0.0,186.0,0.0,1111.0,784.0,7,0.48691099475165156,0.48691099475165156,0.9999999999738219,0.0,0.0,0.0,4.960732984163331,0.07551766138824394
186.2,124.1,0.0,185.7,0.0,1083.4,764.3,28,0.9973147153062666,0.5984531098743651,0.600064453735093,0.3999355462326802,0.0,0.0,5.954560102934111,0.07923369031838873
157.0,236.0,0.0,192.0,0.0,935.4,781.2,90,1.2229299362278387,0.4885496183081794,0.3994910941374175,0.6005089058371371,0.0,0.0,4.367938931186566,0.08342022940526843
238.0,0.0,0.0,186.0,0.0,1119.0,789.0,28,0.7815126050091801,0.7815126050091801,0.9999999999579832,0.0,0.0,0.0,8.016806722352234,0.07975986277838869
500.0,0.0,0.0,200.0,0.0,1125.0,613.0,3,0.399999999992,0.399999999992,0.99999999998,0.0,0.0,0.0,3.47599999993048,0.0820344544705413
181.4,0.0,167.0,169.6,7.6,1055.6,777.8,28,0.9349503858360004,0.48679678529027565,0.5206659012479717,0.0,0.47933409872332566,0.021814006888007633,5.2623421353254205,0.07189487070762232
275.0,0.0,0.0,183.0,0.0,1088.0,808.0,28,0.6654545454303471,0.6654545454303471,0.9999999999636363,0.0,0.0,0.0,6.894545454294744,0.0777400169920232
249.1,0.0,98.8,158.1,12.8,987.8,889.0,28,0.634684865490378,0.4544409312890359,0.7160103477805113,0.0,0.2839896521907448,0.03679218166033941,5.394653635947265,0.06599599265292204
167.0,75.4,167.0,164.0,7.9,1007.3,770.1,28,0.982035928084908,0.40058622373227687,0.4079140205078673,0.18417195895983948,0.4079140205078673,0.0192965315090548,4.34147532964481,0.0695298257511785
388.6,97.1,0.0,157.9,12.1,852.1,925.7,91,0.4063304168706554,0.3250977969873358,0.8000823553469202,0.19991764463249084,0.0,0.02491249742588197,3.660284125928345,0.06488596671434196
525.0,0.0,0.0,189.0,0.0,1125.0,613.0,14,0.35999999999314286,0.35999999999314286,0.9999999999809523,0.0,0.0,0.0,3.3104761904131337,0.07707993474683084
250.2,166.8,0.0,203.5,0.0,977.6,694.1,7,0.8133493205110572,0.4880095923144362,0.5999999999856115,0.3999999999904077,0.0,0.0,4.008872901582521,0.08877933862625959
145.0,0.0,179.0,202.0,8.0,824.0,869.0,28,1.393103448179786,0.6234567901042143,0.4475308641837182,0.0,0.5524691357854176,0.02469135802392928,5.225308641814034,0.09070498428338256
135.7,203.5,0.0,185.7,0.0,1076.2,759.3,7,1.368459837776827,0.5474646226253695,0.4000589622523567,0.5999410377181621,0.0,0.0,5.4112617922933,0.07867310625284411
480.0,0.0,0.0,192.0,0.0,936.0,721.0,3,0.39999999999166663,0.39999999999166663,0.9999999999791667,0.0,0.0,0.0,3.452083333261415,0.08243881494168125
424.0,22.0,132.0,168.0,8.9,822.0,750.0,3,0.3962264150849947,0.2906574394413381,0.7335640138281391,0.03806228373636571,0.2283737024181942,0.015397923875166126,2.7197231833439495,0.07219906313089433
375.0,93.8,0.0,126.6,23.4,852.1,992.6,91,0.3375999999909973,0.27005119453348864,0.7999146757508551,0.20008532422781386,0.0,0.04991467576685335,3.934940272953606,0.051390298355788955
425.0,106.3,0.0,151.4,18.6,936.0,803.7,91,0.3562352941092651,0.2849614153908346,0.7999247129531353,0.200075287028043,0.0,0.03500846979041957,3.27442123088134,0.06202376075353534
155.0,0.0,143.0,193.0,9.0,877.0,868.0,28,1.2451612902422475,0.6476510066896761,0.5201342281704653,0.0,0.47986577179597767,0.030201342280865726,5.855704697790077,0.0859688195987262
284.0,119.7,0.0,168.3,7.2,970.4,794.2,28,0.5926056337819505,0.41689373295970045,0.7034926925760839,0.2965073073991452,0.0,0.01783502600897114,4.3710676243653435,0.07180646812837356
385.0,0.0,0.0,186.0,0.0,966.0,763.0,28,0.4831168831043346,0.4831168831043346,0.999999999974026,0.0,0.0,0.0,4.490909090792444,0.0808695652170397
133.0,200.0,0.0,192.0,0.0,927.4,839.2,90,1.4436090224478488,0.576576576559262,0.39939939938740543,0.6006006005825645,0.0,0.0,5.305105104945793,0.0837842555416138
218.9,0.0,124.1,158.5,11.3,1078.7,794.9,56,0.7240749200217417,0.4620991253509592,0.6381924198064667,0.0,0.36180758016437875,0.032944606413033685,5.462390670394682,0.0664180355344183
387.0,20.0,94.0,157.0,11.6,938.0,845.0,28,0.405684754511481,0.313373253486759,0.772455089804941,0.039920159679841916,0.18762475049525698,0.02315369261430831,3.5588822354579066,0.06401369974694605
213.5,0.0,174.2,154.6,11.7,1052.3,775.5,3,0.724121779825568,0.3987619293165137,0.5506835181699592,0.0,0.44931648180424766,0.030177972658494246,4.714469950871435,0.06490889243402087
230.0,0.0,118.3,195.5,4.6,1029.4,758.6,14,0.8499999999630434,0.5612977318242521,0.6603502727344143,0.0,0.3396497272368748,0.013207005454688284,5.13350559847449,0.08367574045504333
389.9,189.0,0.0,145.9,22.0,944.7,755.8,28,0.3741985124294897,0.2520297115174982,0.673518742430929,0.32648125755179686,0.0,0.0380031093446536,2.9374676109356113,0.059616720467210324
140.0,133.0,103.0,200.0,7.0,916.0,753.0,28,1.4285714284693878,0.5319148936028746,0.37234042552201224,0.3537234042459116,0.2739361702054804,0.018617021276100612,4.4388297871159885,0.08880994671363762
325.0,0.0,0.0,184.0,0.0,1063.0,783.0,28,0.566153846136426,0.566153846136426,0.9999999999692307,0.0,0.0,0.0,5.679999999825231,0.07813163481920114
374.0,189.2,0.0,170.1,10.1,926.1,756.7,91,0.4548128342124381,0.30202414772191005,0.6640624999882091,0.33593749999403516,0.0,0.017933238636045217,2.9879261363105836,0.07010963646826267
153.6,144.2,112.3,220.1,10.1,923.2,657.9,28,1.4329427082400428,0.5366983662390467,0.37454279443124744,0.3516215557095435,0.2738356498348248,0.024628139477575514,3.8554011215836286,0.09908166021383327
166.1,0.0,163.3,176.5,4.5,1058.6,780.1,28,1.0626128837409625,0.5358227079375889,0.5042501517758272,0.0,0.49574984819381457,0.01366120218537762,5.581967212945295,0.07513515814535297
275.0,0.0,0.0,183.0,0.0,1088.0,808.0,7,0.6654545454303471,0.6654545454303471,0.9999999999636363,0.0,0.0,0.0,6.894545454294744,0.0777400169920232
290.4,0.0,96.2,168.1,9.4,961.2,865.0,100,0.5788567492913617,0.43481634763489874,0.7511639937726031,0.0,0.2488360062015304,0.024314536988507128,4.723745473235289,0.07032590051428554
251.8,0.0,99.9,146.1,12.4,1006.0,899.8,56,0.580222398706107,0.41541086151790124,0.7159510946626115,0.0,0.2840489053089551,0.03525732157989032,5.418822860238304,0.06047185430438547
173.5,50.1,173.5,164.8,6.5,1006.2,793.5,14,0.9498559077262331,0.4150088138903297,0.43691765297313223,0.12616469402855288,0.43691765297313223,0.016368672877955962,4.53210778130113,0.06959165575748663
439.0,177.0,0.0,186.0,11.1,884.9,707.9,28,0.42369020500173826,0.30194805194315016,0.7126623376507685,0.28733766233299773,0.0,0.018019480519187996,2.5857142856723097,0.07730994638149005
212.1,0.0,121.6,180.3,5.7,1057.6,779.3,56,0.8500707213177714,0.5403056637536618,0.6356008390579682,0.0,0.36439916091206476,0.017081210667753036,5.504644890455359,0.07650852923671177
168.0,42.1,163.8,121.8,5.7,1058.7,780.1,28,0.7249999999568452,0.3257555496034834,0.4493179994530806,0.1125969510534208,0.4380850494667536,0.015244717838586663,4.917892484490028,0.05204683360374306
172.4,13.6,172.4,156.8,4.1,1006.3,856.4,100,0.9095127609681257,0.43749999998779304,0.48102678570086427,0.0379464285703698,0.48102678570086427,0.011439732142537953,5.197265624854987,0.06582703610383785
231.8,0.0,121.6,174.0,6.7,1056.4,778.5,14,0.7506471095448383,0.4923599320743532,0.6559139784760636,0.0,0.3440860214956399,0.018958687039644633,5.192133559558797,0.07344871253662538
173.8,93.4,159.9,172.3,9.7,1007.2,746.6,28,0.9913693900465265,0.4034184031748205,0.40693046124076493,0.2186841489061418,0.37438538982967956,0.022711308826440846,4.106298290702265,0.072918870878696
393.0,0.0,0.0,192.0,0.0,940.0,758.0,28,0.4885496183081794,0.4885496183081794,0.9999999999745547,0.0,0.0,0.0,4.3206106869129615,0.08409986859358695
155.6,243.5,0.0,180.3,10.7,1022.0,697.7,28,1.158740359822703,0.45176647455645785,0.3898772237436763,0.6101227762312672,0.0,0.026810323226589564,4.308945126426736,0.07805870638116695
156.0,178.0,187.0,221.0,7.0,854.0,614.0,28,1.4166666665758547,0.42418426102832657,0.2994241842552894,0.3416506717784712,0.35892514394704556,0.013435700575557857,2.8176583492741334,0.09968425800586521
153.0,145.0,0.0,178.0,8.0,1000.0,822.0,28,1.1633986927344184,0.5973154362215666,0.5134228187747173,0.4865771811917256,0.0,0.026845637582991758,6.114093959526373,0.07718993928847706
289.0,134.0,0.0,195.0,6.0,924.0,760.0,28,0.6747404844057183,0.46099290779052027,0.683215130007489,0.31678486996887034,0.0,0.014184397162785238,3.981087470355057,0.08448873483498923
375.0,93.8,0.0,126.6,23.4,852.1,992.6,56,0.3375999999909973,0.27005119453348864,0.7999146757508551,0.20008532422781386,0.0,0.04991467576685335,3.934940272953606,0.051390298355788955
141.3,212.0,0.0,203.5,0.0,971.8,748.5,7,1.4401981598414577,0.5759977356191339,0.39994339087461245,0.600056609097083,0.0,0.0,4.869232946366565,0.0893680558601319
173.8,93.4,159.9,172.3,9.7,1007.2,746.6,14,0.9913693900465265,0.4034184031748205,0.40693046124076493,0.2186841489061418,0.37438538982967956,0.022711308826440846,4.106298290702265,0.072918870878696
310.0,0.0,0.0,192.0,0.0,970.0,850.0,180,0.6193548386896982,0.6193548386896982,0.9999999999677419,0.0,0.0,0.0,5.870967741746098,0.08268733850093589
500.0,0.0,0.0,200.0,0.0,1125.0,613.0,270,0.399999999992,0.399999999992,0.99999999998,0.0,0.0,0.0,3.47599999993048,0.0820344544705413
350.0,0.0,0.0,203.0,0.0,974.0,775.0,28,0.5799999999834285,0.5799999999834285,0.9999999999714285,0.0,0.0,0.0,4.997142857000082,0.08818418766251875
313.3,145.0,0.0,178.5,8.0,867.2,824.0,28,0.5697414618394592,0.3894828714730639,0.6836133536835345,0.3163866462946457,0.0,0.017455814967980453,3.690159284231068,0.0764126712325496
229.7,0.0,118.2,195.2,6.1,1028.1,757.6,100,0.8498040922573006,0.5610807703201759,0.6602471974515595,0.0,0.3397528025196967,0.017533774072505497,5.132796780536568,0.08360101074956701
173.0,116.0,0.0,192.0,0.0,946.8,856.8,7,1.1098265895312238,0.6643598615687073,0.5986159169343039,0.40138408303109396,0.0,0.0,6.240830449611043,0.08404096997249391
153.1,145.0,113.0,178.5,8.0,1001.9,688.7,28,1.1659046374156823,0.4342009243387448,0.37241547067933795,0.3527122354572437,0.27487229383909334,0.01945998540453758,4.112381415613904,0.07800891530426533
238.0,0.0,0.0,185.0,0.0,1118.0,789.0,28,0.7773109243370877,0.7773109243370877,0.9999999999579832,0.0,0.0,0.0,8.012605041680143,0.07939914163056053
144.0,0.0,175.0,158.0,18.0,943.0,844.0,28,1.0972222221460262,0.4952978056271066,0.4514106582930592,0.0,0.5485893416755928,0.0564263322866324,5.601880877567339,0.06923751095499896
153.1,145.0,113.0,178.5,8.0,867.2,824.0,28,1.1659046374156823,0.4342009243387448,0.37241547067933795,0.3527122354572437,0.27487229383909334,0.01945998540453758,4.113840914519245,0.07798846557113776
141.3,212.0,0.0,203.5,0.0,971.8,748.5,28,1.4401981598414577,0.5759977356191339,0.39994339087461245,0.600056609097083,0.0,0.0,4.869232946366565,0.0893680558601319
166.0,260.0,0.0,183.0,13.0,859.0,827.0,28,1.1024096384878066,0.4295774647786484,0.3896713614932002,0.6103286384833256,0.0,0.030516431924166282,3.9577464787803347,0.07928942807591297
349.0,0.0,0.0,192.0,0.0,1047.0,806.0,7,0.5501432664598813,0.5501432664598813,0.9999999999713467,0.0,0.0,0.0,5.309455587240417,0.08020050125279783
172.4,13.6,172.4,156.8,4.1,1006.3,856.4,3,0.9095127609681257,0.43749999998779304,0.48102678570086427,0.0379464285703698,0.48102678570086427,0.011439732142537953,5.197265624854987,0.06582703610383785
321.3,164.2,0.0,190.5,4.6,870.0,774.0,28,0.5929038281794925,0.392378990723123,0.6617919670306531,0.33820803294874957,0.0,0.009474768279928427,3.38619979395703,0.08194958272355697
289.0,0.0,0.0,192.0,0.0,913.2,895.3,3,0.6643598615687073,0.6643598615687073,0.9999999999653979,0.0,0.0,0.0,6.257785466911495,0.08386110504440332
182.0,45.2,122.0,170.2,8.2,1059.4,780.7,28,0.9351648351134524,0.4873997708909679,0.5211912943722454,0.12943871706387633,0.3493699885352414,0.02348224513105721,5.269473081177851,0.07188410693892011
252.0,97.0,76.0,194.0,8.0,835.0,821.0,28,0.7698412698107205,0.4564705882245536,0.5929411764566367,0.2282352941122768,0.17882352940755708,0.018823529411321798,3.8964705881436124,0.08497590889143682
173.8,93.4,159.9,172.3,9.7,1007.2,746.6,100,0.9913693900465265,0.4034184031748205,0.40693046124076493,0.2186841489061418,0.37438538982967956,0.022711308826440846,4.106298290702265,0.072918870878696
284.0,15.0,141.0,179.0,5.5,842.0,801.0,3,0.630281690118652,0.4068181818089359,0.645454545439876,0.0340909090901343,0.3204545454472624,0.012499999999715908,3.7340909090060435,0.07894156560053389
475.0,118.8,0.0,181.1,8.9,852.1,781.5,28,0.3812631578867102,0.3049848433764738,0.7999326372381285,0.20006736274503087,0.0,0.014988211518777566,2.751094644615172,0.07491519814645937
141.3,212.0,0.0,203.5,0.0,971.8,748.5,90,1.4401981598414577,0.5759977356191339,0.39994339087461245,0.600056609097083,0.0,0.0,4.869232946366565,0.0893680558601319
212.5,0.0,100.4,159.3,8.7,1007.8,903.6,28,0.7496470587882519,0.5091083413068358,0.6791307126660553,0.0,0.32086928730198566,0.02780441035385732,6.1086609138348145,0.06658863854839867
336.0,0.0,0.0,182.0,3.0,986.0,817.0,28,0.5416666666505456,0.5416666666505456,0.999999999970238,0.0,0.0,0.008928571428305698,5.366071428411724,0.07831325301171121
325.0,0.0,0.0,184.0,0.0,1063.0,783.0,7,0.566153846136426,0.566153846136426,0.9999999999692307,0.0,0.0,0.0,5.679999999825231,0.07813163481920114
116.0,173.0,0.0,192.0,0.0,909.8,891.9,28,1.6551724136504162,0.6643598615687073,0.40138408303109396,0.5986159169343039,0.0,0.0,6.234256055147603,0.08411092127706615
145.0,116.0,119.0,184.0,5.7,833.0,880.0,28,1.2689655171538643,0.48421052630304706,0.3815789473583795,0.3052631578867036,0.3131578947286011,0.014999999999605263,4.507894736723476,0.0806062995571884
287.3,120.5,93.9,187.6,9.2,904.4,695.9,28,0.6529759832699973,0.37392864260765535,0.572652979857033,0.24018337651504515,0.18716364360798957,0.018337651982891414,3.1897548335022967,0.08160779537114317
159.0,187.0,0.0,176.0,11.0,990.0,789.0,28,1.1069182389240932,0.5086705202165124,0.4595375722410538,0.5404624277300444,0.0,0.031791907513532024,5.141618496961224,0.07612456747371919
212.5,0.0,100.4,159.3,8.7,1007.8,903.6,56,0.7496470587882519,0.5091083413068358,0.6791307126660553,0.0,0.32086928730198566,0.02780441035385732,6.1086609138348145,0.06658863854839867
310.0,0.0,0.0,192.0,0.0,970.0,850.0,360,0.6193548386896982,0.6193548386896982,0.9999999999677419,0.0,0.0,0.0,5.870967741746098,0.08268733850093589
133.0,200.0,0.0,192.0,0.0,927.4,839.2,3,1.4436090224478488,0.576576576559262,0.39939939938740543,0.6006006005825645,0.0,0.0,5.305105104945793,0.0837842555416138
297.2,0.0,117.5,174.8,9.5,1022.8,753.5,28,0.588156123802552,0.42150952494763666,0.716662647679849,0.0,0.2833373522960372,0.022908126355849816,4.283337352199582,0.07359070433177456
173.0,116.0,0.0,192.0,0.0,946.8,856.8,3,1.1098265895312238,0.6643598615687073,0.5986159169343039,0.40138408303109396,0.0,0.0,6.240830449611043,0.08404096997249391
178.0,129.8,118.6,179.9,3.6,1007.3,746.8,28,1.0106741572465914,0.4219043151871036,0.41744840524349325,0.3044090056213788,0.27814258911167583,0.008442776735261661,4.113742964256244,0.07609983079494036
157.0,214.0,152.0,200.0,9.0,819.0,704.0,28,1.2738853502373322,0.38240917781295586,0.30019120458317033,0.40917782025986277,0.2906309751378464,0.017208413001583014,2.912045889045659,0.08869179600847588
349.0,0.0,0.0,192.0,0.0,1056.0,809.0,28,0.5501432664598813,0.5501432664598813,0.9999999999713467,0.0,0.0,0.0,5.343839541394159,0.07980049875278554
505.0,0.0,60.0,195.0,0.0,1030.0,630.0,28,0.3861386138537398,0.34513274335672334,0.8938053097186937,0.0,0.10619469026360717,0.0,2.938053097293132,0.08057851239636125
251.4,0.0,118.3,188.5,6.4,1028.4,757.7,56,0.7498011137331025,0.5098728698807176,0.6800108195650525,0.0,0.3199891804078986,0.01731133351319147,4.831214498111139,0.08018887990777135
331.0,0.0,0.0,192.0,0.0,978.0,825.0,180,0.5800604229432006,0.5800604229432006,0.9999999999697885,0.0,0.0,0.0,5.447129909200993,0.08254514187410772
183.9,122.6,0.0,203.5,0.0,959.2,800.0,3,1.1065796628000772,0.6639477976944879,0.5999999999804242,0.3999999999869494,0.0,0.0,5.739641109111268,0.08967918209020943
200.0,133.0,0.0,192.0,0.0,965.4,806.2,3,0.9599999999519999,0.576576576559262,0.6006006005825645,0.39939939938740543,0.0,0.0,5.3201201199603565,0.08360184620707306
277.1,0.0,97.4,160.6,11.8,973.9,875.6,28,0.5795741609318089,0.42883845125690684,0.7399198931711637,0.0,0.26008010680213406,0.03150867823680885,4.938584779574404,0.06701719245507003
250.0,180.0,95.0,159.0,9.5,860.0,800.0,28,0.63599999997456,0.30285714285137416,0.47619047618140586,0.34285714285061225,0.18095238094893423,0.018095238094893423,3.1619047618445353,0.06755895474796024
178.0,129.8,118.6,179.9,3.6,1007.3,746.8,3,1.0106741572465914,0.4219043151871036,0.41744840524349325,0.3044090056213788,0.27814258911167583,0.008442776735261661,4.113742964256244,0.07609983079494036
238.1,0.0,94.1,186.7,7.0,949.9,847.0,100,0.7841243174807171,0.5620108368283561,0.7167369054570518,0.0,0.28326309451284576,0.021071643587565574,5.409090908928083,0.08037713104838824
136.4,161.6,125.8,171.6,10.4,922.6,764.4,28,1.2580645160367987,0.40490797545056845,0.321849929204298,0.3813119395851507,0.2968381311869552,0.024539877300034454,3.9806512504959732,0.07484298674077615
145.7,172.6,0.0,181.9,3.4,985.8,816.8,28,1.2484557308683284,0.5714734526996083,0.45774426640095056,0.5422557335676326,0.0,0.01068174677943193,5.663210807236469,0.07887433873870925
387.0,20.0,94.0,157.0,11.6,938.0,845.0,56,0.405684754511481,0.313373253486759,0.772455089804941,0.039920159679841916,0.18762475049525698,0.02315369261430831,3.5588822354579066,0.06401369974694605
218.9,0.0,124.1,158.5,11.3,1078.7,794.9,28,0.7240749200217417,0.4620991253509592,0.6381924198064667,0.0,0.36180758016437875,0.032944606413033685,5.462390670394682,0.0664180355344183
359.0,19.0,141.0,154.0,10.9,942.0,801.0,56,0.4289693593195273,0.29672447012915754,0.6917148362101789,0.0366088631977532,0.27167630057280007,0.021001926781868942,3.358381502825465,0.06345543697695226
133.0,200.0,0.0,192.0,0.0,927.4,839.2,28,1.4436090224478488,0.576576576559262,0.39939939938740543,0.6006006005825645,0.0,0.0,5.305105104945793,0.0837842555416138
313.8,0.0,112.6,169.9,10.1,925.3,782.9,28,0.5414276609132751,0.39845215758915453,0.7359287054236415,0.0,0.2640712945529064,0.023686679173928547,4.006097560881658,0.07340361185486304
143.0,169.4,142.7,190.7,8.4,967.4,643.5,28,1.333566433473177,0.419028784873236,0.314216655673166,0.3722258844128274,0.31355745989203343,0.01845748187171045,3.5396616127545673,0.08419054346349304
184.0,86.0,190.0,213.0,6.0,923.0,623.0,28,1.1576086955892604,0.4630434782508034,0.39999999999130437,0.18695652173506616,0.41304347825189036,0.013043478260586012,3.3608695651443288,0.09573033707822144
350.0,0.0,0.0,186.0,0.0,1050.0,770.0,7,0.5314285714133877,0.5314285714133877,0.9999999999714285,0.0,0.0,0.0,5.199999999851428,0.07894736842071755
300.0,0.0,120.0,212.0,10.0,878.0,728.0,28,0.7066666666431111,0.5047619047498866,0.7142857142687075,0.0,0.285714285707483,0.023809523808956914,3.823809523718481,0.09430604982164455
147.0,115.0,89.0,202.0,9.0,860.0,829.0,28,1.3741496597704659,0.5754985754821795,0.4188034187914871,0.3276353276259933,0.2535612535540296,0.025641025640295127,4.811965811828719,0.08973789426881502
288.0,192.0,0.0,192.0,0.0,932.0,717.8,3,0.6666666666435185,0.39999999999166663,0.5999999999875,0.39999999999166663,0.0,0.0,3.4370833332617274,0.08269446119354512
155.0,183.0,0.0,193.0,9.0,1047.0,697.0,28,1.2451612902422475,0.5710059171428696,0.45857988164323726,0.541420118327177,0.0,0.026627218934123453,5.1597633134568115,0.0845008756563726
290.2,193.5,0.0,185.7,0.0,998.2,704.3,7,0.6399035147953168,0.38391565018846563,0.5999586520446566,0.4000413479346694,0.0,0.0,3.519743642681006,0.0782916649096577
162.0,190.1,148.1,178.8,18.8,838.1,741.4,28,1.103703703635574,0.35745701718597644,0.32387045181279744,0.38004798080007895,0.2960815673671315,0.03758496601284316,3.157736905174775,0.07851402977175377
339.0,0.0,0.0,197.0,0.0,968.0,781.0,28,0.5811209439356602,0.5811209439356602,0.9999999999705015,0.0,0.0,0.0,5.159292035246039,0.0862144420127518
525.0,0.0,0.0,189.0,0.0,1125.0,613.0,270,0.35999999999314286,0.35999999999314286,0.9999999999809523,0.0,0.0,0.0,3.3104761904131337,0.07707993474683084
439.0,177.0,0.0,186.0,11.1,884.9,707.9,3,0.42369020500173826,0.30194805194315016,0.7126623376507685,0.28733766233299773,0.0,0.018019480519187996,2.5857142856723097,0.07730994638149005
212.0,0.0,124.8,159.0,7.8,1085.4,799.5,28,0.7499999999646226,0.4720902612686434,0.6294536816915245,0.0,0.3705463182787842,0.023159144892424013,5.596496436888465,0.0665689763447077
310.0,0.0,0.0,192.0,0.0,1012.0,830.0,7,0.6193548386896982,0.6193548386896982,0.9999999999677419,0.0,0.0,0.0,5.941935483679292,0.08191126279828537
337.9,189.0,0.0,174.9,9.5,944.7,755.8,91,0.5176087599728438,0.33194154487887756,0.6412981590312906,0.35870184094973045,0.0,0.018029986714404443,3.227367621878395,0.07251845094919762
289.0,0.0,0.0,192.0,0.0,913.2,895.3,28,0.6643598615687073,0.6643598615687073,0.9999999999653979,0.0,0.0,0.0,6.257785466911495,0.08386110504440332
237.5,237.5,0.0,228.0,0.0,932.0,594.0,270,0.959999999959579,0.47999999998989473,0.4999999999894737,0.4999999999894737,0.0,0.0,3.212631578879734,0.10228802153386143
158.8,238.2,0.0,185.7,0.0,1040.6,734.3,28,1.1693954659213226,0.46775818638620253,0.39999999998992447,0.5999999999848866,0.0,0.0,4.470780856310559,0.07876654224601813
194.7,0.0,100.5,165.6,7.5,1006.4,905.9,3,0.8505392911735727,0.5609756097370943,0.6595528455061127,0.0,0.34044715446001195,0.025406504064179998,6.477981029590854,0.06956229521940031
288.0,192.0,0.0,192.0,0.0,932.0,717.8,28,0.6666666666435185,0.39999999999166663,0.5999999999875,0.39999999999166663,0.0,0.0,3.4370833332617274,0.08269446119354512
313.0,0.0,0.0,178.0,8.0,1000.0,822.0,28,0.5686900958284763,0.5686900958284763,0.9999999999680511,0.0,0.0,0.02555910543049332,5.8210862617948536,0.0766910814300875
148.0,0.0,137.0,158.0,16.0,1002.0,830.0,28,1.0675675674954346,0.5543859648928285,0.5192982455958141,0.0,0.4807017543690982,0.05614035087522314,6.42807017521305,0.06896551724107829
146.0,230.0,0.0,202.0,3.0,827.0,872.0,28,1.3835616437408518,0.5372340425389034,0.38829787233009844,0.6117021276433058,0.0,0.007978723404043118,4.51861702115642,0.0885964912276816
143.8,136.3,106.2,178.1,7.5,941.5,774.3,28,1.2385257300946781,0.46104064197615735,0.3722495469745729,0.35283458451066957,0.27491586848887095,0.019414962463903312,4.441625679408707,0.077851116841903
350.0,0.0,0.0,203.0,0.0,974.0,775.0,7,0.5799999999834285,0.5799999999834285,0.9999999999714285,0.0,0.0,0.0,4.997142857000082,0.08818418766251875
388.6,97.1,0.0,157.9,12.1,852.1,925.7,7,0.4063304168706554,0.3250977969873358,0.8000823553469202,0.19991764463249084,0.0,0.02491249742588197,3.660284125928345,0.06488596671434196
238.2,158.8,0.0,185.7,0.0,1040.6,734.3,28,0.7795969772972461,0.46775818638620253,0.5999999999848866,0.39999999998992447,0.0,0.0,4.470780856310559,0.07876654224601813
212.0,0.0,124.8,159.0,7.8,1085.4,799.5,3,0.7499999999646226,0.4720902612686434,0.6294536816915245,0.0,0.3705463182787842,0.023159144892424013,5.596496436888465,0.0665689763447077
385.0,0.0,0.0,186.0,0.0,966.0,763.0,14,0.4831168831043346,0.4831168831043346,0.999999999974026,0.0,0.0,0.0,4.490909090792444,0.0808695652170397
339.0,0.0,0.0,197.0,0.0,968.0,781.0,3,0.5811209439356602,0.5811209439356602,0.9999999999705015,0.0,0.0,0.0,5.159292035246039,0.0862144420127518
153.0,102.0,0.0,192.0,0.0,888.0,943.1,7,1.254901960702294,0.7529411764410611,0.5999999999764706,0.39999999998431374,0.0,0.0,7.1807843134438905,0.08428076028232176
446.0,24.0,79.0,162.0,10.3,967.0,712.0,56,0.36322869954342535,0.2950819672077398,0.8123861566336542,0.04371584699373924,0.14389799635439166,0.01876138433481309,3.0582877959370074,0.06749156355427449
135.7,203.5,0.0,185.7,0.0,1076.2,759.3,28,1.368459837776827,0.5474646226253695,0.4000589622523567,0.5999410377181621,0.0,0.0,5.4112617922933,0.07867310625284411
314.0,145.0,113.0,179.0,8.0,869.0,690.0,28,0.570063694249361,0.312937062931592,0.5489510489414519,0.25349650349207176,0.19755244754899384,0.013986013985769475,2.7255244754768264,0.07722174288146151
213.7,98.1,24.5,181.7,6.9,1065.8,785.4,14,0.8502573701052757,0.5402914064662417,0.6354445435434004,0.29170383585216464,0.07285162057469963,0.02051739518226235,5.50460897991363,0.07646984554489933
213.5,0.0,174.2,159.2,11.7,1043.6,771.9,3,0.7456674472718656,0.41062677326771657,0.5506835181699592,0.0,0.44931648180424766,0.030177972658494246,4.68274438987148,0.06705699001698726
525.0,0.0,0.0,189.0,0.0,1125.0,613.0,90,0.35999999999314286,0.35999999999314286,0.9999999999809523,0.0,0.0,0.0,3.3104761904131337,0.07707993474683084
178.0,129.8,118.6,179.9,3.6,1007.3,746.8,14,1.0106741572465914,0.4219043151871036,0.41744840524349325,0.3044090056213788,0.27814258911167583,0.008442776735261661,4.113742964256244,0.07609983079494036
349.0,0.0,0.0,192.0,0.0,1047.0,806.0,90,0.5501432664598813,0.5501432664598813,0.9999999999713467,0.0,0.0,0.0,5.309455587240417,0.08020050125279783
296.0,0.0,107.0,221.0,11.0,819.0,778.0,28,0.7466216215963979,0.548387096760586,0.7344913151182508,0.0,0.26550868485693524,0.027295285359124184,3.962779156229211,0.09901433691711911
229.7,0.0,118.2,195.2,6.1,1028.1,757.6,28,0.8498040922573006,0.5610807703201759,0.6602471974515595,0.0,0.3397528025196967,0.017533774072505497,5.132796780536568,0.08360101074956701
198.6,132.4,0.0,192.0,0.0,978.4,825.5,360,0.9667673715525293,0.5800604229432006,0.599999999981873,0.3999999999879154,0.0,0.0,5.4498489424335395,0.08251321500673638
349.0,0.0,0.0,192.0,0.0,1047.0,806.0,360,0.5501432664598813,0.5501432664598813,0.9999999999713467,0.0,0.0,0.0,5.309455587240417,0.08020050125279783
192.0,288.0,0.0,192.0,0.0,929.8,716.1,3,0.9999999999479167,0.39999999999166663,0.39999999999166663,0.5999999999875,0.0,0.0,3.428958333261897,0.08283359937839065
162.0,214.0,164.0,202.0,10.0,820.0,680.0,28,1.2469135801699436,0.37407407406714677,0.29999999999444443,0.39629629628895746,0.30370370369807953,0.018518518518175583,2.7777777777263375,0.089698046180774
300.0,0.0,0.0,184.0,0.0,1075.0,795.0,28,0.6133333333128889,0.6133333333128889,0.9999999999666667,0.0,0.0,0.0,6.233333333125556,0.07816482582804518
350.0,0.0,0.0,203.0,0.0,974.0,775.0,180,0.5799999999834285,0.5799999999834285,0.9999999999714285,0.0,0.0,0.0,4.997142857000082,0.08818418766251875
295.8,0.0,0.0,185.7,0.0,1091.4,769.3,28,0.6277890466319205,0.6277890466319205,0.9999999999661934,0.0,0.0,0.0,6.290398917975307,0.07928443343830893
500.0,0.0,0.0,200.0,0.0,1125.0,613.0,14,0.399999999992,0.399999999992,0.99999999998,0.0,0.0,0.0,3.47599999993048,0.0820344544705413
200.0,133.0,0.0,192.0,0.0,965.4,806.2,90,0.9599999999519999,0.576576576559262,0.6006006005825645,0.39939939938740543,0.0,0.0,5.3201201199603565,0.08360184620707306
401.8,94.7,0.0,147.4,11.4,946.8,852.1,7,0.36684917868673844,0.296878147023225,0.8092648539615456,0.19073514601831348,0.0,0.02296072507506625,3.6231621348716385,0.0600603047833915
273.0,105.0,82.0,210.0,9.0,904.0,680.0,28,0.7692307692025923,0.45652173912051036,0.5934782608566636,0.22826086956025518,0.17826086956134216,0.019565217390879016,3.443478260794707,0.09279717189530359
540.0,0.0,0.0,173.0,0.0,1125.0,613.0,7,0.3203703703644376,0.3203703703644376,0.9999999999814815,0.0,0.0,0.0,3.2185185184589162,0.07058343533222937
272.8,181.9,0.0,185.7,0.0,1012.4,714.3,28,0.6807184750483607,0.4084011436021904,0.5999560149417207,0.4000439850362867,0.0,0.0,3.797448867301573,0.07845042456981771
194.7,0.0,100.5,170.2,7.5,998.0,901.8,14,0.8741653825950608,0.5765582655631247,0.6595528455061127,0.0,0.34044715446001195,0.025406504064179998,6.435636856150555,0.07173262527891545
359.0,19.0,141.0,154.0,10.9,942.0,801.0,3,0.4289693593195273,0.29672447012915754,0.6917148362101789,0.0366088631977532,0.27167630057280007,0.021001926781868942,3.358381502825465,0.06345543697695226
380.0,95.0,0.0,228.0,0.0,932.0,594.0,180,0.5999999999842105,0.47999999998989473,0.7999999999831579,0.19999999999578946,0.0,0.0,3.212631578879734,0.10228802153386143
198.6,132.4,0.0,192.0,0.0,978.4,825.5,180,0.9667673715525293,0.5800604229432006,0.599999999981873,0.3999999999879154,0.0,0.0,5.4498489424335395,0.08251321500673638
393.0,0.0,0.0,192.0,0.0,940.0,758.0,3,0.4885496183081794,0.4885496183081794,0.9999999999745547,0.0,0.0,0.0,4.3206106869129615,0.08409986859358695
298.0,0.0,107.0,210.0,11.0,880.0,744.0,28,0.7046979865535336,0.5185185185057156,0.7358024691176345,0.0,0.2641975308576741,0.027160493826489863,4.009876543110868,0.09333333333291852
168.0,42.1,163.8,121.8,5.7,1058.7,780.1,3,0.7249999999568452,0.3257555496034834,0.4493179994530806,0.1125969510534208,0.4380850494667536,0.015244717838586663,4.917892484490028,0.05204683360374306
318.8,212.5,0.0,155.7,14.3,852.1,880.4,56,0.4883939773999876,0.2930547713101251,0.6000376435046106,0.39996235647656764,0.0,0.026915113871129024,3.2608695651560162,0.06397403237708943
342.0,38.0,0.0,228.0,0.0,932.0,670.0,180,0.6666666666471734,0.5999999999842105,0.8999999999763157,0.09999999999736842,0.0,0.0,4.215789473573269,0.10316742081401283
146.0,173.0,0.0,182.0,3.0,986.0,817.0,28,1.2465753423803714,0.5705329153426165,0.4576802507693517,0.5423197491993003,0.0,0.009404388714438734,5.652037617377679,0.07889033376645475
212.5,0.0,100.4,159.3,8.7,1007.8,903.6,3,0.7496470587882519,0.5091083413068358,0.6791307126660553,0.0,0.32086928730198566,0.02780441035385732,6.1086609138348145,0.06658863854839867
424.0,22.0,132.0,168.0,8.9,822.0,750.0,7,0.3962264150849947,0.2906574394413381,0.7335640138281391,0.03806228373636571,0.2283737024181942,0.015397923875166126,2.7197231833439495,0.07219906313089433
500.0,0.0,0.0,200.0,0.0,1125.0,613.0,90,0.399999999992,0.399999999992,0.99999999998,0.0,0.0,0.0,3.47599999993048,0.0820344544705413
285.0,190.0,0.0,163.0,7.6,1031.0,685.0,28,0.5719298245413358,0.3431578947296177,0.5999999999873684,0.3999999999915789,0.0,0.015999999999663155,3.612631578871313,0.06902100270973484
295.7,0.0,95.6,171.5,8.9,955.1,859.2,56,0.5799797091450801,0.43828264757377255,0.7556861742715133,0.0,0.24431382570293092,0.022744697162720557,4.636595962058866,0.0718776194464716
213.5,0.0,174.2,159.2,11.7,1043.6,771.9,28,0.7456674472718656,0.41062677326771657,0.5506835181699592,0.0,0.44931648180424766,0.030177972658494246,4.68274438987148,0.06705699001698726
203.5,305.3,0.0,203.5,0.0,963.4,630.0,28,0.9999999999508599,0.3999606918160385,0.3999606918160385,0.6000393081643074,0.0,0.0,3.131682389875557,0.08825953072781256
250.0,0.0,95.7,191.8,5.3,948.9,857.2,3,0.767199999969312,0.5548163147076999,0.7231703789203595,0.0,0.2768296210507136,0.015331212033111621,5.224472085472246,0.08165524287929818
277.0,0.0,0.0,191.0,0.0,968.0,856.0,360,0.6895306858956848,0.6895306858956848,0.9999999999638989,0.0,0.0,0.0,6.584837544888634,0.08333333333296976
284.0,15.0,141.0,179.0,5.5,842.0,801.0,56,0.630281690118652,0.4068181818089359,0.645454545439876,0.0340909090901343,0.3204545454472624,0.012499999999715908,3.7340909090060435,0.07894156560053389
379.5,151.2,0.0,153.9,15.9,1134.3,605.0,56,0.40553359682725865,0.2899943470832863,0.7150932730221388,0.2849067269590181,0.0,0.0299604296206904,3.2773695119035726,0.06307894089653628
310.0,0.0,0.0,192.0,0.0,971.0,850.6,3,0.6193548386896982,0.6193548386896982,0.9999999999677419,0.0,0.0,0.0,5.876129032068511,0.08263040110138307
387.0,20.0,94.0,157.0,13.9,938.0,845.0,56,0.405684754511481,0.313373253486759,0.772455089804941,0.039920159679841916,0.18762475049525698,0.02774451097749013,3.5588822354579066,0.0639537252023954
236.0,157.0,0.0,192.0,0.0,972.6,749.1,7,0.8135593219994254,0.4885496183081794,0.6005089058371371,0.3994910941374175,0.0,0.0,4.380916030422878,0.08323579138993699
425.0,106.3,0.0,151.4,18.6,936.0,803.7,56,0.3562352941092651,0.2849614153908346,0.7999247129531353,0.200075287028043,0.0,0.03500846979041957,3.27442123088134,0.06202376075353534
164.6,0.0,150.4,181.6,11.7,1023.3,728.9,28,1.103280680370396,0.5765079364896346,0.5225396825230939,0.0,0.47746031744516,0.037142857141678004,5.562539682363093,0.0803362088030067
289.0,0.0,0.0,192.0,0.0,913.2,895.3,7,0.6643598615687073,0.6643598615687073,0.9999999999653979,0.0,0.0,0.0,6.257785466911495,0.08386110504440332
288.0,121.0,0.0,177.0,7.0,908.0,829.0,28,0.6145833333119937,0.4327628361752381,0.7041564792003874,0.29584352077516274,0.0,0.017114914425009415,4.2469437651773365,0.07596566523572547
143.6,0.0,174.9,158.4,17.9,942.7,844.5,28,1.1030640667755527,0.49733124017276825,0.4508634222778379,0.0,0.549136577690765,0.05620094191346307,5.611302982555375,0.06941279579285972
266.0,114.0,0.0,228.0,0.0,932.0,670.0,180,0.8571428571106336,0.5999999999842105,0.6999999999815789,0.29999999999210525,0.0,0.0,4.215789473573269,0.10316742081401283
374.0,0.0,0.0,190.0,7.0,1013.0,730.0,28,0.5080213903607481,0.5080213903607481,0.999999999973262,0.0,0.0,0.018716577539606507,4.66042780736202,0.0821089023332666
304.0,76.0,0.0,228.0,0.0,932.0,670.0,28,0.749999999975329,0.5999999999842105,0.7999999999789473,0.19999999999473683,0.0,0.0,4.215789473573269,0.10316742081401283
286.3,200.9,0.0,144.7,11.2,1004.6,803.7,91,0.5054139014842677,0.2970032840661534,0.5876436781488579,0.4123563218306166,0.0,0.022988505746654585,3.71161740550674,0.059027494492702004
342.0,38.0,0.0,228.0,0.0,932.0,670.0,90,0.6666666666471734,0.5999999999842105,0.8999999999763157,0.09999999999736842,0.0,0.0,4.215789473573269,0.10316742081401283
202.0,11.0,141.0,206.0,1.7,942.0,801.0,3,1.0198019801475344,0.5819209039383638,0.5706214689104344,0.031073446326805833,0.39830508473451115,0.004802259886869992,4.923728813420234,0.08938256606027084
356.0,119.0,0.0,160.0,9.0,1061.0,657.0,28,0.4494382022345663,0.3368421052560665,0.7494736841947479,0.2505263157841994,0.0,0.01894736842065374,3.616842105187014,0.06773920406406546
230.0,0.0,118.3,195.5,4.6,1029.4,758.6,28,0.8499999999630434,0.5612977318242521,0.6603502727344143,0.0,0.3396497272368748,0.013207005454688284,5.13350559847449,0.08367574045504333
331.0,0.0,0.0,192.0,0.0,978.0,825.0,90,0.5800604229432006,0.5800604229432006,0.9999999999697885,0.0,0.0,0.0,5.447129909200993,0.08254514187410772
229.7,0.0,118.2,195.2,6.1,1028.1,757.6,14,0.8498040922573006,0.5610807703201759,0.6602471974515595,0.0,0.3397528025196967,0.017533774072505497,5.132796780536568,0.08360101074956701
525.0,0.0,0.0,189.0,0.0,1125.0,613.0,7,0.35999999999314286,0.35999999999314286,0.9999999999809523,0.0,0.0,0.0,3.3104761904131337,0.07707993474683084
237.5,237.5,0.0,228.0,0.0,932.0,594.0,90,0.959999999959579,0.47999999998989473,0.4999999999894737,0.4999999999894737,0.0,0.0,3.212631578879734,0.10228802153386143
155.0,0.0,143.0,193.0,9.0,1047.0,697.0,28,1.2451612902422475,0.6476510066896761,0.5201342281704653,0.0,0.47986577179597767,0.030201342280865726,5.852348993092203,0.08600713012439391
218.2,54.6,123.8,140.8,11.9,1075.7,792.7,28,0.6452795600070909,0.3550176500162628,0.5501765002382708,0.13767019666823826,0.3121533030682765,0.03000504286359039,4.711043872801032,0.05823716755570072
382.0,0.0,0.0,186.0,0.0,1047.0,739.0,7,0.48691099475165156,0.48691099475165156,0.9999999999738219,0.0,0.0,0.0,4.675392670034675,0.07901444350008915
397.0,0.0,0.0,186.0,0.0,1040.0,734.0,28,0.46851385389248074,0.46851385389248074,0.999999999974811,0.0,0.0,0.0,4.468513853791725,0.07891387356776024
500.0,0.0,0.0,200.0,0.0,1125.0,613.0,7,0.399999999992,0.399999999992,0.99999999998,0.0,0.0,0.0,3.47599999993048,0.0820344544705413
249.1,0.0,98.8,158.1,12.8,987.8,889.0,3,0.634684865490378,0.4544409312890359,0.7160103477805113,0.0,0.2839896521907448,0.03679218166033941,5.394653635947265,0.06599599265292204
310.0,0.0,0.0,192.0,0.0,1012.0,830.0,120,0.6193548386896982,0.6193548386896982,0.9999999999677419,0.0,0.0,0.0,5.941935483679292,0.08191126279828537
251.4,0.0,118.3,188.5,5.8,1028.4,757.7,14,0.7498011137331025,0.5098728698807176,0.6800108195650525,0.0,0.3199891804078986,0.01568839599632977,4.831214498111139,0.08020935279315684
500.0,0.0,0.0,200.0,0.0,1125.0,613.0,28,0.399999999992,0.399999999992,0.99999999998,0.0,0.0,0.0,3.47599999993048,0.0820344544705413
387.0,20.0,94.0,157.0,14.3,938.0,845.0,28,0.405684754511481,0.313373253486759,0.772455089804941,0.039920159679841916,0.18762475049525698,0.02854291417108697,3.5588822354579066,0.06394330631668659
446.0,24.0,79.0,162.0,11.6,967.0,712.0,7,0.36322869954342535,0.2950819672077398,0.8123861566336542,0.04371584699373924,0.14389799635439166,0.021129326046973963,3.0582877959370074,0.06745502997973246
322.2,0.0,115.6,196.0,10.4,817.9,813.4,28,0.6083178150028455,0.44769301049685495,0.7359524897045238,0.0,0.26404751027263484,0.02375513933248618,3.7261306531812215,0.08613491540282955
310.0,143.0,0.0,168.0,10.0,914.0,804.0,28,0.5419354838534859,0.3708609271441311,0.6843267108016705,0.3156732891762544,0.0,0.02207505518715066,3.7924944811524837,0.07151979565742222
326.0,0.0,138.0,199.0,11.0,801.0,792.0,28,0.6104294478340359,0.42887931033558446,0.7025862068814097,0.0,0.29741379309703847,0.023706896551213212,3.4331896550984227,0.08778120864540018
182.0,45.2,122.0,170.2,8.2,1059.4,780.7,100,0.9351648351134524,0.4873997708909679,0.5211912943722454,0.12943871706387633,0.3493699885352414,0.02348224513105721,5.269473081177851,0.07188410693892011
168.0,42.1,163.8,121.8,5.7,1058.7,780.1,14,0.7249999999568452,0.3257555496034834,0.4493179994530806,0.1125969510534208,0.4380850494667536,0.015244717838586663,4.917892484490028,0.05204683360374306
222.4,0.0,96.7,189.3,4.5,967.1,870.3,14,0.8511690647099295,0.5932309620622617,0.6969602005422451,0.0,0.3030397994264168,0.014102162331115569,5.758069570487055,0.08054290941547657
203.5,135.7,0.0,185.7,0.0,1076.2,759.3,28,0.9125307124858706,0.5474646226253695,0.5999410377181621,0.4000589622523567,0.0,0.0,5.4112617922933,0.07867310625284411
540.0,0.0,0.0,173.0,0.0,1125.0,613.0,28,0.3203703703644376,0.3203703703644376,0.9999999999814815,0.0,0.0,0.0,3.2185185184589162,0.07058343533222937
167.0,75.4,167.0,164.0,7.9,1007.3,770.1,14,0.982035928084908,0.40058622373227687,0.4079140205078673,0.18417195895983948,0.4079140205078673,0.0192965315090548,4.34147532964481,0.0695298257511785
331.0,0.0,0.0,192.0,0.0,1025.0,821.0,3,0.5800604229432006,0.5800604229432006,0.9999999999697885,0.0,0.0,0.0,5.577039274755981,0.081046855212828
491.0,26.0,123.0,201.0,3.9,822.0,699.0,28,0.40936863542954444,0.3140624999950928,0.7671874999880127,0.04062499999936523,0.19218749999699708,0.006093749999904785,2.376562499962866,0.08495709877811844
366.0,187.0,0.0,191.0,7.0,824.0,757.0,28,0.5218579234830093,0.3453887884205174,0.6618444846173265,0.3381555153645903,0.0,0.012658227847872365,2.858951175355173,0.08190394511114107
525.0,0.0,0.0,189.0,0.0,1125.0,613.0,180,0.35999999999314286,0.35999999999314286,0.9999999999809523,0.0,0.0,0.0,3.3104761904131337,0.07707993474683084
362.6,189.0,0.0,164.9,11.6,944.7,755.8,7,0.4547710976156985,0.2989485134100988,0.6573604060794532,0.34263959390241766,0.0,0.021029731689248914,3.0828498911696363,0.06789920118558883
339.2,0.0,0.0,185.7,0.0,1069.2,754.3,28,0.5474646226253695,0.5474646226253695,0.9999999999705188,0.0,0.0,0.0,5.375884433803777,0.07907511497155903
173.8,93.4,159.9,172.3,9.7,1007.2,746.6,3,0.9913693900465265,0.4034184031748205,0.40693046124076493,0.2186841489061418,0.37438538982967956,0.022711308826440846,4.106298290702265,0.072918870878696
540.0,0.0,0.0,162.0,2.5,1055.0,676.0,28,0.29999999999444443,0.29999999999444443,0.9999999999814815,0.0,0.0,0.004629629629543896,3.2055555554961934,0.06651611578703956
154.8,0.0,142.8,193.3,9.1,1047.4,696.7,28,1.2487080102552512,0.6495295698706475,0.520161290305102,0.0,0.4798387096612957,0.030577956988219822,5.86055107507189,0.08613698141755653
325.6,166.4,0.0,174.0,8.9,881.6,790.0,28,0.5343980343816216,0.35365853657817764,0.6617886178727279,0.33821138210694696,0.0,0.018089430893941272,3.3975609755406997,0.07415299382026784
290.2,193.5,0.0,185.7,0.0,998.2,704.3,28,0.6399035147953168,0.38391565018846563,0.5999586520446566,0.4000413479346694,0.0,0.0,3.519743642681006,0.0782916649096577
401.8,94.7,0.0,147.4,11.4,946.8,852.1,3,0.36684917868673844,0.296878147023225,0.8092648539615456,0.19073514601831348,0.0,0.02296072507506625,3.6231621348716385,0.0600603047833915
213.7,98.1,24.5,181.7,6.9,1065.8,785.4,3,0.8502573701052757,0.5402914064662417,0.6354445435434004,0.29170383585216464,0.07285162057469963,0.02051739518226235,5.50460897991363,0.07646984554489933
190.0,190.0,0.0,228.0,0.0,932.0,670.0,365,1.199999999936842,0.5999999999842105,0.4999999999868421,0.4999999999868421,0.0,0.0,4.215789473573269,0.10316742081401283
540.0,0.0,0.0,173.0,0.0,1125.0,613.0,3,0.3203703703644376,0.3203703703644376,0.9999999999814815,0.0,0.0,0.0,3.2185185184589162,0.07058343533222937
289.0,0.0,0.0,192.0,0.0,913.2,895.3,90,0.6643598615687073,0.6643598615687073,0.9999999999653979,0.0,0.0,0.0,6.257785466911495,0.08386110504440332
167.0,75.4,167.0,164.0,7.9,1007.3,770.1,56,0.982035928084908,0.40058622373227687,0.4079140205078673,0.18417195895983948,0.4079140205078673,0.0192965315090548,4.34147532964481,0.0695298257511785
446.0,24.0,79.0,162.0,11.6,967.0,712.0,7,0.36322869954342535,0.2950819672077398,0.8123861566336542,0.04371584699373924,0.14389799635439166,0.021129326046973963,3.0582877959370074,0.06745502997973246
450.1,50.0,0.0,200.0,3.0,1124.4,613.2,28,0.44434570094547104,0.39992001598880383,0.900019995982803,0.09998000399720096,0.0,0.005998800239832057,3.474505098910728,0.08194370467455261
425.0,106.3,0.0,151.4,18.6,936.0,803.7,7,0.3562352941092651,0.2849614153908346,0.7999247129531353,0.200075287028043,0.0,0.03500846979041957,3.27442123088134,0.06202376075353534
218.2,54.6,123.8,140.8,11.9,1075.7,792.7,100,0.6452795600070909,0.3550176500162628,0.5501765002382708,0.13767019666823826,0.3121533030682765,0.03000504286359039,4.711043872801032,0.05823716755570072
255.0,99.0,77.0,189.0,6.0,919.0,749.0,28,0.7411764705591696,0.43851508119632215,0.5916473317728156,0.22969837586474018,0.17865429233924235,0.013921113688772132,3.8700696054786525,0.08238884045299744
186.2,124.1,0.0,185.7,0.0,1083.4,764.3,7,0.9973147153062666,0.5984531098743651,0.600064453735093,0.3999355462326802,0.0,0.0,5.954560102934111,0.07923369031838873
218.9,0.0,124.1,158.5,11.3,1078.7,794.9,3,0.7240749200217417,0.4620991253509592,0.6381924198064667,0.0,0.36180758016437875,0.032944606413033685,5.462390670394682,0.0664180355344183
252.0,0.0,0.0,185.0,0.0,1111.0,784.0,7,0.734126984097852,0.734126984097852,0.9999999999603174,0.0,0.0,0.0,7.519841269542863,0.07933104631183821
212.0,0.0,124.8,159.0,7.8,1085.4,799.5,14,0.7499999999646226,0.4720902612686434,0.6294536816915245,0.0,0.3705463182787842,0.023159144892424013,5.596496436888465,0.0665689763447077
190.0,190.0,0.0,228.0,0.0,932.0,670.0,90,1.199999999936842,0.5999999999842105,0.4999999999868421,0.4999999999868421,0.0,0.0,4.215789473573269,0.10316742081401283
297.2,0.0,117.5,174.8,9.5,1022.8,753.5,3,0.588156123802552,0.42150952494763666,0.716662647679849,0.0,0.2833373522960372,0.022908126355849816,4.283337352199582,0.07359070433177456
307.0,0.0,0.0,193.0,0.0,968.0,812.0,28,0.6286644950935288,0.6286644950935288,0.9999999999674267,0.0,0.0,0.0,5.798045602417002,0.08464912280664628
173.5,50.1,173.5,164.8,6.5,1006.2,793.5,3,0.9498559077262331,0.4150088138903297,0.43691765297313223,0.12616469402855288,0.43691765297313223,0.016368672877955962,4.53210778130113,0.06959165575748663
168.9,42.2,124.3,158.3,10.8,1080.8,796.2,56,0.9372409709332599,0.4719737626573651,0.5035778175162916,0.12581991651383959,0.3706022659400535,0.03220035778079307,5.596302921717462,0.06647071173602155
233.8,0.0,94.6,197.9,4.6,947.0,852.2,14,0.8464499571921963,0.6026187575943174,0.7119366625848985,0.0,0.28806333738465095,0.014007308160353005,5.4786845308928545,0.08493197716799739
265.0,111.0,86.0,195.0,6.0,833.0,790.0,28,0.7358490565760056,0.4220779220687862,0.5735930735806581,0.24025974025453983,0.18614718614315698,0.012987012986731883,3.5129870129109744,0.08530183726996807
264.5,111.0,86.5,195.5,5.9,832.6,790.4,28,0.7391304347546642,0.42316017315101384,0.5725108224984304,0.24025974025453983,0.18722943722538465,0.012770562770286351,3.5129870129109744,0.08550559832012987
305.3,203.5,0.0,203.5,0.0,965.4,631.0,28,0.6665574844197,0.3999606918160385,0.6000393081643074,0.3999606918160385,0.0,0.0,3.137578616290535,0.0881448434179922
142.0,167.0,130.0,174.0,11.0,883.0,785.0,28,1.225352112589764,0.3963553530661422,0.32346241457121955,0.3804100227703779,0.2961275626356235,0.025056947607629682,3.7995444190478462,0.07591623036616092
424.0,22.0,132.0,178.0,8.5,882.0,750.0,3,0.41981132074481575,0.3079584775033225,0.7335640138281391,0.03806228373636571,0.2283737024181942,0.01470588235268675,2.823529411715856,0.07427498435187034
317.9,0.0,126.5,209.7,5.7,860.5,736.6,28,0.6596413966448681,0.4718721872081037,0.7153465346373684,0.0,0.2846534653401293,0.012826282627974207,3.5938343833574744,0.09291506048077934
359.0,19.0,141.0,154.0,10.9,942.0,801.0,7,0.4289693593195273,0.29672447012915754,0.6917148362101789,0.0366088631977532,0.27167630057280007,0.021001926781868942,3.358381502825465,0.06345543697695226
356.0,0.0,142.0,193.0,11.0,801.0,778.0,28,0.5421348314454456,0.38755020079543073,0.7148594377366494,0.0,0.2851405622432703,0.022088353413211078,3.1706827308600265,0.0846120122749469
212.0,0.0,124.8,159.0,7.8,1085.4,799.5,56,0.7499999999646226,0.4720902612686434,0.6294536816915245,0.0,0.3705463182787842,0.023159144892424013,5.596496436888465,0.0665689763447077
238.1,0.0,0.0,185.7,0.0,1118.8,789.3,7,0.7799244014792135,0.7799244014792135,0.9999999999580008,0.0,0.0,0.0,8.013859722468968,0.07963463270260461
150.0,237.0,0.0,174.0,12.0,1069.0,675.0,28,1.1599999999226667,0.4496124030891573,0.3875968992147908,0.6124031007593694,0.0,0.03100775193718326,4.506459948203967,0.07509710832941262
381.4,0.0,0.0,185.7,0.0,1104.6,784.3,7,0.48689040376279785,0.48689040376279785,0.9999999999737808,0.0,0.0,0.0,4.952543261537689,0.07561074918535989
250.2,166.8,0.0,203.5,0.0,977.6,694.1,28,0.8133493205110572,0.4880095923144362,0.5999999999856115,0.3999999999904077,0.0,0.0,4.008872901582521,0.08877933862625959
312.7,0.0,0.0,178.1,8.0,999.7,822.2,28,0.5695554844717123,0.5695554844717123,0.9999999999680205,0.0,0.0,0.025583626478235255,5.826351135087101,0.07674408583583943
230.0,0.0,118.3,195.5,4.6,1029.4,758.6,100,0.8499999999630434,0.5612977318242521,0.6603502727344143,0.0,0.3396497272368748,0.013207005454688284,5.13350559847449,0.08367574045504333
382.0,0.0,0.0,185.0,0.0,1047.0,739.0,7,0.48429319370459967,0.48429319370459967,0.9999999999738219,0.0,0.0,0.0,4.675392670034675,0.07862303442380526
310.0,0.0,0.0,192.0,0.0,1012.0,830.0,28,0.6193548386896982,0.6193548386896982,0.9999999999677419,0.0,0.0,0.0,5.941935483679292,0.08191126279828537
491.0,26.0,123.0,210.0,3.9,882.0,699.0,28,0.42769857432937475,0.32812499999487305,0.7671874999880127,0.04062499999936523,0.19218749999699708,0.006093749999904785,2.4703124999614015,0.08624584171799152
122.6,183.9,0.0,203.5,0.0,958.2,800.1,3,1.6598694941549863,0.6639477976944879,0.3999999999869494,0.5999999999804242,0.0,0.0,5.7367047306448065,0.08971476436057967
393.0,0.0,0.0,192.0,0.0,940.6,785.6,3,0.4885496183081794,0.4885496183081794,0.9999999999745547,0.0,0.0,0.0,4.392366412101976,0.08307372793318159
304.0,76.0,0.0,228.0,0.0,932.0,670.0,180,0.749999999975329,0.5999999999842105,0.7999999999789473,0.19999999999473683,0.0,0.0,4.215789473573269,0.10316742081401283
355.0,19.0,97.0,145.0,12.3,967.0,871.0,28,0.40845070421384644,0.3078556263204277,0.7537154989224264,0.040339702759228456,0.2059447982971137,0.02611464968097421,3.9023354563927315,0.058792523212671643
228.0,342.1,0.0,185.7,0.0,955.8,674.3,7,0.8144736841748037,0.3257323276561001,0.3999298368637093,0.6000701631187498,0.0,0.0,2.859322925752336,0.07783226455393005
153.0,145.0,113.0,178.0,8.0,1002.0,689.0,28,1.1633986927344184,0.43309002432036275,0.37226277371357025,0.35279805351939664,0.2749391727427022,0.01946472019417361,4.114355231043446,0.07779720279686278
331.0,0.0,0.0,192.0,0.0,978.0,825.0,3,0.5800604229432006,0.5800604229432006,0.9999999999697885,0.0,0.0,0.0,5.447129909200993,0.08254514187410772
251.4,0.0,118.3,188.5,5.8,1028.4,757.7,28,0.7498011137331025,0.5098728698807176,0.6800108195650525,0.0,0.3199891804078986,0.01568839599632977,4.831214498111139,0.08020935279315684
139.6,209.4,0.0,192.0,0.0,1047.0,806.9,28,1.3753581660905905,0.5501432664598813,0.39999999998853863,0.5999999999828081,0.0,0.0,5.312034383801947,0.08017036201895623
275.1,0.0,121.4,159.5,9.9,1053.6,777.5,56,0.5797891675543515,0.4022698612761092,0.6938209331476969,0.0,0.3061790668270825,0.024968474148172295,4.618158890173564,0.06654151022083211
446.0,24.0,79.0,162.0,11.6,967.0,712.0,56,0.36322869954342535,0.2950819672077398,0.8123861566336542,0.04371584699373924,0.14389799635439166,0.021129326046973963,3.0582877959370074,0.06745502997973246
222.4,0.0,96.7,189.3,4.5,967.1,870.3,3,0.8511690647099295,0.5932309620622617,0.6969602005422451,0.0,0.3030397994264168,0.014102162331115569,5.758069570487055,0.08054290941547657
290.4,0.0,96.2,168.1,9.4,961.2,865.0,14,0.5788567492913617,0.43481634763489874,0.7511639937726031,0.0,0.2488360062015304,0.024314536988507128,4.723745473235289,0.07032590051428554
147.8,175.1,0.0,171.2,2.2,1000.0,828.5,28,1.1583220567551877,0.5301951068278045,0.45772685040391065,0.5422731495651201,0.0,0.006813254877460104,5.6627438833799095,0.07364074328942859
190.3,0.0,125.2,161.9,9.9,1088.1,802.6,14,0.8507619547634911,0.5131537242309618,0.6031695720886476,0.0,0.3968304278796567,0.0313787638658834,5.992709983962196,0.06808242220324609
167.4,129.9,128.6,175.5,7.8,1006.3,746.6,3,1.0483870967115658,0.4120685606853236,0.3930500117306164,0.3050011739773421,0.3019488142685619,0.018314158252681047,4.115754871939052,0.07429829389071463
162.0,190.0,148.0,179.0,19.0,838.0,741.0,28,1.1049382715367322,0.35799999999284,0.32399999999351997,0.3799999999924,0.29599999999408,0.03799999999924,3.1579999999368398,0.07861220904664641
173.5,50.1,173.5,164.8,6.5,1006.2,793.5,28,0.9498559077262331,0.4150088138903297,0.43691765297313223,0.12616469402855288,0.43691765297313223,0.016368672877955962,4.53210778130113,0.06959165575748663
202.0,11.0,141.0,206.0,1.7,942.0,801.0,28,1.0198019801475344,0.5819209039383638,0.5706214689104344,0.031073446326805833,0.39830508473451115,0.004802259886869992,4.923728813420234,0.08938256606027084
214.9,53.8,121.9,155.6,9.6,1014.3,780.6,56,0.7240577012227055,0.3983614951254899,0.5501792114554486,0.1377368151526437,0.3120839733663061,0.02457757296404051,4.5952380951204495,0.06619304887877571
302.0,0.0,0.0,203.0,0.0,974.0,817.0,14,0.6721854304413184,0.6721854304413184,0.9999999999668874,0.0,0.0,0.0,5.930463575962567,0.08841463414595639
246.8,0.0,125.1,143.3,12.0,1086.8,800.9,56,0.580632090738224,0.3853186340310482,0.6636192524693838,0.0,0.3363807475037273,0.032266738369662096,5.075826835034261,0.05933993125984788
133.0,200.0,0.0,192.0,0.0,927.4,839.2,7,1.4436090224478488,0.576576576559262,0.39939939938740543,0.6006006005825645,0.0,0.0,5.305105104945793,0.0837842555416138
475.0,118.8,0.0,181.1,8.9,852.1,781.5,56,0.3812631578867102,0.3049848433764738,0.7999326372381285,0.20006736274503087,0.0,0.014988211518777566,2.751094644615172,0.07491519814645937
236.0,157.0,0.0,192.0,0.0,972.6,749.1,90,0.8135593219994254,0.4885496183081794,0.6005089058371371,0.3994910941374175,0.0,0.0,4.380916030422878,0.08323579138993699
313.0,161.0,0.0,178.0,10.0,917.0,759.0,28,0.5686900958284763,0.375527426152415,0.6603375527286849,0.3396624472502181,0.0,0.021097046413057024,3.535864978828357,0.07613344739060679
362.6,189.0,0.0,164.9,11.6,944.7,755.8,7,0.4547710976156985,0.2989485134100988,0.6573604060794532,0.34263959390241766,0.0,0.021029731689248914,3.0828498911696363,0.06789920118558883
516.0,0.0,0.0,162.0,8.3,801.0,802.0,28,0.31395348836600867,0.31395348836600867,0.9999999999806202,0.0,0.0,0.01608527131751773,3.1065891472266163,0.07076398899195926
337.9,189.0,0.0,174.9,9.5,944.7,755.8,3,0.5176087599728438,0.33194154487887756,0.6412981590312906,0.35870184094973045,0.0,0.018029986714404443,3.227367621878395,0.07251845094919762
446.0,24.0,79.0,162.0,11.6,967.0,712.0,56,0.36322869954342535,0.2950819672077398,0.8123861566336542,0.04371584699373924,0.14389799635439166,0.021129326046973963,3.0582877959370074,0.06745502997973246
277.2,97.8,24.5,160.7,11.2,1061.7,782.5,3,0.579725829704916,0.4022528160099561,0.6938673341503412,0.2448060075032589,0.06132665832136854,0.02803504380405419,4.616270337806852,0.06652591488629521
213.8,98.1,24.5,181.7,6.7,1066.0,785.5,100,0.8498596819059934,0.540130796654574,0.6355529131796804,0.2916171224645774,0.07282996432601575,0.019916765754461455,5.503864446923191,0.07646340950184545
387.0,20.0,94.0,157.0,11.6,938.0,845.0,3,0.405684754511481,0.313373253486759,0.772455089804941,0.039920159679841916,0.18762475049525698,0.02315369261430831,3.5588822354579066,0.06401369974694605
286.3,200.9,0.0,144.7,11.2,1004.6,803.7,28,0.5054139014842677,0.2970032840661534,0.5876436781488579,0.4123563218306166,0.0,0.022988505746654585,3.71161740550674,0.059027494492702004
375.0,0.0,0.0,186.0,0.0,1038.0,758.0,28,0.4959999999867733,0.4959999999867733,0.9999999999733333,0.0,0.0,0.0,4.789333333205618,0.07891387356776024
427.5,47.5,0.0,228.0,0.0,932.0,594.0,180,0.5333333333208576,0.47999999998989473,0.8999999999810526,0.09999999999789473,0.0,0.0,3.212631578879734,0.10228802153386143
310.0,0.0,0.0,192.0,0.0,1012.0,830.0,90,0.6193548386896982,0.6193548386896982,0.9999999999677419,0.0,0.0,0.0,5.941935483679292,0.08191126279828537
313.3,262.2,0.0,175.5,8.6,1046.9,611.8,3,0.5601659750858549,0.3049522154595143,0.5443961772277255,0.45560382275489825,0.0,0.014943527367246854,2.8821894004712045,0.07257164123527862
337.9,189.0,0.0,174.9,9.5,944.7,755.8,7,0.5176087599728438,0.33194154487887756,0.6412981590312906,0.35870184094973045,0.0,0.018029986714404443,3.227367621878395,0.07251845094919762
168.9,42.2,124.3,158.3,10.8,1080.8,796.2,3,0.9372409709332599,0.4719737626573651,0.5035778175162916,0.12581991651383959,0.3706022659400535,0.03220035778079307,5.596302921717462,0.06647071173602155
153.0,145.0,113.0,178.0,8.0,867.0,824.0,28,1.1633986927344184,0.43309002432036275,0.37226277371357025,0.35279805351939664,0.2749391727427022,0.01946472019417361,4.114355231043446,0.07779720279686278
165.0,128.5,132.1,175.1,8.1,1005.8,746.6,100,1.0612121211478052,0.411419172922664,0.3876879699157028,0.30192669172222913,0.31038533833857174,0.019031954886770862,4.117481202910773,0.07415720819890666
286.3,200.9,0.0,144.7,11.2,1004.6,803.7,7,0.5054139014842677,0.2970032840661534,0.5876436781488579,0.4123563218306166,0.0,0.022988505746654585,3.71161740550674,0.059027494492702004
