cement,blast_furnace_slag,fly_ash,water,superplasticizer,coarse_aggregate,fine_aggregate,age
2.436728242569357,-0.8376552104500453,-0.8758653940461449,-1.8728811291993348,3.7201057102684425,-1.5600589567639218,1.4873040622019065,-0.6790412603952891
1.8947312417833786,-0.8376552104500453,-0.8758653940461449,2.1322426067127767,-1.023025932335808,-0.5256725298402012,-2.2185646867593425,-0.614849705620708
-0.010441164176572267,-0.8376552104500453,0.6387113633319237,-0.9993738642904295,0.9616887266262546,0.016765408684252883,1.2634928364554978,-0.6790412603952891
1.5192803886634285,-0.8376552104500453,-0.8758653940461449,1.6676110828250608,-1.023025932335808,-1.7374193328447105,-0.6642513676254448,-0.2778440430541571
-1.072293192359405,2.070418583384608,-0.8758653940461449,0.9938953731878725,-1.023025932335808,0.03877363053369434,-0.9993499431905096,-0.614849705620708
0.3322780761072791,0.8441924233144403,-0.8758653940461449,-2.546596838836524,0.3225433279774547,0.3507725402816505,0.6031878941981386,-0.2778440430541571
0.16862001192678813,-0.8376552104500453,0.6107212384522466,-0.4929255032528188,0.47391986976269684,-0.22661963294485732,1.0607025545637248,0.877603942888303
-0.4272878805892347,-0.8376552104500453,0.5951711690746484,0.7337017198107517,-0.24932360765568193,-0.33148233705101704,0.9741457269269922,-0.6790412603952891
0.5084511687251019,-0.8376552104500453,-0.8758653940461449,0.459569120716999,-1.023025932335808,0.0698440613799635,0.6378106252528309,-0.614849705620708
0.05598475599080327,-0.6633102587813011,1.3166943881952067,-0.1444518603370318,-0.09794706587043983,-1.690813686575306,0.34104435906974806,-0.614849705620708
1.0475600860255427,-0.6051952748917198,0.5858411274480896,-1.166641212890007,1.314900657458486,-0.44799645272452754,0.8851158470720668,-0.2778440430541571
0.6143475631948314,-0.3959813328892267,-0.8758653940461449,2.1322426067127767,-1.023025932335808,-0.5256725298402012,-1.2788048438462463,3.6057450208080004
1.075478226385744,1.3590911805761317,-0.8758653940461449,-1.6823822044053716,2.677289533525664,-0.3612581666120247,-0.21786544224172538,0.1714968403679107
0.11759720368228202,-0.8376552104500453,0.6200512800788057,-0.6509002213746425,0.5580179485322757,-0.14764895454392216,1.1324210688913026,-0.6790412603952891
0.1917246798110931,-0.8376552104500453,0.7957670640456658,-0.8599844071241147,1.1298848841654123,-0.25121705736482036,0.13083492052339762,-0.2778440430541571
-0.40610860169528895,-0.8376552104500453,-0.8758653940461449,0.5524954254945422,-1.023025932335808,-0.05961606714615925,1.3797262907105383,-0.502514484765191
1.0475600860255427,-0.6051952748917198,0.5858411274480896,-1.166641212890007,1.3821791204741491,-0.44799645272452754,0.8851158470720668,-0.6790412603952891
-0.637155280538335,0.8046742342695252,-0.8758653940461449,0.9938953731878725,-1.023025932335808,0.010292402257946745,-0.2895839565693032,0.7171250559518502
0.18306042935447853,-0.8376552104500453,0.9512677578216482,-0.339597100369872,0.5748375642861915,0.6498254371769929,-0.24630554275093694,0.877603942888303
0.1715080954123263,-0.8376552104500453,-0.8758653940461449,0.1807902063843694,-1.023025932335808,1.5197975008725384,-0.054643995841029205,-0.2778440430541571
-0.30213759621591807,-0.8376552104500453,1.0694482850913947,-1.8031864006161775,0.995327958134086,1.4783702597441786,0.3398078329606516,-0.502514484765191
-0.30213759621591807,-0.8376552104500453,1.0694482850913947,-1.8031864006161775,0.995327958134086,1.4783702597441786,0.3398078329606516,-0.2778440430541571
-1.0896216932726337,-0.8376552104500453,1.4566450125935908,-0.005062403170717013,0.995327958134086,0.652414639747516,-0.5492544394795008,-0.2778440430541571
-0.009478469681393237,0.29907387443016686,-0.49488869429498805,-0.9947275490515527,0.8607710321027596,1.1534253371436116,0.11228702888695495,0.1714968403679107
0.9801714713629877,0.26652948345200134,-0.8758653940461449,2.1322426067127767,-1.023025932335808,-0.5256725298402012,-2.2185646867593425,-0.614849705620708
2.5204826636499615,-0.8376552104500453,-0.8758653940461449,-0.4232307746696614,-1.023025932335808,1.9729079507139682,-1.9836247260310682,0.7171250559518502
0.5228915861527923,0.8186218304030247,-0.8758653940461449,2.1322426067127767,-1.023025932335808,-0.5256725298402012,-2.2185646867593425,3.6057450208080004
0.3062853247374365,-0.8376552104500453,-0.8758653940461449,0.459569120716999,-1.023025932335808,-0.0337240414409347,0.9469421525268757,-0.614849705620708
0.9416636915558133,-0.8376552104500453,-0.8758653940461449,1.509636364703237,-1.023025932335808,0.3999673891215766,-0.1362547190413773,-0.2778440430541571
-1.0703678033690465,1.3358451870202992,2.1563981345855114,0.1343270539955978,0.1543471704382969,-0.9658369668290187,-1.6992237209389471,-0.2778440430541571
1.0042388337424717,-0.8376552104500453,-0.8758653940461449,0.1668512606677374,-1.023025932335808,0.9734757584922998,-0.4218922502425949,-0.614849705620708
-0.5707293603709592,-0.8376552104500453,1.0538982157137964,-1.0969464843068497,0.8775906478566756,1.3735075556380203,0.26561626641488084,-0.502514484765191
-1.07999474832084,2.180837052774813,-0.8758653940461449,0.05069337969580838,1.1130652684114963,-1.4733206706514204,0.6600680952165616,-0.2778440430541571
1.4037570492419056,-0.5819492813358872,1.1767437637968226,-0.1909150127258034,0.40664140674703364,-1.9497339436275516,-0.2895839565693032,-0.2778440430541571
-0.8296941795742068,2.5097678615898436,-0.8758653940461449,0.459569120716999,-1.023025932335808,-0.5541537581159488,-0.7087663075529076,0.7171250559518502
1.8947312417833786,-0.8376552104500453,-0.8758653940461449,2.1322426067127767,-1.023025932335808,-0.5256725298402012,-2.2185646867593425,3.6057450208080004
-0.1173002531414813,0.48736642223241067,-0.8758653940461449,2.1322426067127767,-1.023025932335808,-0.5256725298402012,-1.2788048438462463,5.130294446704302
-0.6323418080624382,-0.8376552104500453,0.6853615714647183,-1.0597759623958318,0.4402806382548651,0.4556352443878088,1.6097201470024278,-0.502514484765191
0.027103921135422506,-0.8376552104500453,-0.8758653940461449,0.1807902063843694,-1.023025932335808,1.7010416808091104,0.007182309613779744,-0.2778440430541571
-0.8460599859922558,-0.8376552104500453,1.0710032920291546,-0.938971766185026,0.6421160273018547,1.495200076452574,0.3608287768152872,-0.2778440430541571
1.9428659665423464,-0.8376552104500453,-0.8758653940461449,0.459569120716999,-1.023025932335808,-0.47129927585922904,-0.7569908258076583,-0.2778440430541571
0.5228915861527923,0.8186218304030247,-0.8758653940461449,2.1322426067127767,-1.023025932335808,-0.5256725298402012,-2.2185646867593425,5.130294446704302
-1.0607408584172529,-0.34832704609976994,1.6712359700044468,-2.8021441769747675,-0.06430783436260824,1.1145872985857748,0.08261040226864694,0.877603942888303
-0.25785364943766764,-0.8376552104500453,0.9637078133237267,0.5013859578668937,-0.04748821860869252,0.9191025045113277,-0.23641333387816807,0.1714968403679107
-1.1955180877423632,0.8360563255698991,0.8657423762448578,1.7605373876026038,0.6589356430557703,-0.6421866455137117,-1.4271879769377878,-0.2778440430541571
-1.135831029041243,1.3474681837982154,1.4006647628342372,0.9799564274712405,0.8775906478566756,-1.8629956575150488,-0.7879039785350628,-0.2778440430541571
1.4133839941936992,0.39786934704245525,-0.8758653940461449,-1.3292622462507078,1.7522106670602962,-1.5600589567639218,1.4056933390015585,-0.2778440430541571
0.5036376962492051,1.133605043084556,-0.8758653940461449,0.5943122626444369,0.33936294373137044,-2.0921400850062866,0.35711919848799784,-0.2778440430541571
1.0629631979484129,0.2909377766856254,-0.8758653940461449,-1.1248243757401124,1.0121475738880017,-1.5600589567639218,1.8829924171126837,-0.6790412603952891
0.07812672937992864,1.4974048422333355,-0.8758653940461449,-1.7381379872718983,0.8607710321027596,0.41420800325945034,0.37443056401534547,-0.6790412603952891
-0.011403858671751844,-0.8376552104500453,-0.8758653940461449,0.4131059683282274,-1.023025932335808,-0.05961606714615925,1.0211337190726464,-0.2778440430541571
0.4381744705770086,2.449328278344679,-0.8758653940461449,0.0785712711290724,0.7093944903175179,-0.3871501923172493,-1.4036939808649607,-0.6790412603952891
-0.25785364943766764,-0.8376552104500453,0.9637078133237267,0.2969480873562984,-0.04748821860869252,0.7223231091516235,-0.19437144616889684,0.877603942888303
0.20809048622914206,-0.8376552104500453,0.987032917390124,1.3656005922980452,0.6421160273018547,-1.222168021310741,-0.566565805006847,-0.2778440430541571
-1.0896216932726337,-0.8376552104500453,1.3571245685769622,-0.8506917766463596,-1.023025932335808,0.42715401611206266,1.5763339420568305,-0.2778440430541571
-1.6961192252356296,0.9406632965711457,-0.8758653940461449,0.459569120716999,-1.023025932335808,-1.1082431082077537,2.0845461728953603,-0.614849705620708
-0.22319664761121077,-0.8376552104500453,-0.8758653940461449,0.459569120716999,-1.023025932335808,-1.0719942722204399,2.121641956168246,-0.2778440430541571
-1.2186227556266678,-0.8376552104500453,0.864187369307098,0.1064491625623351,0.305723712223539,0.2510882413165354,0.5252867493250785,-0.2778440430541571
-0.964471408899317,0.671009771323488,0.9683728341370061,-0.10263502318713712,-0.4175197651948397,0.4491622379615026,-0.3291527920603815,0.877603942888303
-0.1173002531414813,0.48736642223241067,-0.8758653940461449,2.1322426067127767,-1.023025932335808,-0.5256725298402012,-1.2788048438462463,0.7171250559518502
-0.27133137237017874,-0.8376552104500453,0.6122762453900066,0.4502764902392452,-0.13158629737827143,-0.30688491263105405,1.0359720323818011,-0.502514484765191
1.0475600860255427,-0.6051952748917198,0.5858411274480896,-1.166641212890007,1.3821791204741491,-0.44799645272452754,0.8851158470720668,-0.614849705620708
0.39100244031322023,1.6322316048571643,-0.8758653940461449,-1.2270433109954106,1.3821791204741491,-1.5600589567639218,1.322846089692114,-0.614849705620708
-0.6496703089756668,2.8363740710492915,-0.8758653940461449,0.1668512606677374,-1.023025932335808,0.05689804852735123,-1.0401553047906844,-0.2778440430541571
1.6636845629403325,-0.8376552104500453,-0.8758653940461449,-0.7949359937798343,0.8775906478566756,0.7430367297158019,-0.35141026202411213,-0.2778440430541571
0.05598475599080327,0.5571044028999084,-0.8758653940461449,-0.6555465366135195,0.1543471704382969,-0.0337240414409347,0.2544875314330155,-0.2778440430541571
-0.9259636290921427,-0.31229575608822946,1.0212430700208401,-0.5533276013582225,0.35618255948528615,1.123649507582604,0.0900295589232243,-0.502514484765191
0.09449253579797762,1.3939601709098806,-0.8758653940461449,0.459569120716999,-1.023025932335808,-0.5256725298402012,-0.6877453636982733,0.7171250559518502
-1.0896216932726337,-0.8376552104500453,1.3571245685769622,-0.8506917766463596,-1.023025932335808,0.42715401611206266,1.5763339420568305,-0.6790412603952891
-1.3177802886301415,1.6264201064682062,-0.8758653940461449,0.9938953731878725,-1.023025932335808,-0.010421218306233193,-0.30813184820574585,-0.6790412603952891
-1.066517025388329,0.6721720710012796,1.1238735279129886,-0.30707289369773244,0.2889040964696231,0.43621622510889035,-0.331625844278573,-0.2778440430541571
-1.291787537260299,0.7430723513465688,0.7724419599792683,-0.1909150127258034,0.1543471704382969,-0.40915841416669074,0.007182309613779744,-0.2778440430541571
0.8126626292017795,1.3590911805761317,-0.8758653940461449,-0.7995823090187112,0.9280494951184228,-0.3612581666120247,-0.21786544224172538,-0.2778440430541571
-0.27133137237017874,-0.8376552104500453,0.6122762453900066,0.4502764902392452,-0.13158629737827143,-0.30688491263105405,1.0359720323818011,0.1714968403679107
-0.25785364943766764,-0.8376552104500453,0.9637078133237267,0.2969480873562984,-0.04748821860869252,0.7223231091516235,-0.19437144616889684,-0.6790412603952891
-0.6092371401781336,-0.2123379837981495,1.0196880630830805,-1.2316896262342876,0.5916571800401071,0.5397843279297886,0.08879303281412783,-0.2778440430541571
1.8947312417833786,-0.8376552104500453,-0.8758653940461449,2.1322426067127767,-1.023025932335808,-0.5256725298402012,-2.2185646867593425,-0.2778440430541571
-1.0790320538256608,-0.8376552104500453,1.6634609353156478,-0.2606097413089608,-0.2661432234095977,1.1132926973005117,0.08261040226864694,-0.502514484765191
-1.1858911427905696,1.289353199908634,-0.8758653940461449,0.5060322731057706,0.49073948551661256,-1.2377032367338765,1.1695168521641879,-0.2778440430541571
0.8126626292017795,1.3590911805761317,-0.8758653940461449,-0.7995823090187112,0.9280494951184228,-0.3612581666120247,-0.21786544224172538,-0.6790412603952891
-0.39744435123867466,0.22817359408487764,0.23596456645212915,3.0103961868605604,-0.013848987100860922,-1.5497021464818326,-0.9647272121358171,-0.2778440430541571
2.0487623610120758,-0.5354572942242221,1.0367931393984384,1.295905863714888,-0.36706091793309237,-1.172973172470815,-0.9202122722083544,-0.614849705620708
-0.7189843126285805,2.7108457058477953,-0.8758653940461449,0.9938953731878725,-1.023025932335808,-0.11916772626817602,-1.7734152874847178,0.7171250559518502
-0.631379113567259,-0.8376552104500453,0.6853615714647183,-1.055129647156955,0.7262141060714336,0.40385119297735966,1.6121931992206193,0.877603942888303
-0.25400287145695016,-0.8376552104500453,0.6775865367759192,-1.6730895739276177,1.0626064211497492,0.4323324212531073,1.5627321548567723,-0.2778440430541571
-0.6198267796251065,0.3025607734635417,-0.49488869429498805,-0.019001348887349022,0.10388832317654959,1.2090931924098438,0.1493828121598403,-0.502514484765191
0.027103921135422506,-0.8376552104500453,-0.8758653940461449,0.1343270539955978,-1.023025932335808,1.7010416808091104,0.007182309613779744,-0.2778440430541571
2.32794376461409,-0.8376552104500453,-0.8758653940461449,-0.5626202318359762,-0.14840591313218715,-1.5225155194913464,1.0087684579816847,-0.2778440430541571
1.6155498381813644,-0.5587032877800546,0.35259008678411596,-0.934325450946149,0.9280494951184228,-0.07256207999877154,-0.7594638780258511,-0.6790412603952891
-0.27133137237017874,-0.8376552104500453,0.6122762453900066,0.2458386197286499,-0.09794706587043983,-0.20331680981015582,1.0854330767456484,-0.2778440430541571
-1.248466284977228,0.7825905403914842,0.8128721403610237,0.4920933273891386,0.0029706286530548002,-1.0383346388036476,0.08137387615955048,-0.2778440430541571
2.4049593242284386,-0.8376552104500453,-0.8758653940461449,0.1343270539955978,0.1375275546843812,-0.6810246840715485,-0.6605417892981569,-0.2778440430541571
1.1438295355434787,-0.8376552104500453,-0.8758653940461449,0.1343270539955978,-1.023025932335808,0.8724968582419247,-0.4874281340246918,-0.2778440430541571
-1.012606133658285,0.5106124157882432,-0.8758653940461449,0.459569120716999,-1.023025932335808,-0.3340715396215401,1.0310259279454153,-0.2778440430541571
0.6817361778573865,-0.8376552104500453,-0.8758653940461449,0.459569120716999,-1.023025932335808,1.079633063883721,0.4399664477974424,-0.6790412603952891
-1.2051450326941566,0.34789046089741527,-0.8758653940461449,0.459569120716999,-1.023025932335808,-1.0952970953551413,2.0981479600954187,-0.6790412603952891
-0.40610860169528895,-0.8376552104500453,-0.8758653940461449,0.5524954254945422,-1.023025932335808,-0.05961606714615925,1.3797262907105383,-0.6790412603952891
0.5613993659599666,-0.8376552104500453,-0.8758653940461449,-0.009708718409593909,-0.4511589967026713,0.1708229616303387,0.5364154843069437,-0.2778440430541571
1.2208450951578274,-0.8376552104500453,-0.8758653940461449,-0.3303044698921182,-1.023025932335808,1.9081778864509067,-0.9696733165722016,-0.2778440430541571
0.9801714713629877,0.26652948345200134,-0.8758653940461449,2.1322426067127767,-1.023025932335808,-0.5256725298402012,-2.2185646867593425,-0.2778440430541571
0.975357998887091,0.9197419023708961,-0.8758653940461449,-1.3106769852951987,1.6512929725368015,2.093305870243262,-2.0825468147587625,0.7331729446454954
-0.7189843126285805,0.7395854523131938,-0.8758653940461449,0.1668512606677374,-1.023025932335808,1.3411425235064898,-0.17458702842335913,-0.614849705620708
-0.8460599859922558,-0.8376552104500453,1.0710032920291546,-0.7205949499577999,0.6421160273018547,1.3773913594938034,0.315077310778728,0.877603942888303
0.412181719207166,1.0685162611282246,-0.8758653940461449,0.3666428159394558,-0.18204514464001875,-1.3283253267021624,0.007182309613779744,-0.2778440430541571
-1.066517025388329,0.6721720710012796,1.1238735279129886,-0.30707289369773244,0.2889040964696231,0.43621622510889035,-0.331625844278573,-0.502514484765191
-1.1878165317809282,-0.8376552104500453,1.3446845130748837,0.5199712188224026,0.5075591012705283,-1.2351140341633533,1.1658072738368999,-0.2778440430541571
1.0042388337424717,-0.8376552104500453,-0.8758653940461449,0.1668512606677374,-1.023025932335808,0.9734757584922998,-0.4218922502425949,-0.2778440430541571
-0.011403858671751844,-0.8376552104500453,-0.8758653940461449,0.4131059683282274,-1.023025932335808,-0.05961606714615925,1.0211337190726464,2.1614350383799255
0.5854667283394506,-0.8376552104500453,-0.8758653940461449,0.691884882660857,-1.023025932335808,-0.05961606714615925,0.09373913725051226,5.130294446704302
-1.2340258675495375,1.91467042656053,-0.8758653940461449,-0.38606025275864364,0.9785083423801703,1.2518150348234638,-1.2194515906096304,-0.2778440430541571
-1.072293192359405,2.070418583384608,-0.8758653940461449,0.9938953731878725,-1.023025932335808,0.03877363053369434,-0.9993499431905096,0.7171250559518502
-1.2243989225977439,-0.8376552104500453,2.0008974408095295,-0.702009689002291,1.6681125882907173,1.3126612952307422,-1.179882755118552,-0.2778440430541571
-0.8152537621465165,2.535338454501259,-0.8758653940461449,0.1668512606677374,-1.023025932335808,0.3313535210027321,-0.8546763884262575,-0.2778440430541571
-0.40610860169528895,-0.8376552104500453,-0.8758653940461449,0.5060322731057706,-1.023025932335808,-0.05961606714615925,1.3797262907105383,2.1614350383799255
0.6817361778573865,-0.8376552104500453,-0.8758653940461449,0.459569120716999,-1.023025932335808,1.079633063883721,0.4399664477974424,1.1985617167612086
1.6155498381813644,-0.5587032877800546,0.35259008678411596,-0.934325450946149,0.7093944903175179,-0.07256207999877154,-0.7594638780258511,-0.2778440430541571
-1.2147719776459502,-0.8376552104500453,0.8657423762448578,0.0878639016068262,0.3225433279774547,0.2510882413165354,0.5265232754341749,-0.2778440430541571
-0.27133137237017874,-0.8376552104500453,0.6122762453900066,0.2458386197286499,-0.09794706587043983,-0.20331680981015582,1.0854330767456484,0.1714968403679107
-0.011403858671751844,-0.8376552104500453,-0.8758653940461449,0.4131059683282274,-1.023025932335808,-0.05961606714615925,1.0211337190726464,0.7171250559518502
2.5204826636499615,-0.8376552104500453,-0.8758653940461449,-0.4232307746696614,-1.023025932335808,1.9729079507139682,-1.9836247260310682,3.6057450208080004
-0.6198267796251065,0.3025607734635417,-0.49488869429498805,-0.019001348887349022,0.10388832317654959,1.2090931924098438,0.1493828121598403,-0.2778440430541571
0.39100244031322023,1.6322316048571643,-0.8758653940461449,-1.2270433109954106,1.3821791204741491,-1.5600589567639218,1.322846089692114,-0.6790412603952891
1.8947312417833786,0.5431568067664088,-0.8758653940461449,-0.04687924032061172,0.47391986976269684,-1.5600589567639218,0.09992176779599315,0.7331729446454954
-0.24918939898105336,-0.8376552104500453,0.660481460460561,-1.6637969434498627,1.3653595047202332,0.19671498733556322,1.4291873350743856,-0.2778440430541571
0.1715080954123263,-0.8376552104500453,0.7833270085435872,1.8255858009468844,0.7430337218253493,-1.9859827796148655,0.06158945841401133,-0.2778440430541571
-0.6227148631106447,-0.8376552104500453,1.8329566915314681,-1.278152778623059,0.9448691108723386,1.0317328163290551,0.025730201250222427,0.1714968403679107
-0.15677072744383524,0.4466859335097037,0.46299557936506336,0.6175438388388227,-0.18204514464001875,-1.0020858028163324,-0.504739499552038,-0.2778440430541571
-0.6092371401781336,-0.2123379837981495,1.0196880630830805,-1.2316896262342876,0.5916571800401071,0.5397843279297886,0.08879303281412783,0.877603942888303
0.9936491942954985,-0.8376552104500453,-0.8758653940461449,0.1668512606677374,-1.023025932335808,1.7088092885206765,0.13454449885068562,-0.2778440430541571
0.7780056273753223,-0.616818271669636,1.3166943881952067,-1.3060306700563218,0.8103121848410125,-0.3962124013140784,0.34104435906974806,0.1714968403679107
2.436728242569357,-0.8376552104500453,-0.8758653940461449,-1.8728811291993348,3.7201057102684425,-1.5600589567639218,1.4873040622019065,0.1714968403679107
0.5873921173298092,-0.8376552104500453,-0.8758653940461449,0.1668512606677374,-1.023025932335808,1.2505204335382036,-0.23641333387816807,-0.614849705620708
-0.029695054080159444,-0.8376552104500453,1.0119130283942814,-1.050483331918078,0.6421160273018547,1.0485626330374505,0.050460723432146005,-0.502514484765191
-1.1396818070219603,2.0680939840290247,-0.8758653940461449,-0.6369612756580105,1.0289671896419175,0.9928947777712183,-1.0537570919907413,-0.2778440430541571
-0.24726400999069476,-0.8376552104500453,-0.8758653940461449,0.1668512606677374,-1.023025932335808,1.7994313784889624,0.13454449885068562,-0.2778440430541571
2.5204826636499615,-0.8376552104500453,-0.8758653940461449,-0.934325450946149,-0.6025355384879133,0.8724968582419247,-1.2046132773004756,-0.2778440430541571
0.18306042935447853,-0.8376552104500453,0.9512677578216482,-0.339597100369872,0.5748375642861915,0.6498254371769929,-0.24630554275093694,-0.502514484765191
0.6817361778573865,-0.8376552104500453,-0.8758653940461449,0.459569120716999,-1.023025932335808,1.079633063883721,0.4399664477974424,0.7171250559518502
0.36500968894337765,1.6113102106569148,-0.8758653940461449,0.1668512606677374,-1.023025932335808,0.05689804852735123,-1.0401553047906844,-0.2778440430541571
-0.27133137237017874,-0.8376552104500453,-0.8758653940461449,-0.005062403170717013,-1.023025932335808,1.6492576293986612,0.575984319798022,-0.614849705620708
-0.051837027469284806,1.2765679034529263,-0.8758653940461449,0.1668512606677374,-1.023025932335808,0.5151869035098255,-0.7310237775166396,-0.614849705620708
2.0487623610120758,-0.5354572942242221,1.0367931393984384,1.295905863714888,-0.36706091793309237,-1.172973172470815,-0.9202122722083544,0.1714968403679107
-0.25207748246659156,-0.8376552104500453,-0.8758653940461449,0.1343270539955978,-1.023025932335808,1.7916637707773964,0.13083492052339762,-0.2778440430541571
-0.8037014282043642,-0.8376552104500453,0.6869165784024781,-0.7670581023465716,0.23844524920787583,0.4375108263941519,1.6381602475116395,-0.2778440430541571
0.9224098016522262,1.3614157799317148,-0.8758653940461449,-0.5579739165970994,0.6757552588096861,-0.6020540056706134,-0.20673670725985865,0.1714968403679107
-1.066517025388329,0.6721720710012796,1.1238735279129886,-0.30707289369773244,0.2889040964696231,0.43621622510889035,-0.331625844278573,0.1714968403679107
-1.0896216932726337,0.6558998755121968,1.1782987707345824,-0.3256581546532413,0.33936294373137044,0.4297432186825842,-0.331625844278573,0.1714968403679107
-0.8152537621465165,2.535338454501259,-0.8758653940461449,0.1668512606677374,-1.023025932335808,0.3313535210027321,-0.8546763884262575,-0.614849705620708
-1.1955180877423632,1.1847462289073876,2.0008974408095295,2.1322426067127767,0.1543471704382969,-1.6519756480174692,-1.9959899871220301,-0.2778440430541571
1.4133839941936992,0.39786934704245525,-0.8758653940461449,-1.3292622462507078,1.7522106670602962,-1.5600589567639218,1.4056933390015585,-0.614849705620708
-1.3813181253119795,-0.8376552104500453,1.700781101821883,-0.08869607747050642,0.6589356430557703,-0.1502381571144452,0.3892688773244987,-0.2778440430541571
-0.6361925860431558,-0.8376552104500453,1.0150230422698008,-0.0840497622316282,-0.06430783436260824,1.1003466844478995,0.07271819339587667,-0.502514484765191
-1.0520766079606387,-0.34716474642197825,1.0570082295893162,-1.1062391147846034,0.7934925690870968,1.4006941826285049,0.281691105833132,0.877603942888303
-1.3688030968746476,1.4404521580215457,0.6480414049584825,0.7848111874384002,-0.013848987100860922,-1.6260836223122448,0.11846965943243584,-0.2778440430541571
1.9910006913013145,-0.8376552104500453,-0.8758653940461449,-1.6777358891664946,-1.023025932335808,1.9081778864509067,0.32867909797878625,-0.2778440430541571
-0.25400287145695016,-0.8376552104500453,0.6775865367759192,-1.6730895739276177,1.0626064211497492,0.4323324212531073,1.5627321548567723,-0.502514484765191
1.836969572072617,0.5245600119217428,-0.8758653940461449,-2.0587337387544213,4.392890340425074,-1.5600589567639218,0.8294721721627387,0.1714968403679107
-0.24918939898105336,-0.8376552104500453,0.660481460460561,-1.6637969434498627,1.3653595047202332,0.19671498733556322,1.4291873350743856,-0.6790412603952891
-0.40610860169528895,-0.8376552104500453,-0.8758653940461449,0.5524954254945422,-1.023025932335808,-0.05961606714615925,1.3797262907105383,-0.2778440430541571
-0.6227148631106447,-0.8376552104500453,1.8329566915314681,-1.278152778623059,0.9448691108723386,1.0317328163290551,0.025730201250222427,-0.502514484765191
0.3380542430783555,2.2098945447196034,-0.8758653940461449,-0.30707289369773244,0.42346102250094936,0.9618243469249506,-1.998463039340223,0.7331729446454954
-1.018382300629361,-0.6795824542703839,1.8049665666517916,-1.1759338433677609,-0.3334216864252609,0.43621622510889035,1.026079823509031,0.1714968403679107
-0.40610860169528895,-0.8376552104500453,-0.8758653940461449,0.5524954254945422,-1.023025932335808,-0.05961606714615925,1.3797262907105383,0.7171250559518502
1.190038871312088,0.2630425844186265,-0.8758653940461449,-1.6126874758222143,0.8944102636105914,-0.3340715396215401,0.9729092008178958,0.1714968403679107
0.09449253579797762,1.3939601709098806,-0.8758653940461449,0.459569120716999,-1.023025932335808,-0.5256725298402012,-0.6877453636982733,-0.614849705620708
-0.5370350530396817,-0.8376552104500453,0.6278263147676049,0.33411860926731624,-0.2661432234095977,-0.07126747871351001,1.1979569526733995,0.877603942888303
1.437451356573183,-0.28556286349902205,-0.8758653940461449,2.1322426067127767,-1.023025932335808,-0.5256725298402012,-2.2185646867593425,-0.2778440430541571
0.33420346509763776,1.0278357724055178,-0.8758653940461449,-0.20950027368131233,0.5916571800401071,-0.72504112777043,-0.1721139762051662,-0.2778440430541571
-0.8460599859922558,-0.8376552104500453,1.0710032920291546,-0.938971766185026,0.6421160273018547,1.495200076452574,0.3608287768152872,0.1714968403679107
-1.3331834005530117,1.067353961450433,1.1098784654731502,2.536472032495089,-0.04748821860869252,-1.3464497446958192,-1.4568646035560957,-0.2778440430541571
0.9994253612665749,-0.8376552104500453,-0.8758653940461449,0.1807902063843694,-1.023025932335808,0.9631189482102106,-0.4256018285698829,-0.2778440430541571
-0.4272878805892347,-0.8376552104500453,0.5951711690746484,0.7337017198107517,-0.24932360765568193,-0.33148233705101704,0.9741457269269922,0.877603942888303
1.4037570492419056,-0.5819492813358872,1.1767437637968226,-0.6555465366135195,0.47391986976269684,-1.9497339436275516,-0.2895839565693032,0.1714968403679107
1.5481612235188094,1.2196152192411365,-0.8758653940461449,0.1807902063843694,0.843951416348844,-1.1354297351982396,-0.8101614484987948,0.1714968403679107
-0.8037014282043642,-0.8376552104500453,0.6869165784024781,-0.7670581023465716,0.23844524920787583,0.4375108263941519,1.6381602475116395,0.1714968403679107
0.9801714713629877,0.26652948345200134,-0.8758653940461449,2.1322426067127767,-1.023025932335808,-0.5256725298402012,-2.2185646867593425,5.130294446704302
2.3471976545176774,-0.8376552104500453,-0.8758653940461449,-1.6777358891664946,-1.023025932335808,-0.9917289925342432,1.5157441627111181,-0.614849705620708
-1.63546947203933,1.0499194662835587,-0.8758653940461449,0.9938953731878725,-1.023025932335808,-0.4454072501540045,0.9345768914359139,0.7171250559518502
1.4133839941936992,0.39786934704245525,-0.8758653940461449,-1.4268348662671277,2.105422597892528,-0.4738884784297521,0.37443056401534547,-0.6790412603952891
0.2610386834640068,1.5276246338559178,-0.8758653940461449,0.9938953731878725,-1.023025932335808,-0.09327570056295147,-1.761050026393756,0.7171250559518502
-0.25111478797141223,0.2909377766856254,0.29971985090028186,0.5432027950167885,0.3730021752392022,-1.7749627701172859,0.5932956853253682,-0.2778440430541571
-0.631379113567259,-0.8376552104500453,0.6853615714647183,-1.055129647156955,0.7262141060714336,0.40385119297735966,1.6121931992206193,0.1714968403679107
1.4133839941936992,0.39786934704245525,-0.8758653940461449,-1.3292622462507078,1.7522106670602962,-1.5600589567639218,1.4056933390015585,0.7331729446454954
0.4218086641589596,-0.8376552104500453,-0.8758653940461449,0.9706637969934866,-1.023025932335808,0.018060009969514405,0.32867909797878625,-0.502514484765191
-0.6323418080624382,-0.8376552104500453,0.6853615714647183,-1.0597759623958318,0.4402806382548651,0.4556352443878088,1.6097201470024278,0.877603942888303
-0.38589201729652245,-0.8376552104500453,0.5873961343858493,0.213314413056509,0.1543471704382969,-0.29393889977844173,0.9098463692539903,-0.6790412603952891
2.0487623610120758,-0.5354572942242221,1.0367931393984384,1.295905863714888,-0.36706091793309237,-1.172973172470815,-0.9202122722083544,-0.6790412603952891
0.412181719207166,-0.8376552104500453,1.1145434862864296,-0.005062403170717013,0.8271318005949282,-1.3283253267021624,0.08137387615955048,-0.2778440430541571
1.0629631979484129,0.2909377766856254,-0.8758653940461449,-1.1248243757401124,1.0121475738880017,-1.5600589567639218,1.8829924171126837,0.1714968403679107
0.09834331377869483,0.5687273996778246,-0.8758653940461449,-0.21879290415906613,0.1543471704382969,-0.8376714395881574,0.693454300162159,-0.2778440430541571
-1.1377564180316015,2.0680939840290247,-0.8758653940461449,-0.6555465366135195,0.995327958134086,0.9890109739154351,-1.0562301442089341,-0.2778440430541571
-0.46387027140605047,-0.8376552104500453,0.9637078133237267,0.6221901540776996,-0.24932360765568193,0.7352691220042357,-0.18324271118703153,-0.6790412603952891
1.437451356573183,-0.28556286349902205,-0.8758653940461449,2.1322426067127767,-1.023025932335808,-0.5256725298402012,-2.2185646867593425,5.130294446704302
0.1926873743062721,-0.8376552104500453,0.7879920293568666,1.2819669179982558,0.843951416348844,-1.2040436033170843,-0.361302470896881,-0.2778440430541571
0.3380542430783555,2.2098945447196034,-0.8758653940461449,-0.30707289369773244,0.42346102250094936,0.9618243469249506,-1.998463039340223,-0.2778440430541571
-1.3014144822120925,1.1266312450178062,1.3477945269504032,0.4131059683282274,0.3225433279774547,-0.07256207999877154,-1.6126668933022146,-0.2778440430541571
1.8947312417833786,-0.8376552104500453,-0.8758653940461449,2.1322426067127767,-1.023025932335808,-0.5256725298402012,-2.2185646867593425,5.130294446704302
-0.3849293228013432,1.00807667788306,-0.8758653940461449,0.1668512606677374,-1.023025932335808,0.8802644659534908,-0.48371855569740385,-0.614849705620708
-0.17506192285224284,0.336267464119499,0.33704001740651773,-0.5161570794472047,0.6589356430557703,-0.4738884784297521,-0.12883556238679994,-0.2778440430541571
-0.7526786199598581,-0.8376552104500453,-0.8758653940461449,-0.09798870794826021,-1.023025932335808,1.9729079507139682,0.8851158470720668,-0.614849705620708
-0.15580803294865567,0.4524974318986618,0.46144057242730363,0.5989585778833139,-0.18204514464001875,-1.0046750053868554,-0.4997933951156536,-0.2778440430541571
0.9801714713629877,-0.8376552104500453,-0.8758653940461449,2.1322426067127767,-1.023025932335808,-0.5256725298402012,-1.2788048438462463,5.130294446704302
-0.40610860169528895,0.9871552836828107,-0.8758653940461449,0.459569120716999,-1.023025932335808,-6.440802414248876e-05,-0.30071269155116853,-0.6790412603952891
1.6155498381813644,-0.5587032877800546,0.35259008678411596,-0.934325450946149,0.9280494951184228,-0.07256207999877154,-0.7594638780258511,-0.2778440430541571
-0.218383175135314,1.1417411408290974,-0.8758653940461449,0.1668512606677374,-1.023025932335808,0.699020286016919,-0.6073711666070217,-0.614849705620708
-0.2694059833798201,1.1010606521063904,-0.8758653940461449,0.9938953731878725,-1.023025932335808,0.0646656562389189,-0.980802051554067,0.7171250559518502
0.5854667283394506,-0.8376552104500453,-0.8758653940461449,0.1343270539955978,-1.023025932335808,1.2479312309676807,-0.24012291220545603,-0.614849705620708
-0.053762416459643414,-0.8376552104500453,0.5174208221866572,0.7708722417217683,0.759853337579265,-0.5347347388370304,-0.1387277712595688,-0.2778440430541571
-0.5774682218372149,-0.2030395863758164,1.049233194900517,-1.9193442815881065,0.9785083423801703,1.3346695170801834,0.23841269201476575,0.1714968403679107
-0.848948069477794,1.370714177354048,-0.8758653940461449,2.1322426067127767,-1.023025932335808,-0.5256725298402012,-1.2788048438462463,2.1614350383799255
-0.637155280538335,0.8046742342695252,-0.8758653940461449,0.9938953731878725,-1.023025932335808,0.010292402257946745,-0.2895839565693032,-0.6790412603952891
-0.22319664761121077,-0.8376552104500453,-0.8758653940461449,0.459569120716999,-1.023025932335808,-1.0719942722204399,2.121641956168246,0.7171250559518502
-1.2523170629579454,-0.8376552104500453,1.2482740829337744,-1.1155317452623585,1.6849322040446333,0.37795916727213513,0.7008734568167364,-0.2778440430541571
-1.5613419959105195,1.1731232321294713,-0.8758653940461449,0.459569120716999,-1.023025932335808,-0.8130740151681943,1.4650465922381743,0.7171250559518502
-0.9317397960632188,-0.8376552104500453,1.720996192012761,-0.5812054927914851,0.2552648649617915,1.074454658742675,0.05417030175943398,0.877603942888303
-0.6496703089756668,2.8363740710492915,-0.8758653940461449,0.1668512606677374,-1.023025932335808,0.05689804852735123,-1.0401553047906844,-0.614849705620708
0.1715080954123263,-0.8376552104500453,-0.8758653940461449,0.1807902063843694,-1.023025932335808,1.5197975008725384,-0.054643995841029205,-0.614849705620708
-1.278309814327788,-0.8376552104500453,1.90604201760618,0.9102616988880831,0.2889040964696231,-1.9238419179223272,1.1781725349278618,-0.2778440430541571
-0.011403858671751844,0.5199108132105762,0.5391909193152948,0.3945207073727185,0.1543471704382969,-0.3379553434773232,-1.3332119926464778,-0.2778440430541571
0.5084511687251019,1.1382542417957224,-0.8758653940461449,0.5989585778833139,0.3225433279774547,-2.0921400850062866,0.3534096201607098,-0.2778440430541571
1.6155498381813644,-0.5587032877800546,0.35259008678411596,-0.934325450946149,0.9280494951184228,-0.07256207999877154,-0.7594638780258511,-0.2778440430541571
0.9801714713629877,0.26652948345200134,-0.8758653940461449,2.1322426067127767,-1.023025932335808,-0.5256725298402012,-2.2185646867593425,0.7171250559518502
-1.3688030968746476,1.0452702675723922,1.0834433475312333,-0.46969392705843305,0.6589356430557703,-0.6421866455137117,-0.11647030129583814,-0.2778440430541571
1.4037570492419056,-0.5819492813358872,1.1767437637968226,-0.6555465366135195,0.47391986976269684,-1.9497339436275516,-0.2895839565693032,-0.2778440430541571
0.36500968894337765,1.6113102106569148,-0.8758653940461449,0.1668512606677374,-1.023025932335808,0.05689804852735123,-1.0401553047906844,-0.614849705620708
-1.1464206684882159,1.3323582879869242,-0.8758653940461449,-0.3024265784588555,0.8775906478566756,0.22001781047026622,0.19142469986911012,-0.2778440430541571
1.1438295355434787,-0.6377396658698853,1.5810455676143769,-0.702009689002291,2.475454144478675,-0.07256207999877154,-1.7363195042118325,-0.2778440430541571
0.975357998887091,0.9197419023708961,-0.8758653940461449,-1.3106769852951987,1.6512929725368015,2.093305870243262,-2.0825468147587625,-0.6790412603952891
-0.1173002531414813,0.48736642223241067,-0.8758653940461449,2.1322426067127767,-1.023025932335808,-0.5256725298402012,-1.2788048438462463,3.6057450208080004
-1.0077926611823882,-0.2553430718764397,1.8220716429671495,-0.804228624257588,0.07024909166871798,0.4349216238236303,0.24830490088753462,0.877603942888303
-1.0520766079606387,-0.34716474642197825,1.0570082295893162,-1.1062391147846034,0.7934925690870968,1.4006941826285049,0.281691105833132,-0.2778440430541571
0.16862001192678813,-0.8376552104500453,0.6107212384522466,-0.4929255032528188,0.47391986976269684,-0.22661963294485732,1.0607025545637248,-0.6790412603952891
2.2894359848069157,-0.8376552104500453,-0.8758653940461449,-0.934325450946149,0.35618255948528615,-2.2216002135324096,0.3534096201607098,-0.2778440430541571
0.9416636915558133,-0.8376552104500453,-0.8758653940461449,1.509636364703237,-1.023025932335808,0.3999673891215766,-0.1362547190413773,0.877603942888303
-1.0973232492340688,-0.8376552104500453,2.2357034884112625,-0.042232925081734825,1.0962456526575806,-1.596307792751237,0.8974811081630285,-0.2778440430541571
0.11759720368228202,-0.8376552104500453,0.6200512800788057,-0.6509002213746425,0.5580179485322757,-0.14764895454392216,1.1324210688913026,0.1714968403679107
1.437451356573183,-0.28556286349902205,-0.8758653940461449,2.1322426067127767,-1.023025932335808,-0.5256725298402012,-2.2185646867593425,3.6057450208080004
-0.6361925860431558,-0.8376552104500453,1.0150230422698008,-0.0840497622316282,-0.06430783436260824,1.1003466844478995,0.07271819339587667,-0.2778440430541571
0.5277050586286891,-0.6342527668365104,1.658795914502368,-0.702009689002291,1.987685287615117,0.3028722927269845,-1.5013795434835586,-0.2778440430541571
-0.733424730056271,-0.7098022458929663,1.3166943881952067,1.1100532541598014,-0.7370924645192395,-0.3962124013140784,0.34104435906974806,0.1714968403679107
0.22926976512308786,-0.8376552104500453,-0.8758653940461449,0.9706637969934866,-1.023025932335808,0.018060009969514405,0.5388885365251367,-0.2778440430541571
-0.38589201729652245,-0.8376552104500453,0.5873961343858493,0.213314413056509,0.1543471704382969,-0.29393889977844173,0.9098463692539903,0.1714968403679107
0.5854667283394506,-0.8376552104500453,-0.8758653940461449,0.691884882660857,-1.023025932335808,-0.05961606714615925,0.09373913725051226,-0.614849705620708
0.5084511687251019,-0.8376552104500453,-0.8758653940461449,0.459569120716999,-1.023025932335808,0.6783066654527405,0.5883495808889838,-0.614849705620708
-0.011403858671751844,-0.8376552104500453,-0.8758653940461449,0.4131059683282274,-1.023025932335808,-0.05961606714615925,1.0211337190726464,-0.502514484765191
-0.48312416130963765,3.1385719872751148,-0.8758653940461449,0.1668512606677374,-1.023025932335808,-0.21755742394802963,-1.2256342211551112,-0.2778440430541571
-0.7189843126285805,2.7108457058477953,-0.8758653940461449,0.9938953731878725,-1.023025932335808,-0.11916772626817602,-1.7734152874847178,-0.6790412603952891
0.16188115046053272,-0.8376552104500453,-0.8758653940461449,0.1343270539955978,-1.023025932335808,1.2479312309676807,-0.054643995841029205,-0.2778440430541571
-0.8422092080115385,-0.8376552104500453,1.0741133059046744,-0.9296791357072721,0.2889040964696231,1.5197975008725384,0.37814014234263343,-0.502514484765191
-1.2051450326941566,0.34789046089741527,-0.8758653940461449,0.459569120716999,-1.023025932335808,-1.0952970953551413,2.0981479600954187,-0.2778440430541571
-1.072293192359405,2.070418583384608,-0.8758653940461449,0.9938953731878725,-1.023025932335808,0.03877363053369434,-0.9993499431905096,-0.2778440430541571
-0.011403858671751844,-0.8376552104500453,-0.8758653940461449,0.4131059683282274,-1.023025932335808,-0.05961606714615925,1.0211337190726464,-0.6790412603952891
0.5277050586286891,-0.8376552104500453,-0.8758653940461449,0.459569120716999,-1.023025932335808,-0.5360293401222904,0.8554392204537588,-0.2778440430541571
-0.8037014282043642,-0.8376552104500453,0.6869165784024781,-0.5533276013582225,0.23844524920787583,0.32876431843220905,1.587462677038696,-0.6790412603952891
-0.5370350530396817,-0.8376552104500453,0.6278263147676049,0.33411860926731624,-0.2661432234095977,-0.07126747871351001,1.1979569526733995,0.1714968403679107
-0.4465417704928219,-0.8376552104500453,1.0150230422698008,-0.37676762228088984,0.10388832317654959,1.0848114690247672,0.0628259845231078,0.1714968403679107
-1.1666372528869824,1.905372029138197,-0.8758653940461449,0.459569120716999,-1.023025932335808,-0.4816560861413198,0.09621218946870519,-0.2778440430541571
0.3351661595928173,0.8476793223478154,-0.8758653940461449,-0.1909150127258034,0.3225433279774547,0.38054836984265816,-1.0438648831179724,-0.2778440430541571
-1.63546947203933,1.0499194662835587,-0.8758653940461449,0.9938953731878725,-1.023025932335808,-0.4454072501540045,0.9345768914359139,-0.614849705620708
-0.4253624915988761,0.9755322869048945,-0.8758653940461449,0.3201796635506842,-0.030668602854776645,0.10868209993780034,-0.16593134565968531,-0.2778440430541571
-1.018382300629361,-0.6795824542703839,1.8049665666517916,-1.1759338433677609,-0.3334216864252609,0.43621622510889035,1.026079823509031,-0.2778440430541571
0.9320367466040198,0.25258188731850173,-0.8758653940461449,-2.579121045508664,2.912764154080485,-1.5600589567639218,2.710228384098027,-0.6790412603952891
1.836969572072617,0.5245600119217428,-0.8758653940461449,-2.0587337387544213,4.392890340425074,-1.5600589567639218,0.8294721721627387,-0.2778440430541571
-1.0385988850281276,0.9697207885159363,-0.8758653940461449,0.1668512606677374,-1.023025932335808,0.699020286016919,-0.6073711666070217,-0.614849705620708
-0.8296941795742068,2.5097678615898436,-0.8758653940461449,0.459569120716999,-1.023025932335808,-0.5541537581159488,-0.7087663075529076,-0.2778440430541571
-0.8460599859922558,-0.8376552104500453,1.0710032920291546,-0.7205949499577999,0.6421160273018547,1.3773913594938034,0.315077310778728,-0.6790412603952891
1.075478226385744,1.3590911805761317,-0.8758653940461449,-1.6823822044053716,2.677289533525664,-0.3612581666120247,-0.21786544224172538,-0.614849705620708
1.0629631979484129,0.2909377766856254,-0.8758653940461449,-1.1248243757401124,1.0121475738880017,-1.5600589567639218,1.8829924171126837,-0.2778440430541571
-0.27133137237017874,-0.8376552104500453,0.6122762453900066,0.4502764902392452,-0.13158629737827143,-0.30688491263105405,1.0359720323818011,-0.2778440430541571
-0.3868547117917018,-0.8376552104500453,-0.8758653940461449,0.1807902063843694,-1.023025932335808,1.8952318735982945,0.1926612259782066,-0.614849705620708
1.6155498381813644,-0.5587032877800546,0.35259008678411596,-0.934325450946149,0.9280494951184228,-0.07256207999877154,-0.7594638780258511,0.1714968403679107
-1.0896216932726337,0.6558998755121968,1.1782987707345824,-0.3256581546532413,0.33936294373137044,0.4297432186825842,-0.331625844278573,-0.2778440430541571
0.9320367466040198,0.25258188731850173,-0.8758653940461449,-2.579121045508664,2.912764154080485,-1.5600589567639218,2.710228384098027,-0.614849705620708
-1.1839657538002109,1.2998138970087587,1.3509045408259226,0.5432027950167885,0.524378717024444,-1.2040436033170843,-0.9263949027538353,-0.2778440430541571
0.3380542430783555,2.2098945447196034,-0.8758653940461449,-0.30707289369773244,0.42346102250094936,0.9618243469249506,-1.998463039340223,-0.614849705620708
-0.5774682218372149,-0.2030395863758164,1.049233194900517,-1.9193442815881065,0.9785083423801703,1.3346695170801834,0.23841269201476575,-0.502514484765191
0.4160324971878832,-0.8376552104500453,1.11298847934867,0.01816917302366879,0.9112298793645072,-1.327030725416901,0.0776642978322625,-0.2778440430541571
0.4651299164420308,-0.8376552104500453,1.2684891731246524,0.7848111874384002,0.7934925690870968,-2.220305612247148,0.23593963979657284,-0.2778440430541571
-1.284085981298864,-0.8376552104500453,1.2016238748009798,-0.06081818603724241,0.843951416348844,0.08926308065888193,0.47087960052484684,-0.2778440430541571
-1.0992486382244273,1.0568932643503084,1.1145434862864296,0.691884882660857,0.3225433279774547,-0.1502381571144452,-1.6373974154841382,-0.2778440430541571
0.2774044898820558,-0.8376552104500453,-0.8758653940461449,0.5060322731057706,-1.023025932335808,-0.05961606714615925,0.47706223107032775,2.1614350383799255
1.1727103703988595,-0.8376552104500453,-0.8758653940461449,0.227253358773141,-1.023025932335808,0.6783066654527405,-0.35141026202411213,-0.2778440430541571
1.836969572072617,0.5245600119217428,-0.8758653940461449,-2.0587337387544213,4.392890340425074,-1.5600589567639218,0.8294721721627387,-0.614849705620708
-0.7661563428923692,0.7012295629460703,-0.8758653940461449,0.459569120716999,-1.023025932335808,0.07502246652100812,0.6439932557983119,-0.2778440430541571
-1.0896216932726337,0.6558998755121968,1.1782987707345824,-0.3256581546532413,0.33936294373137044,0.4297432186825842,-0.331625844278573,-0.502514484765191
-0.3714515998688321,3.3396498315330656,-0.8758653940461449,0.1668512606677374,-1.023025932335808,-0.40139080645512304,-1.349286832064729,-0.2778440430541571
0.9801714713629877,-0.8376552104500453,-0.8758653940461449,2.1322426067127767,-1.023025932335808,-0.5256725298402012,-1.2788048438462463,2.1614350383799255
-0.3916681842675986,1.9228065243050714,-0.8758653940461449,2.1322426067127767,-1.023025932335808,-0.5256725298402012,-2.2185646867593425,5.130294446704302
-0.6227148631106447,-0.8376552104500453,1.8329566915314681,-1.278152778623059,0.9448691108723386,1.0317328163290551,0.025730201250222427,0.877603942888303
-0.4272878805892347,-0.8376552104500453,0.5951711690746484,0.7337017198107517,-0.24932360765568193,-0.33148233705101704,0.9741457269269922,-0.2778440430541571
0.7780056273753223,-0.616818271669636,1.3166943881952067,-1.3060306700563218,0.8103121848410125,-0.3962124013140784,0.34104435906974806,-0.2778440430541571
-1.3784300418264412,-0.8376552104500453,1.7054461226351627,-0.09798870794826021,0.6589356430557703,-0.1502381571144452,0.3905054034335952,-0.2778440430541571
0.2774044898820558,-0.8376552104500453,-0.8758653940461449,0.5060322731057706,-1.023025932335808,-0.05961606714615925,0.47706223107032775,0.7171250559518502
0.5084511687251019,-0.8376552104500453,-0.8758653940461449,0.459569120716999,-1.023025932335808,-1.2118112110286519,0.6378106252528309,-0.6790412603952891
0.4381744705770086,2.449328278344679,-0.8758653940461449,0.0785712711290724,0.7093944903175179,-0.3871501923172493,-1.4036939808649607,-0.614849705620708
-1.0077926611823882,-0.2553430718764397,1.8220716429671495,-0.804228624257588,0.07024909166871798,0.4349216238236303,0.24830490088753462,0.1714968403679107
-0.8422092080115385,-0.8376552104500453,1.0741133059046744,-0.9296791357072721,0.2889040964696231,1.5197975008725384,0.37814014234263343,0.1714968403679107
-0.6227148631106447,-0.8376552104500453,1.8329566915314681,-1.06442227763471,0.9448691108723386,0.9191025045113277,-0.018784738677240294,0.877603942888303
-0.8460599859922558,-0.8376552104500453,1.0710032920291546,-0.7205949499577999,0.6421160273018547,1.3773913594938034,0.315077310778728,-0.2778440430541571
0.6817361778573865,-0.8376552104500453,-0.8758653940461449,0.459569120716999,-1.023025932335808,0.9631189482102106,0.402870664524557,-0.2778440430541571
-1.2532797574531247,-0.8376552104500453,1.9542472326767346,-0.051525555559488616,1.4999164307515596,-1.729651725133143,1.3673610296195766,-0.2778440430541571
0.2610386834640068,1.5276246338559178,-0.8758653940461449,0.9938953731878725,-1.023025932335808,-0.09327570056295147,-1.761050026393756,-0.6790412603952891
-0.8422092080115385,-0.8376552104500453,1.0741133059046744,-0.9296791357072721,0.2889040964696231,1.5197975008725384,0.37814014234263343,-0.2778440430541571
-1.0896216932726337,-0.8376552104500453,1.3571245685769622,-0.8506917766463596,-1.023025932335808,0.42715401611206266,1.5763339420568305,-0.502514484765191
-0.2694059833798201,1.1010606521063904,-0.8758653940461449,0.9938953731878725,-1.023025932335808,0.0646656562389189,-0.980802051554067,-0.6790412603952891
0.4218086641589596,-0.8376552104500453,-0.8758653940461449,0.9706637969934866,-1.023025932335808,0.018060009969514405,0.32867909797878625,-0.2778440430541571
-1.216697366636309,1.2324005156968443,1.2809292286267306,-0.6787781128079052,2.0549637506307805,-0.3703203756088539,-0.974619421008586,-0.2778440430541571
-0.8296941795742068,2.5097678615898436,-0.8758653940461449,0.459569120716999,-1.023025932335808,-0.5541537581159488,-0.7087663075529076,-0.614849705620708
-1.0896216932726337,0.6558998755121968,1.1782987707345824,-0.3256581546532413,0.33936294373137044,0.4297432186825842,-0.331625844278573,-0.6790412603952891
-0.051837027469284806,0.3839217509089557,0.396130281041391,1.2819669179982558,0.49073948551661256,-0.888160889713345,-1.1588618112639164,-0.2778440430541571
1.1727103703988595,-0.8376552104500453,-0.8758653940461449,0.227253358773141,-1.023025932335808,0.6783066654527405,-0.35141026202411213,-0.614849705620708
-0.25785364943766764,-0.8376552104500453,0.9637078133237267,0.2969480873562984,0.053429475914802266,0.7223231091516235,-0.19437144616889684,-0.2778440430541571
-0.5774682218372149,-0.2030395863758164,1.049233194900517,-1.9193442815881065,0.9785083423801703,1.3346695170801834,0.23841269201476575,-0.6790412603952891
0.9801714713629877,-0.8376552104500453,-0.8758653940461449,2.1322426067127767,-1.023025932335808,-0.5256725298402012,-1.2788048438462463,0.7171250559518502
-1.63546947203933,1.0499194662835587,-0.8758653940461449,0.9938953731878725,-1.023025932335808,-0.4454072501540045,0.9345768914359139,-0.2778440430541571
-0.6207894741202861,-0.8376552104500453,1.8407317262202672,-1.2688601481453041,0.6925748745636018,1.0472680317521903,0.036858936232087754,0.877603942888303
0.5084511687251019,-0.8376552104500453,-0.8758653940461449,0.459569120716999,-1.023025932335808,0.0698440613799635,0.6378106252528309,-0.2778440430541571
-0.38589201729652245,-0.8376552104500453,0.5873961343858493,0.213314413056509,0.1543471704382969,-0.29393889977844173,0.9098463692539903,-0.2778440430541571
-0.8422092080115385,-0.8376552104500453,1.0741133059046744,-0.9296791357072721,0.2889040964696231,1.5197975008725384,0.37814014234263343,0.877603942888303
0.748162098024762,-0.8376552104500453,1.3260244298217656,0.5199712188224026,0.8271318005949282,-2.216421808391365,0.06158945841401133,-0.2778440430541571
-1.334146095048191,1.5962003148456239,-0.8758653940461449,0.459569120716999,-1.023025932335808,0.9631189482102106,0.41399939950642234,-0.6790412603952891
1.8947312417833786,-0.8376552104500453,0.04158869923215118,-1.8635884987215812,-0.7034532330114079,1.6233656036934367,-1.6373974154841382,-0.2778440430541571
-0.40610860169528895,0.9871552836828107,-0.8758653940461449,0.459569120716999,-1.023025932335808,-6.440802414248876e-05,-0.30071269155116853,-0.2778440430541571
-1.1570103079351888,-0.8376552104500453,2.1563981345855114,1.7605373876026038,0.8271318005949282,-0.9658369668290187,-0.7470986169348894,-0.2778440430541571
-0.6092371401781336,-0.2123379837981495,1.0196880630830805,-1.2316896262342876,0.5916571800401071,0.5397843279297886,0.08879303281412783,-0.6790412603952891
-0.6227148631106447,-0.8376552104500453,1.8329566915314681,-1.06442227763471,0.9448691108723386,0.9191025045113277,-0.018784738677240294,0.1714968403679107
0.08486559084618403,0.5687273996778246,0.5858411274480896,0.2737165111619126,0.49073948551661256,-0.888160889713345,-0.9573080554812398,-0.2778440430541571
-1.3302953170674734,1.0685162611282246,1.1145434862864296,2.5504109782117212,-0.013848987100860922,-1.3412713395547746,-1.4519184991197114,-0.2778440430541571
-1.0607408584172529,-0.34832704609976994,1.6712359700044468,-2.8021441769747675,-0.06430783436260824,1.1145872985857748,0.08261040226864694,0.1714968403679107
0.2610386834640068,1.5276246338559178,-0.8758653940461449,0.9938953731878725,-1.023025932335808,-0.09327570056295147,-1.761050026393756,-0.614849705620708
1.8947312417833786,0.5431568067664088,-0.8758653940461449,-0.04687924032061172,0.47391986976269684,-1.5600589567639218,0.09992176779599315,-0.614849705620708
0.305322630242257,0.8221087294363997,0.8533023207427792,-0.6648391670912732,2.6941091492795803,-0.7599953624724837,-1.5112717523563275,-0.2778440430541571
-0.848948069477794,1.370714177354048,-0.8758653940461449,2.1322426067127767,-1.023025932335808,-0.5256725298402012,-1.2788048438462463,-0.2778440430541571
-1.497804159228682,1.2998138970087587,-0.8758653940461449,0.9938953731878725,-1.023025932335808,-0.18648699310175898,0.3299156240878827,0.7171250559518502
-0.010441164176572267,-0.8376552104500453,0.6387113633319237,-0.9993738642904295,0.9616887266262546,0.016765408684252883,1.2634928364554978,0.877603942888303
-1.2147719776459502,1.2312382160190527,1.2855942494400103,-0.6555465366135195,2.004504903369033,-0.3703203756088539,-0.9696733165722016,-0.2778440430541571
-1.0896216932726337,-0.8376552104500453,1.3571245685769622,-0.8506917766463596,-1.023025932335808,0.42715401611206266,1.5763339420568305,0.877603942888303
1.190038871312088,0.2630425844186265,-0.8758653940461449,-1.6126874758222143,0.8944102636105914,-0.3340715396215401,0.9729092008178958,0.7331729446454954
1.8947312417833786,0.5431568067664088,-0.8758653940461449,-0.04687924032061172,0.47391986976269684,-1.5600589567639218,0.09992176779599315,-0.6790412603952891
0.6913631228091801,-0.8376552104500453,-0.8758653940461449,0.9706637969934866,-1.023025932335808,0.018060009969514405,0.019547570704741533,-0.502514484765191
-0.25785364943766764,-0.8376552104500453,0.9637078133237267,0.5013859578668937,-0.04748821860869252,0.9191025045113277,-0.23641333387816807,0.877603942888303
-0.46387027140605047,-0.8376552104500453,0.9637078133237267,0.6221901540776996,-0.24932360765568193,0.7352691220042357,-0.18324271118703153,0.1714968403679107
-1.0520766079606387,-0.34716474642197825,1.0570082295893162,-1.1062391147846034,0.7934925690870968,1.4006941826285049,0.281691105833132,-0.502514484765191
-0.631379113567259,-0.8376552104500453,0.6853615714647183,-1.055129647156955,0.7262141060714336,0.40385119297735966,1.6121931992206193,-0.502514484765191
1.4037570492419056,-0.5819492813358872,1.1767437637968226,-0.1909150127258034,0.40664140674703364,-1.9497339436275516,-0.2895839565693032,0.1714968403679107
1.190038871312088,0.2630425844186265,-0.8758653940461449,-1.6126874758222143,0.8944102636105914,-0.3340715396215401,0.9729092008178958,-0.2778440430541571
0.01747697618362892,0.6617113739011549,0.679141543713679,-0.46969392705843305,0.49073948551661256,-1.9108959050697147,0.3905054034335952,-0.2778440430541571
1.1053217557363044,-0.8376552104500453,-0.8758653940461449,0.459569120716999,-1.023025932335808,-0.41433681930773536,0.15061933826893678,-0.2778440430541571
0.4218086641589596,-0.8376552104500453,-0.8758653940461449,0.9706637969934866,-1.023025932335808,0.018060009969514405,0.32867909797878625,2.1614350383799255
-0.23282359256300436,-0.8376552104500453,-0.8758653940461449,0.7383480350496286,-1.023025932335808,-0.05961606714615925,1.107690546709379,2.1614350383799255
0.3380542430783555,2.2098945447196034,-0.8758653940461449,-0.30707289369773244,0.42346102250094936,0.9618243469249506,-1.998463039340223,0.1714968403679107
0.39100244031322023,1.6322316048571643,-0.8758653940461449,-1.2270433109954106,1.3821791204741491,-1.5600589567639218,1.322846089692114,-0.2778440430541571
0.739497847568148,-0.616818271669636,0.6324913355808842,-1.7241990415552664,1.1803437314271596,-0.07256207999877154,1.2066126354370732,-0.2778440430541571
0.3062853247374365,-0.8376552104500453,-0.8758653940461449,0.459569120716999,-1.023025932335808,0.5100084983687809,0.6996369307076399,-0.6790412603952891
-0.7661563428923692,0.7012295629460703,-0.8758653940461449,0.459569120716999,-1.023025932335808,0.07502246652100812,0.6439932557983119,-0.6790412603952891
-0.7526786199598581,0.70820336101282,-0.8758653940461449,0.459569120716999,-1.023025932335808,-0.09327570056295147,0.40534371674274994,-0.614849705620708
-1.3967212372348492,1.6054987122679567,-0.8758653940461449,0.6314827845554534,-0.5016178439644186,-0.3004119062047479,0.2705623708512653,-0.2778440430541571
0.5373320035804826,-0.6330904671587189,1.5810455676143769,0.3201796635506842,1.5503752780133069,-0.07256207999877154,-1.7363195042118325,-0.2778440430541571
-0.9259636290921427,-0.31229575608822946,1.0212430700208401,-0.5533276013582225,0.35618255948528615,1.123649507582604,0.0900295589232243,0.1714968403679107
0.6817361778573865,-0.8376552104500453,-0.8758653940461449,0.459569120716999,-1.023025932335808,0.9631189482102106,0.41399939950642234,-0.6790412603952891
-0.5707293603709592,-0.8376552104500453,1.0538982157137964,-1.0969464843068497,0.8775906478566756,1.3735075556380203,0.26561626641488084,0.877603942888303
-1.0790320538256608,-0.8376552104500453,1.6634609353156478,-0.2606097413089608,-0.2661432234095977,1.1132926973005117,0.08261040226864694,-0.6790412603952891
-0.16639767239562883,0.33045596573054087,0.34170503821979714,0.8591522312604345,0.42346102250094936,-1.3995283973915298,-0.14738345402324263,-0.2778440430541571
-1.2532797574531247,1.1963692256853038,-0.8758653940461449,-0.5161570794472047,-0.6866336172574922,0.3546563441374336,0.6749064085257164,-0.2778440430541571
1.0283061961219557,-0.8376552104500453,-0.8758653940461449,0.1807902063843694,-1.023025932335808,-0.0855080928513838,-0.12883556238679994,-0.6790412603952891
-0.9317397960632188,-0.8376552104500453,1.720996192012761,-0.5812054927914851,0.2552648649617915,1.074454658742675,0.05417030175943398,0.1714968403679107
-0.27133137237017874,-0.8376552104500453,0.6122762453900066,0.4502764902392452,-0.13158629737827143,-0.30688491263105405,1.0359720323818011,0.877603942888303
-0.7526786199598581,0.70820336101282,-0.8758653940461449,0.459569120716999,-1.023025932335808,-0.09327570056295147,0.40534371674274994,-0.2778440430541571
-0.24918939898105336,-0.8376552104500453,0.660481460460561,-1.6637969434498627,1.3653595047202332,0.19671498733556322,1.4291873350743856,0.877603942888303
-0.6092371401781336,-0.2123379837981495,1.0196880630830805,-1.2316896262342876,0.5916571800401071,0.5397843279297886,0.08879303281412783,-0.502514484765191
-0.40610860169528895,-0.8376552104500453,-0.8758653940461449,0.5060322731057706,-1.023025932335808,-0.05961606714615925,1.3797262907105383,-0.614849705620708
-1.2089958106748742,1.9367541204385708,-0.8758653940461449,0.8312743398271718,0.036609860160886395,0.37795916727213513,-1.1069277146818777,-0.2778440430541571
1.836969572072617,0.5245600119217428,-0.8758653940461449,-2.0587337387544213,4.392890340425074,-1.5600589567639218,0.8294721721627387,0.7331729446454954
0.5748770888924775,1.3590911805761317,-0.8758653940461449,-0.33495078513099513,0.5748375642861915,-0.3612581666120247,-0.21786544224172538,-0.2778440430541571
2.3760784893730578,-0.8376552104500453,-0.8758653940461449,0.3201796635506842,-1.023025932335808,1.9729079507139682,-1.9836247260310682,-0.6790412603952891
-1.1377564180316015,1.3474681837982154,1.3944447350831979,0.9706637969934866,0.8271318005949282,-1.8591118536592657,-0.7841944002077748,-0.2778440430541571
0.5228915861527923,0.8186218304030247,-0.8758653940461449,2.1322426067127767,-1.023025932335808,-0.5256725298402012,-2.2185646867593425,2.1614350383799255
0.9416636915558133,-0.8376552104500453,-0.8758653940461449,1.509636364703237,-1.023025932335808,0.3999673891215766,-0.1362547190413773,0.1714968403679107
-1.243652812501331,0.5292092106329092,0.5500759678796137,0.03675443397917769,0.17116678619221262,-0.2486278547942988,0.08508345448683845,-0.2778440430541571
0.5748770888924775,1.3590911805761317,-0.8758653940461449,-0.33495078513099513,0.5748375642861915,-0.3612581666120247,-0.21786544224172538,0.1714968403679107
1.0475600860255427,-0.6051952748917198,0.5858411274480896,-1.166641212890007,1.3821791204741491,-0.44799645272452754,0.8851158470720668,0.1714968403679107
-1.018382300629361,-0.6795824542703839,1.8049665666517916,-1.1759338433677609,-0.3334216864252609,0.43621622510889035,1.026079823509031,-0.502514484765191
-1.6961192252356296,0.9406632965711457,-0.8758653940461449,0.459569120716999,-1.023025932335808,-1.1082431082077537,2.0845461728953603,0.7171250559518502
-0.6207894741202861,-0.8376552104500453,1.8407317262202672,-1.2688601481453041,0.6925748745636018,1.0472680317521903,0.036858936232087754,-0.6790412603952891
1.8947312417833786,-0.8376552104500453,-0.8758653940461449,2.1322426067127767,-1.023025932335808,-0.5256725298402012,-2.2185646867593425,2.1614350383799255
-1.1473833629833952,0.8941713094594805,0.9279426537552508,-0.3303044698921182,1.4999164307515596,-0.2538062599353434,-0.6605417892981569,-0.2778440430541571
0.4218086641589596,0.8941713094594805,-0.8758653940461449,0.1807902063843694,0.3225433279774547,-0.279698285640568,-0.7965596612987366,-0.2778440430541571
-0.1173002531414813,0.4641204286765781,0.47699064180490186,-0.1909150127258034,0.6589356430557703,-0.8104848125976714,-0.35141026202411213,-0.2778440430541571
-0.25785364943766764,-0.8376552104500453,0.9637078133237267,0.5013859578668937,-0.04748821860869252,0.9191025045113277,-0.23641333387816807,-0.502514484765191
1.1438295355434787,-0.8376552104500453,-0.8758653940461449,0.1668512606677374,-1.023025932335808,0.8802644659534908,-0.48371855569740385,-0.2778440430541571
-0.0499116384789262,-0.8376552104500453,0.5236408499376966,0.7848111874384002,0.8271318005949282,-0.5386185426928135,-0.14120082347776172,-0.2778440430541571
1.8947312417833786,-0.8376552104500453,-0.8758653940461449,2.1322426067127767,-1.023025932335808,-0.5256725298402012,-2.2185646867593425,0.7171250559518502
-0.8422092080115385,-0.8376552104500453,1.0741133059046744,-0.9296791357072721,0.2889040964696231,1.5197975008725384,0.37814014234263343,-0.6790412603952891
-0.4465417704928219,-0.8376552104500453,1.0150230422698008,-0.37676762228088984,0.10388832317654959,1.0848114690247672,0.0628259845231078,-0.6790412603952891
-1.407310876681822,1.5683051225786249,1.6276957757471715,-0.1444518603370318,-0.18204514464001875,-1.3671633652599993,-0.46269761184276825,-0.2778440430541571
0.6913631228091801,-0.8376552104500453,-0.8758653940461449,0.9706637969934866,-1.023025932335808,0.018060009969514405,0.019547570704741533,0.7171250559518502
0.1715080954123263,-0.8376552104500453,-0.8758653940461449,0.459569120716999,-1.023025932335808,1.4550674366094771,-0.10410504020487636,-0.2778440430541571
-1.1473833629833952,1.5915511161344573,1.6276957757471715,0.8777374922159434,0.1543471704382969,-1.6131376094596324,-1.2911701049372082,-0.2778440430541571
0.8126626292017795,1.3590911805761317,-0.8758653940461449,-0.7995823090187112,0.9280494951184228,-0.3612581666120247,-0.21786544224172538,0.7331729446454954
0.16862001192678813,-0.8376552104500453,0.6107212384522466,-0.4929255032528188,0.47391986976269684,-0.22661963294485732,1.0607025545637248,-0.2778440430541571
0.9320367466040198,-0.8376552104500453,-0.8758653940461449,0.1807902063843694,-1.023025932335808,0.8466048325367002,-0.19066186784160888,-0.614849705620708
-0.24726400999069476,-0.8376552104500453,-0.8758653940461449,0.1668512606677374,-1.023025932335808,1.7994313784889624,0.13454449885068562,-0.614849705620708
0.2446728770459578,0.7884020387804425,-0.8758653940461449,1.4585268970755885,0.01979024440697067,-0.9982019989605493,-0.6296286365707524,-0.2778440430541571
0.6143475631948314,-0.3959813328892267,-0.8758653940461449,2.1322426067127767,-1.023025932335808,-0.5256725298402012,-1.2788048438462463,5.130294446704302
1.4133839941936992,0.39786934704245525,-0.8758653940461449,-1.3292622462507078,1.7522106670602962,-1.5600589567639218,1.4056933390015585,0.1714968403679107
-0.6207894741202861,-0.8376552104500453,1.8407317262202672,-1.2688601481453041,0.6925748745636018,1.0472680317521903,0.036858936232087754,-0.2778440430541571
-0.25785364943766764,-0.8376552104500453,0.9637078133237267,0.2969480873562984,0.053429475914802266,0.7223231091516235,-0.19437144616889684,-0.6790412603952891
0.1917246798110931,-0.8376552104500453,0.7879920293568666,0.1993754673398783,0.0029706286530548002,-1.2118112110286519,0.516631066561406,-0.2778440430541571
0.9252978851377643,-0.8376552104500453,-0.8758653940461449,0.3759354464172096,0.10388832317654959,0.5255437137919162,-0.5319430739521546,-0.2778440430541571
-0.8460599859922558,-0.8376552104500453,1.0710032920291546,-0.938971766185026,0.6421160273018547,1.495200076452574,0.3608287768152872,-0.6790412603952891
2.436728242569357,-0.8376552104500453,-0.8758653940461449,-1.8728811291993348,3.7201057102684425,-1.5600589567639218,1.4873040622019065,-0.2778440430541571
0.6913631228091801,-0.8376552104500453,-0.8758653940461449,0.1807902063843694,-1.023025932335808,1.0019569867680473,-0.042278734750067416,-0.2778440430541571
-0.5120049961650184,-0.8376552104500453,-0.8758653940461449,-0.051525555559488616,-1.023025932335808,1.8175557964826208,0.7367327139805253,-0.2778440430541571
-0.6361925860431558,-0.8376552104500453,1.0150230422698008,-0.0840497622316282,-0.06430783436260824,1.1003466844478995,0.07271819339587667,-0.6790412603952891
-0.24918939898105336,-0.8376552104500453,0.660481460460561,-1.6637969434498627,1.3653595047202332,0.19671498733556322,1.4291873350743856,-0.502514484765191
0.1907619853159135,-0.8376552104500453,0.7879920293568666,-0.8413991461686059,1.1635241156732439,-0.2538062599353434,0.13083492052339762,-0.2778440430541571
0.1811350403641199,-0.8376552104500453,-0.8758653940461449,0.1807902063843694,-1.023025932335808,0.8724968582419247,-0.4874281340246918,-0.614849705620708
0.3351661595928173,-0.8376552104500453,0.8812924456224561,-0.1909150127258034,0.3225433279774547,0.38054836984265816,-1.0438648831179724,-0.2778440430541571
-1.1666372528869824,1.905372029138197,-0.8758653940461449,0.459569120716999,-1.023025932335808,-0.4816560861413198,0.09621218946870519,-0.6790412603952891
-1.1666372528869824,1.905372029138197,-0.8758653940461449,0.459569120716999,-1.023025932335808,-0.4816560861413198,0.09621218946870519,-0.614849705620708
0.5277050586286891,-0.8376552104500453,-0.8758653940461449,0.459569120716999,-1.023025932335808,-0.5360293401222904,0.8554392204537588,-0.6790412603952891
-1.407310876681822,1.5624936241896668,1.6261407688094118,-0.1490981755759087,-0.09794706587043983,-1.3684579665452608,-0.4676437162791527,-0.2778440430541571
1.437451356573183,-0.28556286349902205,-0.8758653940461449,2.1322426067127767,-1.023025932335808,-0.5256725298402012,-2.2185646867593425,-0.614849705620708
-1.1878165317809282,1.2940023986198006,-0.8758653940461449,0.5199712188224026,0.5075591012705283,0.9682973533512567,-0.948652372717566,-0.2778440430541571
1.5481612235188094,1.2196152192411365,-0.8758653940461449,0.1807902063843694,0.843951416348844,-1.1354297351982396,-0.8101614484987948,0.7331729446454954
-1.2243989225977439,-0.8376552104500453,1.985347371431931,-0.702009689002291,0.995327958134086,0.2381422284639231,-0.017548212568143835,-0.2778440430541571
-0.8037014282043642,-0.8376552104500453,0.6869165784024781,-0.7670581023465716,0.23844524920787583,0.4375108263941519,1.6381602475116395,-0.502514484765191
-1.334146095048191,1.5962003148456239,-0.8758653940461449,0.459569120716999,-1.023025932335808,0.9631189482102106,0.41399939950642234,0.7171250559518502
1.1053217557363044,-0.8376552104500453,-0.8758653940461449,0.459569120716999,-1.023025932335808,-0.41433681930773536,0.15061933826893678,0.7171250559518502
-0.3916681842675986,1.9228065243050714,-0.8758653940461449,2.1322426067127767,-1.023025932335808,-0.5256725298402012,-2.2185646867593425,-0.614849705620708
0.18883659632555488,0.7570199474800683,0.7864370224191068,0.8916764379325754,-0.013848987100860922,-1.2195788187402195,-1.4605741818833853,-0.2778440430541571
0.4218086641589596,-0.8376552104500453,0.9279426537552508,0.6454217302720854,0.6589356430557703,-2.0015179950380007,0.4894274921612895,-0.2778440430541571
1.9428659665423464,-0.8376552104500453,-0.8758653940461449,0.459569120716999,-1.023025932335808,-0.47129927585922904,-0.7569908258076583,0.7171250559518502
0.1907619853159135,-0.8376552104500453,0.7879920293568666,0.1807902063843694,-0.013848987100860922,-1.2118112110286519,0.5141580143432131,-0.2778440430541571
2.0487623610120758,-0.5354572942242221,1.0367931393984384,0.8777374922159434,-0.36706091793309237,-1.9497339436275516,-0.9202122722083544,-0.6790412603952891
-0.010441164176572267,-0.8376552104500453,0.6387113633319237,-0.9993738642904295,0.9616887266262546,0.016765408684252883,1.2634928364554978,0.1714968403679107
2.1354048655782183,-0.8376552104500453,-0.8758653940461449,0.8312743398271718,-1.023025932335808,1.9729079507139682,-1.9836247260310682,-0.7111370377825796
-1.5613419959105195,1.1731232321294713,-0.8758653940461449,0.459569120716999,-1.023025932335808,-0.8130740151681943,1.4650465922381743,-0.6790412603952891
-0.27133137237017874,-0.8376552104500453,0.6122762453900066,0.2458386197286499,-0.09794706587043983,-0.20331680981015582,1.0854330767456484,-0.6790412603952891
0.9801714713629877,0.26652948345200134,-0.8758653940461449,2.1322426067127767,-1.023025932335808,-0.5256725298402012,-2.2185646867593425,3.6057450208080004
0.3062853247374365,-0.8376552104500453,-0.8758653940461449,0.459569120716999,-1.023025932335808,-0.0337240414409347,0.9469421525268757,-0.2778440430541571
-1.066517025388329,0.6721720710012796,1.1238735279129886,-0.30707289369773244,0.2889040964696231,0.43621622510889035,-0.331625844278573,0.877603942888303
-1.3120041216590654,1.098736052750807,1.1409786042283465,-0.39999919847527565,0.8103121848410125,-1.1652055647592474,0.1469097599416474,-0.2778440430541571
1.0283061961219557,-0.8376552104500453,1.2389440413072155,-1.1201780605012355,2.3408972184473487,-0.9011069025659573,-0.06700925693199099,-0.2778440430541571
-0.27133137237017874,-0.8376552104500453,0.6122762453900066,0.2458386197286499,-0.09794706587043983,-0.20331680981015582,1.0854330767456484,0.877603942888303
0.5228915861527923,0.8186218304030247,-0.8758653940461449,2.1322426067127767,-1.023025932335808,-0.5256725298402012,-2.2185646867593425,0.7171250559518502
-1.1512341409641127,0.893009009781689,0.9279426537552508,-0.3256581546532413,1.4999164307515596,-0.24992245607956032,-0.6642513676254448,-0.2778440430541571
-1.1377564180316015,0.6500883771232386,1.0212430700208401,-0.005062403170717013,0.053429475914802266,-1.9238419179223272,1.3055347241647677,-0.2778440430541571
1.0475600860255427,-0.6051952748917198,0.5858411274480896,-1.166641212890007,0.9280494951184228,-0.44799645272452754,0.8851158470720668,-0.614849705620708
0.3062853247374365,0.8221087294363997,-0.8758653940461449,-0.6601928518523963,0.6589356430557703,-0.754816957331439,0.37814014234263343,-0.2778440430541571
0.3351661595928173,0.8476793223478154,-0.8758653940461449,-0.1909150127258034,0.3225433279774547,-1.3671633652599993,0.6254453641618692,-0.2778440430541571
0.6817361778573865,-0.8376552104500453,-0.8758653940461449,0.459569120716999,-1.023025932335808,1.079633063883721,0.4399664477974424,-0.614849705620708
-0.02103080362354543,0.5106124157882432,0.5236408499376966,-0.09798870794826021,0.49073948551661256,-1.3283253267021624,-0.06700925693199099,-0.2778440430541571
-0.8460599859922558,-0.8376552104500453,1.0710032920291546,-0.938971766185026,0.6421160273018547,1.495200076452574,0.3608287768152872,0.877603942888303
-1.243652812501331,1.905372029138197,-0.8758653940461449,-0.2838413175033466,1.1635241156732439,-1.6260836223122448,1.4786483794382326,-0.2778440430541571
-1.243652812501331,0.5338584093440758,0.554740988692893,0.04140074921805459,0.1543471704382969,-0.2538062599353434,0.08137387615955048,-0.2778440430541571
0.7780056273753223,-0.616818271669636,1.3166943881952067,-1.3060306700563218,0.8103121848410125,-0.3962124013140784,0.34104435906974806,-0.614849705620708
-1.2253616170929231,-0.8376552104500453,1.9837923644941713,-0.7205949499577999,0.9280494951184228,0.24073143103444616,-0.015075160349950914,-0.2778440430541571
-1.0992486382244273,-0.8376552104500453,2.2341484814735026,-0.051525555559488616,1.1635241156732439,-1.6001915966070202,0.8974811081630285,-0.2778440430541571
0.5854667283394506,-0.8376552104500453,-0.8758653940461449,0.691884882660857,-1.023025932335808,-0.05961606714615925,0.09373913725051226,2.1614350383799255
0.25622521098811,-0.8376552104500453,0.6729215159626396,0.6454217302720854,0.6252964115479389,-0.17095177767862513,-0.8435476534443908,-0.2778440430541571
-0.5370350530396817,-0.8376552104500453,0.6278263147676049,0.33411860926731624,-0.2661432234095977,-0.07126747871351001,1.1979569526733995,-0.2778440430541571
0.5084511687251019,-0.8376552104500453,-0.8758653940461449,0.459569120716999,-1.023025932335808,0.6783066654527405,0.5883495808889838,1.1985617167612086
0.39100244031322023,1.6322316048571643,-0.8758653940461449,-1.2270433109954106,1.3821791204741491,-1.5600589567639218,1.322846089692114,0.7331729446454954
-1.012606133658285,0.5106124157882432,-0.8758653940461449,0.459569120716999,-1.023025932335808,-0.3340715396215401,1.0310259279454153,0.7171250559518502
0.5084511687251019,-0.8376552104500453,-0.8758653940461449,0.459569120716999,-1.023025932335808,0.6783066654527405,0.5883495808889838,-0.2778440430541571
0.1715080954123263,-0.8376552104500453,-0.8758653940461449,0.459569120716999,-1.023025932335808,1.4550674366094771,-0.10410504020487636,0.7171250559518502
0.9320367466040198,0.25258188731850173,-0.8758653940461449,-2.579121045508664,2.912764154080485,-1.5600589567639218,2.710228384098027,-0.2778440430541571
-0.27133137237017874,-0.8376552104500453,0.6122762453900066,0.2458386197286499,-0.09794706587043983,-0.20331680981015582,1.0854330767456484,-0.502514484765191
-1.5613419959105195,1.1731232321294713,-0.8758653940461449,0.459569120716999,-1.023025932335808,-0.8130740151681943,1.4650465922381743,-0.614849705620708
1.5481612235188094,1.2196152192411365,-0.8758653940461449,0.1807902063843694,0.843951416348844,-1.1354297351982396,-0.8101614484987948,-0.614849705620708
-1.0896216932726337,-0.8376552104500453,1.3571245685769622,-0.8506917766463596,-1.023025932335808,0.42715401611206266,1.5763339420568305,0.1714968403679107
-0.8037014282043642,-0.8376552104500453,0.6869165784024781,-0.5533276013582225,0.23844524920787583,0.32876431843220905,1.587462677038696,-0.2778440430541571
0.16188115046053272,-0.8376552104500453,-0.8758653940461449,0.1343270539955978,-1.023025932335808,1.2479312309676807,-0.054643995841029205,-0.614849705620708
-0.40610860169528895,-0.8376552104500453,-0.8758653940461449,0.5060322731057706,-1.023025932335808,-0.05961606714615925,1.3797262907105383,5.130294446704302
-0.25207748246659156,-0.8376552104500453,-0.8758653940461449,0.1807902063843694,-1.023025932335808,1.7916637707773964,0.13083492052339762,-0.614849705620708
-0.9076724336837348,0.5873241945224906,-0.8758653940461449,0.9938953731878725,-1.023025932335808,-0.17354098024914671,0.32867909797878625,-0.614849705620708
0.4381744705770086,2.449328278344679,-0.8758653940461449,0.0785712711290724,0.7093944903175179,-0.3871501923172493,-1.4036939808649607,-0.2778440430541571
0.24852365502667503,0.045692544671591985,-0.8758653940461449,2.1322426067127767,-1.023025932335808,-0.5256725298402012,-1.2788048438462463,0.7171250559518502
2.436728242569357,-0.8376552104500453,-0.8758653940461449,-1.8728811291993348,3.7201057102684425,-1.5600589567639218,1.4873040622019065,0.7331729446454954
-0.8460599859922558,-0.8376552104500453,1.0710032920291546,-0.7205949499577999,0.6421160273018547,1.3773913594938034,0.315077310778728,-0.502514484765191
-1.2523170629579454,-0.8376552104500453,1.9558022396144943,-0.03294029460397971,1.4999164307515596,-1.7309463264184044,1.3710706079468644,-0.2778440430541571
-0.6207894741202861,0.3025607734635417,-0.49488869429498805,-0.019001348887349022,0.1375275546843812,1.2065039898393208,0.14814628605074387,-0.2778440430541571
-0.9076724336837348,0.5873241945224906,-0.8758653940461449,0.9938953731878725,-1.023025932335808,-0.17354098024914671,0.32867909797878625,-0.2778440430541571
-0.16543497790044925,0.32464446734158275,0.33704001740651773,0.8777374922159434,0.49073948551661256,-1.4060014038178361,-0.1535660845687235,-0.2778440430541571
0.34479310454461093,-0.8376552104500453,0.8812924456224561,-0.5626202318359762,0.6589356430557703,-0.6162946198084871,0.11846965943243584,-0.2778440430541571
-0.1173002531414813,0.48736642223241067,-0.8758653940461449,2.1322426067127767,-1.023025932335808,-0.5256725298402012,-1.2788048438462463,-0.2778440430541571
0.24852365502667503,0.7895643384582339,-0.8758653940461449,1.4817584732699742,-0.013848987100860922,-1.0046750053868554,-0.6358112671162333,-0.2778440430541571
-0.3916681842675986,1.9228065243050714,-0.8758653940461449,2.1322426067127767,-1.023025932335808,-0.5256725298402012,-2.2185646867593425,-0.2778440430541571
1.6155498381813644,-0.5587032877800546,0.35259008678411596,-0.934325450946149,0.9280494951184228,-0.07256207999877154,-0.7594638780258511,-0.6790412603952891
-0.9076724336837348,0.5873241945224906,-0.8758653940461449,0.9938953731878725,-1.023025932335808,-0.17354098024914671,0.32867909797878625,0.7171250559518502
-0.25785364943766764,-0.8376552104500453,0.9637078133237267,0.2969480873562984,-0.04748821860869252,0.7223231091516235,-0.19437144616889684,0.1714968403679107
-0.24918939898105336,-0.8376552104500453,0.660481460460561,-1.6637969434498627,1.3653595047202332,0.19671498733556322,1.4291873350743856,0.1714968403679107
0.9994253612665749,-0.8376552104500453,-0.8758653940461449,0.1807902063843694,-1.023025932335808,1.7916637707773964,0.13083492052339762,-0.614849705620708
-0.8855304602946097,0.6047586896893651,-0.8758653940461449,0.1668512606677374,-1.023025932335808,1.4343538160452987,-0.11276072296855018,-0.2778440430541571
-1.1666372528869824,1.905372029138197,-0.8758653940461449,0.459569120716999,-1.023025932335808,-0.4816560861413198,0.09621218946870519,0.7171250559518502
-0.3868547117917018,-0.8376552104500453,-0.8758653940461449,0.1807902063843694,-1.023025932335808,1.8952318735982945,0.1926612259782066,-0.2778440430541571
2.1354048655782183,-0.8376552104500453,-0.8758653940461449,0.8312743398271718,-1.023025932335808,1.9729079507139682,-1.9836247260310682,-0.6790412603952891
-0.9317397960632188,-0.8376552104500453,1.720996192012761,-0.5812054927914851,0.2552648649617915,1.074454658742675,0.05417030175943398,-0.2778440430541571
-0.03065774857533902,-0.8376552104500453,-0.8758653940461449,0.04140074921805459,-1.023025932335808,1.493905475167314,0.42760118670648056,-0.2778440430541571
-0.279995622826793,-0.8376552104500453,0.660481460460561,-1.1155317452623585,1.1298848841654123,0.19671498733556322,1.4291873350743856,-0.2778440430541571
-1.0703678033690465,0.03871874660484228,1.720996192012761,-0.8413991461686059,0.305723712223539,0.4491622379615026,-0.041042208640970954,-0.2778440430541571
1.0629631979484129,0.2909377766856254,-0.8758653940461449,-1.1248243757401124,1.0121475738880017,-1.5600589567639218,1.8829924171126837,0.7331729446454954
2.3760784893730578,-0.8376552104500453,-0.8758653940461449,0.3201796635506842,-1.023025932335808,1.9729079507139682,-1.9836247260310682,-0.502514484765191
-0.2694059833798201,1.1010606521063904,-0.8758653940461449,0.9938953731878725,-1.023025932335808,0.0646656562389189,-0.980802051554067,-0.614849705620708
-1.2821605923085055,-0.8376552104500453,1.9075970245439398,0.9242006446047151,0.3225433279774547,-1.9238419179223272,1.1818821132551498,-0.2778440430541571
-1.371691180360186,1.5276246338559178,-0.8758653940461449,0.1668512606677374,-1.023025932335808,1.3411425235064898,-0.17458702842335913,-0.614849705620708
1.9428659665423464,-0.8376552104500453,-0.8758653940461449,0.459569120716999,-1.023025932335808,-0.4738884784297521,-0.6481765282071951,-0.6790412603952891
1.4037570492419056,-0.5819492813358872,1.1767437637968226,-0.6555465366135195,0.47391986976269684,-1.9497339436275516,-0.2895839565693032,-0.6790412603952891
0.9320367466040198,0.25258188731850173,-0.8758653940461449,-2.579121045508664,2.912764154080485,-1.5600589567639218,2.710228384098027,0.7331729446454954
1.4133839941936992,0.39786934704245525,-0.8758653940461449,-1.4268348662671277,2.105422597892528,-0.4738884784297521,0.37443056401534547,0.7331729446454954
-1.1858911427905696,-0.8376552104500453,1.3477945269504032,0.5060322731057706,0.49073948551661256,-1.2377032367338765,1.1695168521641879,-0.2778440430541571
0.05598475599080327,0.5536175038665335,-0.8758653940461449,-0.6416075908968875,0.1879864019461285,-0.028545636299890088,0.25696058365120844,-0.2778440430541571
1.0283061961219557,-0.8376552104500453,-0.8758653940461449,0.1807902063843694,-1.023025932335808,-0.0855080928513838,-0.12883556238679994,-0.2778440430541571
-1.3976839317300285,1.4869441451332108,-0.8758653940461449,0.459569120716999,-1.023025932335808,-0.585224188962218,0.813397332744489,0.7171250559518502
-0.5707293603709592,-0.8376552104500453,1.0538982157137964,-1.0969464843068497,0.8775906478566756,1.3735075556380203,0.26561626641488084,0.1714968403679107
1.0475600860255427,-0.6051952748917198,0.5858411274480896,-1.166641212890007,0.9280494951184228,-0.44799645272452754,0.8851158470720668,-0.2778440430541571
-0.6227148631106447,-0.8376552104500453,1.8329566915314681,-1.278152778623059,0.9448691108723386,1.0317328163290551,0.025730201250222427,-0.6790412603952891
-0.46387027140605047,-0.8376552104500453,0.9637078133237267,0.6221901540776996,-0.24932360765568193,0.7352691220042357,-0.18324271118703153,-0.502514484765191
1.075478226385744,1.3590911805761317,-0.8758653940461449,-1.6823822044053716,2.677289533525664,-0.3612581666120247,-0.21786544224172538,-0.2778440430541571
-1.3302953170674734,0.70820336101282,0.7257917518464737,0.8312743398271718,0.1543471704382969,-0.7328087354819977,-0.2524881732964178,-0.2778440430541571
0.45068949901434036,-0.8376552104500453,-0.8758653940461449,0.0878639016068262,-1.023025932335808,1.170255153852007,0.11846965943243584,-0.2778440430541571
0.9224098016522262,1.3614157799317148,-0.8758653940461449,-0.5579739165970994,0.6757552588096861,-0.6020540056706134,-0.20673670725985865,0.7331729446454954
-1.1993688657230805,0.8383809249254822,0.8704073970581373,1.7651837028414807,0.6757552588096861,-0.6395974429431887,-1.4284245030468843,-0.2778440430541571
-1.0790320538256608,-0.8376552104500453,1.6634609353156478,-0.2606097413089608,-0.2661432234095977,1.1132926973005117,0.08261040226864694,-0.2778440430541571
-0.03065774857533902,-0.8376552104500453,-0.8758653940461449,0.04140074921805459,-1.023025932335808,1.493905475167314,0.42760118670648056,-0.614849705620708
0.11759720368228202,-0.8376552104500453,0.6200512800788057,-0.6509002213746425,0.5580179485322757,-0.14764895454392216,1.1324210688913026,0.877603942888303
-0.25400287145695016,-0.8376552104500453,0.6775865367759192,-1.6730895739276177,1.0626064211497492,0.4323324212531073,1.5627321548567723,0.1714968403679107
-1.0077926611823882,-0.2553430718764397,1.8220716429671495,-0.804228624257588,0.07024909166871798,0.4349216238236303,0.24830490088753462,-0.502514484765191
1.5481612235188094,1.2196152192411365,-0.8758653940461449,0.1807902063843694,0.843951416348844,-1.1354297351982396,-0.8101614484987948,-0.2778440430541571
-0.6361925860431558,-0.8376552104500453,1.0150230422698008,-0.0840497622316282,-0.06430783436260824,1.1003466844478995,0.07271819339587667,0.1714968403679107
-1.0607408584172529,-0.34832704609976994,1.6712359700044468,-2.8021441769747675,-0.06430783436260824,1.1145872985857748,0.08261040226864694,-0.2778440430541571
-1.018382300629361,-0.6795824542703839,1.8049665666517916,-1.1759338433677609,-0.3334216864252609,0.43621622510889035,1.026079823509031,0.877603942888303
-0.4465417704928219,-0.8376552104500453,1.0150230422698008,-0.37676762228088984,0.10388832317654959,1.0848114690247672,0.0628259845231078,-0.502514484765191
-1.00490457769685,0.24793268860733533,1.6105906994318135,-0.45575498134180104,0.6084767957940229,0.4478676366762426,-0.331625844278573,-0.2778440430541571
1.1053217557363044,-0.8376552104500453,-0.8758653940461449,0.459569120716999,-1.023025932335808,-0.422104427019303,-0.19066186784160888,-0.2778440430541571
-1.1801149758194935,1.992544504972569,-0.8758653940461449,-0.0840497622316282,0.7766729533331808,0.6394686268949037,-0.9362871116266042,-0.2778440430541571
-1.176264197838776,1.2312382160190527,2.0319975795647256,1.8070005399913756,0.1543471704382969,-1.5354615323439589,-1.9712594649401065,-0.2778440430541571
-1.2051450326941566,0.8476793223478154,-0.8758653940461449,-0.1909150127258034,0.3225433279774547,0.3546563441374336,0.6007148419799456,-0.2778440430541571
0.1041194807497712,0.7198263577907363,-0.8758653940461449,0.5989585778833139,-0.013848987100860922,-0.6292406326610994,-0.16593134565968531,-0.2778440430541571
0.9320367466040198,0.25258188731850173,-0.8758653940461449,-2.579121045508664,2.912764154080485,-1.5600589567639218,2.710228384098027,0.1714968403679107
-1.3177802886301415,1.6264201064682062,-0.8758653940461449,0.9938953731878725,-1.023025932335808,-0.010421218306233193,-0.30813184820574585,-0.614849705620708
-1.00490457769685,0.24793268860733533,1.6105906994318135,-0.45575498134180104,0.6084767957940229,0.4478676366762426,-0.331625844278573,-0.502514484765191
0.3062853247374365,-0.8376552104500453,-0.8758653940461449,0.459569120716999,-1.023025932335808,-0.0337240414409347,0.9469421525268757,2.1614350383799255
2.1354048655782183,-0.8376552104500453,-0.8758653940461449,0.8312743398271718,-1.023025932335808,1.9729079507139682,-1.9836247260310682,3.6057450208080004
0.6913631228091801,-0.8376552104500453,-0.8758653940461449,0.9706637969934866,-1.023025932335808,0.018060009969514405,0.019547570704741533,-0.2778440430541571
0.3380542430783555,0.8476793223478154,-0.8758653940461449,-0.16768343653141762,0.3225433279774547,-1.364574162689476,0.6254453641618692,-0.2778440430541571
-0.4667583548915887,-0.8376552104500453,0.962152806385967,0.6082512083610676,0.0029706286530548002,0.7184393052958374,-0.19560797227799331,0.877603942888303
-1.012606133658285,0.5106124157882432,-0.8758653940461449,0.459569120716999,-1.023025932335808,-0.3340715396215401,1.0310259279454153,-0.614849705620708
-1.2041823381989774,0.8476793223478154,0.8812924456224561,-0.16768343653141762,0.3225433279774547,0.3792537685573966,-1.0475744614452602,-0.2778440430541571
-0.3868547117917018,-0.8376552104500453,-0.8758653940461449,0.1343270539955978,-1.023025932335808,1.8822858607456823,0.1926612259782066,-0.2778440430541571
-1.291787537260299,-0.8376552104500453,1.8453967470335468,-1.1201780605012355,2.004504903369033,-0.38326638846146616,0.872750585981105,-0.2778440430541571
-1.2041823381989774,0.8476793223478154,0.8812924456224561,-0.16768343653141762,0.3225433279774547,-1.364574162689476,0.6254453641618692,-0.2778440430541571
-1.3177802886301415,1.6264201064682062,-0.8758653940461449,0.9938953731878725,-1.023025932335808,-0.010421218306233193,-0.30813184820574585,-0.2778440430541571
-1.07999474832084,2.184323951808188,-0.8758653940461449,0.04140074921805459,1.1635241156732439,-1.4707314680808974,0.6625411474347546,-0.2778440430541571
0.6817361778573865,-0.8376552104500453,-0.8758653940461449,0.459569120716999,-1.023025932335808,0.9631189482102106,0.402870664524557,-0.614849705620708
-1.018382300629361,-0.6795824542703839,1.8049665666517916,-1.1759338433677609,-0.3334216864252609,0.43621622510889035,1.026079823509031,-0.6790412603952891
0.4150698026927042,1.0708408604838078,-0.8758653940461449,0.3898743921338416,-0.24932360765568193,-1.3283253267021624,0.007182309613779744,-0.2778440430541571
0.1041194807497712,-0.8376552104500453,-0.8758653940461449,0.459569120716999,-1.023025932335808,-0.7690575714693114,1.5070884799474442,-0.6790412603952891
-0.9259636290921427,-0.31229575608822946,1.0212430700208401,-0.5533276013582225,0.35618255948528615,1.123649507582604,0.0900295589232243,-0.2778440430541571
-0.25207748246659156,0.2897754770078339,0.3059398786513212,0.5524954254945422,0.3225433279774547,-1.781435776543592,0.5883495808889838,-0.2778440430541571
-1.00490457769685,0.24793268860733533,1.6105906994318135,-0.45575498134180104,0.6084767957940229,0.4478676366762426,-0.331625844278573,0.877603942888303
0.05598475599080327,-0.6633102587813011,1.3166943881952067,-0.1444518603370318,-0.09794706587043983,-1.690813686575306,0.34104435906974806,-0.6790412603952891
1.8947312417833786,0.5431568067664088,-0.8758653940461449,-0.04687924032061172,0.47391986976269684,-1.5600589567639218,0.09992176779599315,-0.2778440430541571
-1.3177802886301415,1.6264201064682062,-0.8758653940461449,0.9938953731878725,-1.023025932335808,-0.010421218306233193,-0.30813184820574585,0.7171250559518502
-0.6323418080624382,-0.8376552104500453,0.6853615714647183,-1.0597759623958318,0.4402806382548651,0.4556352443878088,1.6097201470024278,-0.2778440430541571
0.5565858934840698,-0.8376552104500453,-0.8758653940461449,-0.005062403170717013,-0.5184374597183344,0.17341216420086172,0.5388885365251367,-0.2778440430541571
0.45068949901434036,-0.8376552104500453,-0.8758653940461449,0.0878639016068262,-1.023025932335808,1.170255153852007,0.11846965943243584,-0.614849705620708
-1.5613419959105195,1.1731232321294713,-0.8758653940461449,0.459569120716999,-1.023025932335808,-0.8130740151681943,1.4650465922381743,-0.2778440430541571
-1.2821605923085055,0.5106124157882432,0.9745928618880455,0.0878639016068262,-0.06430783436260824,-1.8073278022488166,1.3178999852557294,-0.2778440430541571
0.08775367433172222,0.5629159012888665,0.5842861205103298,0.2551312502064037,0.524378717024444,-0.8829824845723003,-0.9585445815903363,-0.2778440430541571
-1.1473833629833952,1.3358451870202992,-0.8758653940461449,-0.2838413175033466,0.8271318005949282,0.22519621561131084,0.1926612259782066,-0.2778440430541571
-0.6323418080624382,-0.8376552104500453,0.6853615714647183,-1.0597759623958318,0.4402806382548651,0.4556352443878088,1.6097201470024278,0.1714968403679107
0.3062853247374365,-0.8376552104500453,-0.8758653940461449,0.459569120716999,-1.023025932335808,-0.0337240414409347,0.9469421525268757,5.050055003236076
-1.3976839317300285,1.4869441451332108,-0.8758653940461449,0.459569120716999,-1.023025932335808,-0.585224188962218,0.813397332744489,-0.6790412603952891
0.18306042935447853,-0.8376552104500453,0.9512677578216482,-0.339597100369872,0.5748375642861915,0.6498254371769929,-0.24630554275093694,-0.2778440430541571
-1.012606133658285,0.5106124157882432,-0.8758653940461449,0.459569120716999,-1.023025932335808,-0.3340715396215401,1.0310259279454153,-0.6790412603952891
-0.964471408899317,0.671009771323488,0.9683728341370061,-0.10263502318713712,-0.4175197651948397,0.4491622379615026,-0.3291527920603815,-0.2778440430541571
-1.1666372528869824,1.6496661000240387,1.4877451513487874,0.8312743398271718,0.49073948551661256,-1.9885719821853884,-0.8583859667535455,-0.2778440430541571
0.6817361778573865,-0.8376552104500453,-0.8758653940461449,0.459569120716999,-1.023025932335808,1.079633063883721,0.4399664477974424,-0.2778440430541571
2.1835395903371864,-0.8376552104500453,0.05713876860974942,0.5989585778833139,-1.023025932335808,0.7430367297158019,-1.7734152874847178,-0.2778440430541571
-0.25785364943766764,-0.8376552104500453,0.9637078133237267,0.2969480873562984,0.053429475914802266,0.7223231091516235,-0.19437144616889684,0.1714968403679107
0.5084511687251019,-0.8376552104500453,-0.8758653940461449,0.459569120716999,-1.023025932335808,0.0698440613799635,0.6378106252528309,2.1614350383799255
-0.9076724336837348,0.5873241945224906,-0.8758653940461449,0.9938953731878725,-1.023025932335808,-0.17354098024914671,0.32867909797878625,-0.6790412603952891
-0.7526786199598581,0.70820336101282,-0.8758653940461449,0.459569120716999,-1.023025932335808,-0.09327570056295147,0.40534371674274994,-0.6790412603952891
-0.010441164176572267,-0.8376552104500453,0.6387113633319237,-0.9993738642904295,0.9616887266262546,0.016765408684252883,1.2634928364554978,-0.2778440430541571
-0.27133137237017874,1.2544842095748852,0.6013911968256878,-1.073714908112464,0.5748375642861915,-1.4577854552282852,0.32867909797878625,-0.2778440430541571
-0.964471408899317,0.671009771323488,0.9683728341370061,-0.10263502318713712,-0.4175197651948397,0.4491622379615026,-0.3291527920603815,-0.6790412603952891
-0.38589201729652245,-0.8376552104500453,0.5873961343858493,0.213314413056509,0.1543471704382969,-0.29393889977844173,0.9098463692539903,0.877603942888303
-1.3649523188939303,1.0406210688612256,1.0803333336557135,-0.48827918801394193,0.7262141060714336,-0.6473650506547564,-0.11152419685945371,-0.2778440430541571
-1.27542173084225,1.1684740334183046,-0.8758653940461449,-0.009708718409593909,-0.4511589967026713,0.1708229616303387,0.5364154843069437,-0.2778440430541571
1.0475600860255427,-0.6051952748917198,0.5858411274480896,-1.166641212890007,0.9280494951184228,-0.44799645272452754,0.8851158470720668,0.1714968403679107
-0.5707293603709592,-0.8376552104500453,1.0538982157137964,-1.0969464843068497,0.8775906478566756,1.3735075556380203,0.26561626641488084,-0.2778440430541571
0.7780056273753223,-0.616818271669636,1.3166943881952067,-1.3060306700563218,0.8103121848410125,-0.3962124013140784,0.34104435906974806,0.1714968403679107
-1.3976839317300285,1.4869441451332108,-0.8758653940461449,0.459569120716999,-1.023025932335808,-0.585224188962218,0.813397332744489,-0.2778440430541571
0.3428677155542523,-0.8376552104500453,0.8750724178714167,-0.5672665470748531,0.6757552588096861,-0.6124108159527041,0.11723313332333939,-0.2778440430541571
-1.3014144822120925,1.1312804437289727,1.3431295061371236,0.3991670226115954,0.3898217909931179,-0.06738367485772692,-1.6064842627567337,-0.2778440430541571
-0.9067097391885555,0.16192251245075479,2.0786477876975202,1.4352953208812027,-0.013848987100860922,-0.6421866455137117,-1.8599721151214503,-0.2778440430541571
0.6913631228091801,-0.8376552104500453,-0.8758653940461449,0.1807902063843694,-1.023025932335808,1.0019569867680473,-0.042278734750067416,-0.614849705620708
0.2100158752195007,-0.8376552104500453,0.9901429312656438,1.388832168492431,0.6589356430557703,-1.224757223881264,-0.5616197005704625,-0.2778440430541571
-1.2629067024049183,0.49898941901032695,0.5080907805600984,0.9242006446047151,0.49073948551661256,-1.4577854552282852,0.6872716696166782,-0.2778440430541571
0.09449253579797762,1.3939601709098806,-0.8758653940461449,0.459569120716999,-1.023025932335808,-0.5256725298402012,-0.6877453636982733,-0.6790412603952891
-1.1858911427905696,1.289353199908634,-0.8758653940461449,0.5060322731057706,0.49073948551661256,0.9631189482102106,-0.9449427943902781,-0.2778440430541571
0.1156718146919234,1.411394666076755,-0.8758653940461449,0.1668512606677374,-1.023025932335808,0.3313535210027321,-0.8546763884262575,-0.614849705620708
-1.1185025281280145,1.3718764770318397,1.4270998807761541,-0.1537444908147856,2.1390618294003594,-1.7413031367004936,-0.3959252019515749,-0.2778440430541571
0.5854667283394506,-0.8376552104500453,-0.8758653940461449,0.691884882660857,-1.023025932335808,-0.05961606714615925,0.09373913725051226,-0.2778440430541571
2.3760784893730578,-0.8376552104500453,-0.8758653940461449,0.3201796635506842,-1.023025932335808,1.9729079507139682,-1.9836247260310682,3.6057450208080004
1.5481612235188094,1.2196152192411365,-0.8758653940461449,0.1807902063843694,0.843951416348844,-1.1354297351982396,-0.8101614484987948,-0.6790412603952891
-0.637155280538335,-0.8376552104500453,1.0647832642781152,-1.073714908112464,0.2889040964696231,1.4602458417505233,0.32249646743330534,-0.2778440430541571
0.3062853247374365,-0.8376552104500453,-0.8758653940461449,0.459569120716999,-1.023025932335808,0.5100084983687809,0.6996369307076399,-0.614849705620708
0.5748770888924775,1.3590911805761317,-0.8758653940461449,-0.33495078513099513,0.5748375642861915,-0.3612581666120247,-0.21786544224172538,0.7331729446454954
0.1041194807497712,-0.8376552104500453,-0.8758653940461449,0.459569120716999,-1.023025932335808,-0.7690575714693114,1.5070884799474442,-0.2778440430541571
-0.3916681842675986,1.9228065243050714,-0.8758653940461449,2.1322426067127767,-1.023025932335808,-0.5256725298402012,-2.2185646867593425,3.6057450208080004
-1.1493087519737537,1.9309426220496126,-0.8758653940461449,0.1668512606677374,-1.023025932335808,0.8802644659534908,-0.48371855569740385,-0.2778440430541571
-0.8037014282043642,-0.8376552104500453,0.6869165784024781,-0.7670581023465716,0.23844524920787583,0.4375108263941519,1.6381602475116395,-0.6790412603952891
0.09449253579797762,1.3939601709098806,-0.8758653940461449,0.459569120716999,-1.023025932335808,-0.5256725298402012,-0.6877453636982733,-0.2778440430541571
0.3351661595928173,-0.8376552104500453,-0.8758653940461449,-0.1909150127258034,0.3225433279774547,0.3546563441374336,0.6007148419799456,-0.2778440430541571
-1.2532797574531247,-0.8376552104500453,1.2544941106848138,-1.1201780605012355,1.6681125882907173,0.38054836984265816,0.6996369307076399,-0.2778440430541571
-1.272533647356712,1.8356340484706992,-0.8758653940461449,0.9242006446047151,-0.5184374597183344,-1.8850038793644903,1.2189778965280351,-0.2778440430541571
-1.2937129262506577,0.7465592503799439,0.7755519738547881,-0.18626869748692654,0.23844524920787583,-0.4026854077403846,0.010891887941067718,-0.2778440430541571
0.6913631228091801,-0.8376552104500453,-0.8758653940461449,0.9706637969934866,-1.023025932335808,0.018060009969514405,0.019547570704741533,-0.614849705620708
1.0629631979484129,0.2909377766856254,-0.8758653940461449,-1.1248243757401124,1.0121475738880017,-1.5600589567639218,1.8829924171126837,-0.614849705620708
-0.3849293228013432,1.00807667788306,-0.8758653940461449,0.1668512606677374,-1.023025932335808,0.8802644659534908,-0.48371855569740385,-0.2778440430541571
-0.637155280538335,-0.8376552104500453,1.0647832642781152,-1.073714908112464,0.2889040964696231,1.4602458417505233,0.32249646743330534,-0.6790412603952891
1.0283061961219557,-0.8376552104500453,-0.8758653940461449,0.1807902063843694,-1.023025932335808,-0.0855080928513838,-0.12883556238679994,-0.502514484765191
0.5854667283394506,-0.8376552104500453,-0.8758653940461449,0.691884882660857,-1.023025932335808,-0.05961606714615925,0.09373913725051226,-0.6790412603952891
-1.2051450326941566,0.34789046089741527,-0.8758653940461449,0.459569120716999,-1.023025932335808,-1.0952970953551413,2.0981479600954187,-0.614849705620708
1.6155498381813644,-0.5587032877800546,0.35259008678411596,-0.934325450946149,0.7093944903175179,-0.07256207999877154,-0.7594638780258511,0.1714968403679107
-1.371691180360186,1.5276246338559178,-0.8758653940461449,0.1668512606677374,-1.023025932335808,1.3411425235064898,-0.17458702842335913,-0.2778440430541571
0.34479310454461093,0.8476793223478154,0.8812924456224561,-0.1444518603370318,0.3225433279774547,-1.3412713395547746,-1.0314996220270105,-0.2778440430541571
-0.6207894741202861,0.3025607734635417,-0.49488869429498805,-0.019001348887349022,0.1375275546843812,1.2065039898393208,0.14814628605074387,-0.502514484765191
-0.6227148631106447,-0.8376552104500453,1.8329566915314681,-1.06442227763471,0.9448691108723386,0.9191025045113277,-0.018784738677240294,-0.6790412603952891
2.3760784893730578,-0.8376552104500453,-0.8758653940461449,0.3201796635506842,-1.023025932335808,1.9729079507139682,-1.9836247260310682,0.7171250559518502
-0.964471408899317,0.671009771323488,0.9683728341370061,-0.10263502318713712,-0.4175197651948397,0.4491622379615026,-0.3291527920603815,-0.502514484765191
0.6817361778573865,-0.8376552104500453,-0.8758653940461449,0.459569120716999,-1.023025932335808,0.9631189482102106,0.402870664524557,0.7171250559518502
0.1715080954123263,-0.8376552104500453,0.7879920293568666,1.8070005399913756,0.8271318005949282,-1.9885719821853884,0.0566433539776269,-0.2778440430541571
-0.4667583548915887,-0.8376552104500453,0.962152806385967,0.6082512083610676,0.0029706286530548002,0.7184393052958374,-0.19560797227799331,-0.2778440430541571
-0.7661563428923692,0.7012295629460703,-0.8758653940461449,0.459569120716999,-1.023025932335808,0.07502246652100812,0.6439932557983119,5.050055003236076
0.6817361778573865,-0.8376552104500453,-0.8758653940461449,0.459569120716999,-1.023025932335808,0.9631189482102106,0.402870664524557,5.050055003236076
-0.8296941795742068,2.5097678615898436,-0.8758653940461449,0.459569120716999,-1.023025932335808,-0.5541537581159488,-0.7087663075529076,-0.6790412603952891
-1.1185025281280145,1.6496661000240387,1.6743459838799661,0.9242006446047151,0.6589356430557703,-1.9756259693327762,-1.1551522329366284,-0.2778440430541571
0.2100158752195007,-0.8376552104500453,-0.8758653940461449,0.0878639016068262,-1.023025932335808,1.3256073080833544,0.2668527925239773,-0.2778440430541571
0.6913631228091801,-0.8376552104500453,-0.8758653940461449,0.9706637969934866,-1.023025932335808,0.018060009969514405,0.019547570704741533,2.1614350383799255
0.1695827064219677,-0.8376552104500453,-0.8758653940461449,0.1668512606677374,-1.023025932335808,1.5379219188661968,-0.050934417513741226,-0.2778440430541571
2.1354048655782183,-0.8376552104500453,-0.8758653940461449,0.8312743398271718,-1.023025932335808,1.9729079507139682,-1.9836247260310682,-0.502514484765191
-0.7526786199598581,0.70820336101282,-0.8758653940461449,0.459569120716999,-1.023025932335808,-0.09327570056295147,0.40534371674274994,0.7171250559518502
1.190038871312088,0.2630425844186265,-0.8758653940461449,-1.6126874758222143,0.8944102636105914,-0.3340715396215401,0.9729092008178958,-0.614849705620708
-0.0499116384789262,0.3827594512311641,0.39924029491691065,1.295905863714888,0.49073948551661256,-0.888160889713345,-1.1551522329366284,-0.2778440430541571
2.5204826636499615,-0.8376552104500453,-0.8758653940461449,-0.4232307746696614,-1.023025932335808,1.9729079507139682,-1.9836247260310682,-0.614849705620708
-0.051837027469284806,1.2765679034529263,-0.8758653940461449,0.1668512606677374,-1.023025932335808,0.5151869035098255,-0.7310237775166396,-0.2778440430541571
-0.8037014282043642,-0.8376552104500453,0.6869165784024781,-0.5533276013582225,0.23844524920787583,0.32876431843220905,1.587462677038696,-0.502514484765191
0.7780056273753223,-0.616818271669636,1.3166943881952067,-1.3060306700563218,0.8103121848410125,-0.3962124013140784,0.34104435906974806,-0.6790412603952891
0.9801714713629877,0.26652948345200134,-0.8758653940461449,2.1322426067127767,-1.023025932335808,-0.5256725298402012,-2.2185646867593425,2.1614350383799255
-0.7661563428923692,0.7012295629460703,-0.8758653940461449,0.459569120716999,-1.023025932335808,0.07502246652100812,0.6439932557983119,2.1614350383799255
1.1053217557363044,-0.8376552104500453,-0.8758653940461449,0.459569120716999,-1.023025932335808,-0.422104427019303,-0.19066186784160888,-0.6790412603952891
0.1907619853159135,-0.8376552104500453,0.7879920293568666,1.295905863714888,0.8271318005949282,-1.1988651981760396,-0.36377552311507394,-0.2778440430541571
-1.0607408584172529,-0.34832704609976994,1.6712359700044468,-2.8021441769747675,-0.06430783436260824,1.1145872985857748,0.08261040226864694,-0.6790412603952891
0.39100244031322023,1.6322316048571643,-0.8758653940461449,-1.2270433109954106,1.3821791204741491,-1.5600589567639218,1.322846089692114,0.1714968403679107
0.6143475631948314,-0.3959813328892267,-0.8758653940461449,2.1322426067127767,-1.023025932335808,-0.5256725298402012,-1.2788048438462463,2.1614350383799255
-1.272533647356712,1.1731232321294713,-0.8758653940461449,-0.005062403170717013,-0.5184374597183344,0.17341216420086172,0.5388885365251367,-0.2778440430541571
-0.6323418080624382,-0.8376552104500453,0.6853615714647183,-1.0597759623958318,0.4402806382548651,0.4556352443878088,1.6097201470024278,-0.6790412603952891
1.4037570492419056,-0.5819492813358872,1.1767437637968226,-0.6555465366135195,0.47391986976269684,-1.9497339436275516,-0.2895839565693032,-0.614849705620708
2.1354048655782183,-0.8376552104500453,-0.8758653940461449,0.8312743398271718,-1.023025932335808,1.9729079507139682,-1.9836247260310682,0.7171250559518502
0.06561170094259686,1.370714177354048,-0.8758653940461449,-0.8878622985573774,0.2552648649617915,0.7559827425684141,-1.0933259274818194,-0.2778440430541571
0.16862001192678813,-0.8376552104500453,0.6107212384522466,-0.4929255032528188,0.47391986976269684,-0.22661963294485732,1.0607025545637248,0.1714968403679107
-0.6227148631106447,-0.8376552104500453,1.8329566915314681,-1.06442227763471,0.9448691108723386,0.9191025045113277,-0.018784738677240294,-0.2778440430541571
-0.7189843126285805,2.7108457058477953,-0.8758653940461449,0.9938953731878725,-1.023025932335808,-0.11916772626817602,-1.7734152874847178,-0.2778440430541571
-0.27133137237017874,-0.8376552104500453,0.6122762453900066,0.4502764902392452,-0.13158629737827143,-0.30688491263105405,1.0359720323818011,-0.6790412603952891
-0.011403858671751844,-0.8376552104500453,-0.8758653940461449,0.4131059683282274,-1.023025932335808,-0.05961606714615925,1.0211337190726464,5.050055003236076
0.05598475599080327,-0.6633102587813011,1.3166943881952067,-0.1444518603370318,-0.09794706587043983,-1.690813686575306,0.34104435906974806,0.1714968403679107
0.975357998887091,0.9197419023708961,-0.8758653940461449,-1.3106769852951987,1.6512929725368015,2.093305870243262,-2.0825468147587625,0.1714968403679107
0.3062853247374365,-0.8376552104500453,-0.8758653940461449,0.459569120716999,-1.023025932335808,-0.020778028588322426,0.9543613091814531,-0.6790412603952891
1.0475600860255427,-0.6051952748917198,0.5858411274480896,-1.166641212890007,1.314900657458486,-0.44799645272452754,0.8851158470720668,0.1714968403679107
-0.40610860169528895,0.9871552836828107,-0.8758653940461449,0.459569120716999,-1.023025932335808,-6.440802414248876e-05,-0.30071269155116853,-0.614849705620708
1.4133839941936992,0.39786934704245525,-0.8758653940461449,-1.4268348662671277,2.105422597892528,-0.4738884784297521,0.37443056401534547,0.1714968403679107
-1.0934724712533512,-0.8376552104500453,1.4628650403446304,-0.023647664126225917,0.9448691108723386,0.656298443603299,-0.5504909655885972,-0.2778440430541571
0.1041194807497712,-0.8376552104500453,-0.8758653940461449,0.459569120716999,-1.023025932335808,-0.7690575714693114,1.5070884799474442,-0.614849705620708
0.09449253579797762,0.5687273996778246,-0.8758653940461449,-0.23737816511457502,0.1543471704382969,-0.8363768383028959,0.6872716696166782,-0.2778440430541571
-1.2956383152410165,-0.8376552104500453,1.8438417400957872,-1.1015927995457266,1.987685287615117,-0.3871501923172493,0.8789332165265858,-0.2778440430541571
-0.1173002531414813,0.48736642223241067,-0.8758653940461449,2.1322426067127767,-1.023025932335808,-0.5256725298402012,-1.2788048438462463,2.1614350383799255
0.9224098016522262,-0.8376552104500453,-0.8758653940461449,0.3666428159394558,0.1543471704382969,0.5229545112213932,-0.536889178388539,-0.2778440430541571
0.24852365502667503,0.045692544671591985,-0.8758653940461449,2.1322426067127767,-1.023025932335808,-0.5256725298402012,-1.2788048438462463,-0.2778440430541571
0.07812672937992864,1.4974048422333355,-0.8758653940461449,-1.7381379872718983,0.8607710321027596,0.41420800325945034,0.37443056401534547,0.7331729446454954
0.6143475631948314,-0.3959813328892267,-0.8758653940461449,2.1322426067127767,-1.023025932335808,-0.5256725298402012,-1.2788048438462463,0.7171250559518502
-0.733424730056271,-0.7098022458929663,1.3166943881952067,1.1100532541598014,-0.7370924645192395,-0.3962124013140784,0.34104435906974806,-0.6790412603952891
0.7491247925199416,0.545481406121992,-0.8758653940461449,-1.0272517557236922,0.49073948551661256,1.1443631281467825,-1.4395532380287497,-0.2778440430541571
-0.46387027140605047,-0.8376552104500453,0.9637078133237267,0.6221901540776996,-0.24932360765568193,0.7352691220042357,-0.18324271118703153,-0.2778440430541571
0.5084511687251019,-0.8376552104500453,-0.8758653940461449,0.459569120716999,-1.023025932335808,0.0698440613799635,0.6378106252528309,0.7171250559518502
-0.4667583548915887,-0.8376552104500453,0.962152806385967,0.6082512083610676,0.0029706286530548002,0.7184393052958374,-0.19560797227799331,-0.502514484765191
2.3760784893730578,-0.8376552104500453,-0.8758653940461449,0.3201796635506842,-1.023025932335808,1.9729079507139682,-1.9836247260310682,-0.614849705620708
-0.3916681842675986,1.9228065243050714,-0.8758653940461449,2.1322426067127767,-1.023025932335808,-0.5256725298402012,-2.2185646867593425,0.7171250559518502
-1.1858911427905696,-0.8376552104500453,1.3477945269504032,0.5060322731057706,0.49073948551661256,0.9631189482102106,-0.9449427943902781,-0.2778440430541571
-0.5774682218372149,-0.2030395863758164,1.049233194900517,-1.9193442815881065,0.9785083423801703,1.3346695170801834,0.23841269201476575,-0.2778440430541571
0.9994253612665749,-0.8376552104500453,-0.8758653940461449,0.1807902063843694,-1.023025932335808,0.9631189482102106,-0.4256018285698829,-0.614849705620708
1.1438295355434787,-0.8376552104500453,-0.8758653940461449,0.1807902063843694,-1.023025932335808,0.8724968582419247,-0.4874281340246918,-0.2778440430541571
2.1354048655782183,-0.8376552104500453,-0.8758653940461449,0.8312743398271718,-1.023025932335808,1.9729079507139682,-1.9836247260310682,-0.614849705620708
-0.279995622826793,-0.8376552104500453,0.660481460460561,-1.1155317452623585,1.1298848841654123,0.19671498733556322,1.4291873350743856,-0.6790412603952891
0.3062853247374365,-0.8376552104500453,-0.8758653940461449,0.459569120716999,-1.023025932335808,0.5100084983687809,0.6996369307076399,1.1985617167612086
-0.25785364943766764,-0.8376552104500453,0.9637078133237267,0.2969480873562984,-0.04748821860869252,0.7223231091516235,-0.19437144616889684,-0.502514484765191
2.1354048655782183,-0.8376552104500453,-0.8758653940461449,0.8312743398271718,-1.023025932335808,1.9729079507139682,-1.9836247260310682,-0.2778440430541571
1.0475600860255427,-0.6051952748917198,0.5858411274480896,-1.166641212890007,1.3821791204741491,-0.44799645272452754,0.8851158470720668,-0.2778440430541571
1.6155498381813644,-0.5587032877800546,0.35259008678411596,-0.934325450946149,0.9280494951184228,-0.07256207999877154,-0.7594638780258511,-0.614849705620708
0.4237340531493182,-0.8376552104500453,0.9217226260042114,0.6454217302720854,0.7262141060714336,-2.0028125963232624,0.49437359659767394,-0.2778440430541571
0.3062853247374365,0.8244333287919828,-0.8758653940461449,-0.6555465366135195,0.6589356430557703,-0.7587007611872222,0.37814014234263343,-0.2778440430541571
0.46031644396613397,-0.8376552104500453,1.270044180062412,0.7848111874384002,0.8271318005949282,-2.2216002135324096,0.22975700925109194,-0.2778440430541571
-0.9259636290921427,-0.31229575608822946,1.0212430700208401,-0.5533276013582225,0.35618255948528615,1.123649507582604,0.0900295589232243,0.877603942888303
-1.0607408584172529,-0.34832704609976994,1.6712359700044468,-2.8021441769747675,-0.06430783436260824,1.1145872985857748,0.08261040226864694,-0.502514484765191
-0.5370350530396817,-0.8376552104500453,0.6278263147676049,0.33411860926731624,-0.2661432234095977,-0.07126747871351001,1.1979569526733995,-0.502514484765191
-0.7189843126285805,0.7395854523131938,-0.8758653940461449,0.1668512606677374,-1.023025932335808,1.3411425235064898,-0.17458702842335913,-0.2778440430541571
2.5204826636499615,-0.8376552104500453,-0.8758653940461449,-0.4232307746696614,-1.023025932335808,1.9729079507139682,-1.9836247260310682,-0.2778440430541571
-1.0703678033690465,0.03871874660484228,1.720996192012761,-0.8413991461686059,0.305723712223539,0.4491622379615026,-0.041042208640970954,-0.502514484765191
0.5084511687251019,-0.8376552104500453,-0.8758653940461449,0.459569120716999,-1.023025932335808,0.6783066654527405,0.5883495808889838,-0.6790412603952891
2.0487623610120758,-0.5354572942242221,1.0367931393984384,0.8777374922159434,-0.36706091793309237,-1.9497339436275516,-0.9202122722083544,-0.2778440430541571
0.8453942420378775,1.3358451870202992,-0.8758653940461449,0.4131059683282274,0.1543471704382969,-1.9238419179223272,-0.20302712893257066,-0.2778440430541571
2.3760784893730578,-0.8376552104500453,-0.8758653940461449,0.3201796635506842,-1.023025932335808,1.9729079507139682,-1.9836247260310682,2.1614350383799255
0.8126626292017795,1.3590911805761317,-0.8758653940461449,-0.7995823090187112,0.9280494951184228,-0.3612581666120247,-0.21786544224172538,-0.614849705620708
0.5873921173298092,-0.8376552104500453,-0.8758653940461449,0.1668512606677374,-1.023025932335808,1.2505204335382036,-0.23641333387816807,-0.2778440430541571
-1.00490457769685,0.24793268860733533,1.6105906994318135,-0.45575498134180104,0.6084767957940229,0.4478676366762426,-0.331625844278573,-0.6790412603952891
2.5204826636499615,-0.8376552104500453,-0.8758653940461449,-0.934325450946149,-0.6025355384879133,1.0666870510311088,-1.2046132773004756,-0.2778440430541571
-1.1878165317809282,-0.8376552104500453,1.3446845130748837,0.5199712188224026,0.5075591012705283,0.9682973533512567,-0.948652372717566,-0.2778440430541571
0.45646566598541677,1.0964114533952238,-0.8758653940461449,-0.37676762228088984,0.47391986976269684,-1.1781515776118596,0.20502648706916837,-0.2778440430541571
0.1156718146919234,1.411394666076755,-0.8758653940461449,0.1668512606677374,-1.023025932335808,0.3313535210027321,-0.8546763884262575,-0.2778440430541571
1.190038871312088,0.2630425844186265,-0.8758653940461449,-1.6126874758222143,0.8944102636105914,-0.3340715396215401,0.9729092008178958,-0.6790412603952891
-0.6207894741202861,0.3025607734635417,-0.49488869429498805,-0.019001348887349022,0.1375275546843812,1.2065039898393208,0.14814628605074387,-0.6790412603952891
-0.848948069477794,1.370714177354048,-0.8758653940461449,2.1322426067127767,-1.023025932335808,-0.5256725298402012,-1.2788048438462463,5.130294446704302
2.5204826636499615,-0.8376552104500453,-0.8758653940461449,-0.4232307746696614,-1.023025932335808,1.9729079507139682,-1.9836247260310682,-0.6790412603952891
0.1041194807497712,-0.8376552104500453,-0.8758653940461449,0.459569120716999,-1.023025932335808,-0.7690575714693114,1.5070884799474442,0.7171250559518502
-1.0703678033690465,0.03871874660484228,1.720996192012761,-0.8413991461686059,0.305723712223539,0.4491622379615026,-0.041042208640970954,0.1714968403679107
1.6155498381813644,-0.5587032877800546,0.35259008678411596,-0.934325450946149,0.9280494951184228,-0.07256207999877154,-0.7594638780258511,-0.614849705620708
1.6550203124837184,-0.2565053715542313,-0.8758653940461449,0.8312743398271718,-0.5184374597183344,1.965140343002402,-1.9811516738128754,-0.2778440430541571
1.4133839941936992,0.39786934704245525,-0.8758653940461449,-1.4268348662671277,2.105422597892528,-0.4738884784297521,0.37443056401534547,-0.614849705620708
-0.5774682218372149,-0.2030395863758164,1.049233194900517,-1.9193442815881065,0.9785083423801703,1.3346695170801834,0.23841269201476575,0.877603942888303
-0.22319664761121077,0.31302147056366647,0.3214899480289195,0.3201796635506842,-0.013848987100860922,-0.6939706969241608,-0.301949217660265,-0.2778440430541571
-0.8855304602946097,0.6047586896893651,-0.8758653940461449,0.1668512606677374,-1.023025932335808,1.4343538160452987,-0.11276072296855018,-0.614849705620708
-0.5707293603709592,-0.8376552104500453,1.0538982157137964,-1.0969464843068497,0.8775906478566756,1.3735075556380203,0.26561626641488084,-0.6790412603952891
-0.25207748246659156,-0.8376552104500453,-0.8758653940461449,0.1343270539955978,-1.023025932335808,1.7916637707773964,0.13083492052339762,-0.614849705620708
-0.637155280538335,-0.8376552104500453,1.0647832642781152,-1.073714908112464,0.2889040964696231,1.4602458417505233,0.32249646743330534,-0.502514484765191
-0.848948069477794,1.370714177354048,-0.8758653940461449,2.1322426067127767,-1.023025932335808,-0.5256725298402012,-1.2788048438462463,0.7171250559518502
0.18306042935447853,-0.8376552104500453,0.9512677578216482,-0.339597100369872,0.5748375642861915,0.6498254371769929,-0.24630554275093694,-0.6790412603952891
0.2774044898820558,-0.8376552104500453,-0.8758653940461449,0.5060322731057706,-1.023025932335808,-0.05961606714615925,0.47706223107032775,-0.2778440430541571
-1.0077926611823882,-0.2553430718764397,1.8220716429671495,-0.804228624257588,0.07024909166871798,0.4349216238236303,0.24830490088753462,-0.6790412603952891
-1.0520766079606387,-0.34716474642197825,1.0570082295893162,-1.1062391147846034,0.7934925690870968,1.4006941826285049,0.281691105833132,0.1714968403679107
-0.4272878805892347,-0.8376552104500453,0.5951711690746484,0.7337017198107517,-0.24932360765568193,-0.33148233705101704,0.9741457269269922,-0.502514484765191
-0.1269271980932749,0.4524974318986618,0.46144057242730363,0.5989585778833139,-0.013848987100860922,-1.8073278022488166,0.20502648706916837,-0.2778440430541571
-0.1317406705691717,0.4524974318986618,0.4692156071161027,0.6221901540776996,-0.030668602854776645,-1.8125062073898612,0.2099725915055528,-0.2778440430541571
0.2610386834640068,1.5276246338559178,-0.8758653940461449,0.9938953731878725,-1.023025932335808,-0.09327570056295147,-1.761050026393756,-0.2778440430541571
-1.3110414271638862,1.1033852514619735,1.1456436250416262,-0.37676762228088984,0.8271318005949282,-1.1600271596182028,0.14320018161435943,-0.2778440430541571
1.4037570492419056,-0.5819492813358872,1.1767437637968226,-0.1909150127258034,0.40664140674703364,-1.172973172470815,-0.2895839565693032,-0.6790412603952891
0.38233818985660567,-0.8376552104500453,1.0912183822200323,1.2819669179982558,-0.06430783436260824,-1.451312448801979,-0.4552784551881909,-0.2778440430541571
0.7780056273753223,-0.616818271669636,1.3166943881952067,-1.3060306700563218,0.8103121848410125,-0.3962124013140784,0.34104435906974806,-0.614849705620708
0.7491247925199416,-0.8376552104500453,1.332244457572805,0.5060322731057706,0.8271318005949282,-2.2216002135324096,0.0566433539776269,-0.2778440430541571
-0.637155280538335,-0.8376552104500453,1.0647832642781152,-1.073714908112464,0.2889040964696231,1.4602458417505233,0.32249646743330534,0.1714968403679107
-0.38589201729652245,-0.8376552104500453,-0.8758653940461449,0.1668512606677374,-1.023025932335808,1.8926426710277715,0.19637080430549456,-0.614849705620708
-1.2340258675495375,1.9169950259161133,-0.8758653940461449,-0.37676762228088984,0.995327958134086,1.2479312309676807,-1.2169785383914373,-0.2778440430541571
0.9936491942954985,-0.8376552104500453,-0.8758653940461449,0.1668512606677374,-1.023025932335808,1.7088092885206765,0.13454449885068562,-0.614849705620708
-0.2694059833798201,1.1010606521063904,-0.8758653940461449,0.9938953731878725,-1.023025932335808,0.0646656562389189,-0.980802051554067,-0.2778440430541571
0.3322780761072791,-0.8376552104500453,-0.8758653940461449,-0.18626869748692654,0.3225433279774547,0.3507725402816505,0.6031878941981386,-0.2778440430541571
-0.46387027140605047,-0.8376552104500453,0.9637078133237267,0.6221901540776996,-0.24932360765568193,0.7352691220042357,-0.18324271118703153,0.877603942888303
0.9994253612665749,-0.8376552104500453,-0.8758653940461449,0.1343270539955978,-1.023025932335808,0.9631189482102106,-0.4256018285698829,-0.614849705620708
0.3062853247374365,-0.8376552104500453,-0.8758653940461449,0.459569120716999,-1.023025932335808,0.5100084983687809,0.6996369307076399,-0.2778440430541571
2.0487623610120758,-0.5354572942242221,1.0367931393984384,1.295905863714888,-0.36706091793309237,-1.172973172470815,-0.9202122722083544,-0.2778440430541571
-1.497804159228682,1.2998138970087587,-0.8758653940461449,0.9938953731878725,-1.023025932335808,-0.18648699310175898,0.3299156240878827,-0.6790412603952891
1.1053217557363044,-0.8376552104500453,-0.8758653940461449,0.459569120716999,-1.023025932335808,-0.41433681930773536,0.15061933826893678,-0.6790412603952891
0.24852365502667503,0.045692544671591985,-0.8758653940461449,2.1322426067127767,-1.023025932335808,-0.5256725298402012,-1.2788048438462463,2.1614350383799255
0.739497847568148,-0.616818271669636,0.6324913355808842,-1.7241990415552664,1.0457868053958335,-0.07256207999877154,1.2066126354370732,-0.2778440430541571
-0.48312416130963765,3.1385719872751148,-0.8758653940461449,0.1668512606677374,-1.023025932335808,-0.21755742394802963,-1.2256342211551112,-0.614849705620708
-1.2051450326941566,0.8476793223478154,0.8812924456224561,-0.1909150127258034,0.3225433279774547,0.38054836984265816,-1.0438648831179724,-0.2778440430541571
0.5084511687251019,-0.8376552104500453,-0.8758653940461449,0.459569120716999,-1.023025932335808,0.0698440613799635,0.6378106252528309,-0.6790412603952891
-0.25785364943766764,-0.8376552104500453,0.9637078133237267,0.2969480873562984,-0.04748821860869252,0.7223231091516235,-0.19437144616889684,-0.2778440430541571
-1.334146095048191,1.5962003148456239,-0.8758653940461449,0.459569120716999,-1.023025932335808,0.9631189482102106,0.41399939950642234,-0.2778440430541571
-0.029695054080159444,-0.8376552104500453,1.0119130283942814,-1.050483331918078,0.6421160273018547,1.0485626330374505,0.050460723432146005,0.1714968403679107
1.6155498381813644,-0.5587032877800546,0.35259008678411596,-0.934325450946149,0.9280494951184228,-0.07256207999877154,-0.7594638780258511,0.1714968403679107
-0.5370350530396817,-0.8376552104500453,0.6278263147676049,0.33411860926731624,-0.2661432234095977,-0.07126747871351001,1.1979569526733995,-0.6790412603952891
0.11759720368228202,-0.8376552104500453,0.6200512800788057,-0.6509002213746425,0.5580179485322757,-0.14764895454392216,1.1324210688913026,-0.502514484765191
-1.2552051464434832,1.1975315253630954,-0.8758653940461449,-0.5068644489694508,-0.6529943857496606,0.3546563441374336,0.6810890390711972,-0.2778440430541571
-0.8460599859922558,-0.8376552104500453,1.0710032920291546,-0.938971766185026,0.6421160273018547,1.495200076452574,0.3608287768152872,-0.502514484765191
-1.066517025388329,0.6721720710012796,1.1238735279129886,-0.30707289369773244,0.2889040964696231,0.43621622510889035,-0.331625844278573,-0.6790412603952891
-1.1185025281280145,1.370714177354048,1.4255448738383945,-0.1444518603370318,2.172701060908191,-1.7425977379857551,-0.4008713063879593,-0.2778440430541571
-1.0077926611823882,-0.2553430718764397,1.8220716429671495,-0.804228624257588,0.07024909166871798,0.4349216238236303,0.24830490088753462,-0.2778440430541571
-0.733424730056271,-0.7098022458929663,1.3166943881952067,1.1100532541598014,-0.7370924645192395,-0.3962124013140784,0.34104435906974806,-0.2778440430541571
-0.6092371401781336,-0.2123379837981495,1.0196880630830805,-1.2316896262342876,0.5916571800401071,0.5397843279297886,0.08879303281412783,0.1714968403679107
0.22926976512308786,-0.8376552104500453,-0.8758653940461449,0.9706637969934866,-1.023025932335808,0.018060009969514405,0.5388885365251367,-0.502514484765191
-0.30213759621591807,-0.8376552104500453,1.0694482850913947,-1.8031864006161775,0.995327958134086,1.4783702597441786,0.3398078329606516,0.1714968403679107
-1.3976839317300285,1.4869441451332108,-0.8758653940461449,0.459569120716999,-1.023025932335808,-0.585224188962218,0.813397332744489,-0.614849705620708
1.8947312417833786,0.5431568067664088,-0.8758653940461449,-0.04687924032061172,0.47391986976269684,-1.5600589567639218,0.09992176779599315,0.1714968403679107
-0.40610860169528895,0.9871552836828107,-0.8758653940461449,0.459569120716999,-1.023025932335808,-6.440802414248876e-05,-0.30071269155116853,0.7171250559518502
0.3351661595928173,1.033647270794476,-0.8758653940461449,-0.1909150127258034,0.6589356430557703,-0.7198627226293853,-0.1782966067506471,-0.2778440430541571
0.8126626292017795,1.3590911805761317,-0.8758653940461449,-0.7995823090187112,0.9280494951184228,-0.3612581666120247,-0.21786544224172538,-0.614849705620708
2.2894359848069157,-0.8376552104500453,-0.8758653940461449,-0.934325450946149,0.3730021752392022,-2.2216002135324096,0.3534096201607098,-0.2778440430541571
0.5748770888924775,1.3590911805761317,-0.8758653940461449,-0.33495078513099513,0.5748375642861915,-0.3612581666120247,-0.21786544224172538,-0.6790412603952891
1.6155498381813644,-0.5587032877800546,0.35259008678411596,-0.934325450946149,0.9280494951184228,-0.07256207999877154,-0.7594638780258511,0.1714968403679107
-0.009478469681393237,0.29907387443016686,-0.49488869429498805,-0.9947275490515527,0.8607710321027596,1.1534253371436116,0.11228702888695495,-0.6790412603952891
-0.6198267796251065,0.3025607734635417,-0.49488869429498805,-0.019001348887349022,0.10388832317654959,1.2090931924098438,0.1493828121598403,0.877603942888303
1.0475600860255427,-0.6051952748917198,0.5858411274480896,-1.166641212890007,0.9280494951184228,-0.44799645272452754,0.8851158470720668,-0.6790412603952891
0.07812672937992864,1.4974048422333355,-0.8758653940461449,-1.7381379872718983,0.8607710321027596,0.41420800325945034,0.37443056401534547,-0.2778440430541571
0.9320367466040198,-0.8376552104500453,-0.8758653940461449,0.1807902063843694,-1.023025932335808,0.8466048325367002,-0.19066186784160888,-0.2778440430541571
1.437451356573183,-0.28556286349902205,-0.8758653940461449,2.1322426067127767,-1.023025932335808,-0.5256725298402012,-2.2185646867593425,2.1614350383799255
0.3062853247374365,-0.8376552104500453,-0.8758653940461449,0.459569120716999,-1.023025932335808,0.5100084983687809,0.6996369307076399,0.7171250559518502
0.3380542430783555,2.2098945447196034,-0.8758653940461449,-0.30707289369773244,0.42346102250094936,0.9618243469249506,-1.998463039340223,-0.6790412603952891
0.5748770888924775,1.3590911805761317,-0.8758653940461449,-0.33495078513099513,0.5748375642861915,-0.3612581666120247,-0.21786544224172538,-0.614849705620708
-1.0520766079606387,-0.34716474642197825,1.0570082295893162,-1.1062391147846034,0.7934925690870968,1.4006941826285049,0.281691105833132,-0.6790412603952891
-1.2051450326941566,0.8476793223478154,0.8812924456224561,-0.1909150127258034,0.3225433279774547,-1.3671633652599993,0.6254453641618692,-0.2778440430541571
-1.0896216932726337,0.6558998755121968,1.1782987707345824,-0.3256581546532413,0.33936294373137044,0.4297432186825842,-0.331625844278573,0.877603942888303
0.07812672937992864,1.4974048422333355,-0.8758653940461449,-1.7381379872718983,0.8607710321027596,0.41420800325945034,0.37443056401534547,-0.614849705620708
