cement,blast_furnace_slag,fly_ash,water,superplasticizer,coarse_aggregate,fine_aggregate,age,water_cement_ratio,water_binder_ratio,cement_binder_ratio,slag_binder_ratio,fly_ash_binder_ratio,superplasticizer_binder_ratio,aggregate_binder_ratio,water_total_mix_ratio
2.436728242569357,-0.8376552104500453,-0.8758653940461449,-1.8728811291993348,3.7201057102684425,-1.5600589567639218,1.4873040622019065,-0.6790412603952891,-1.587121069976645,-1.6578714220355726,1.4853145633355251,-0.8350126833939371,-0.8501976192625074,2.8488146532593235,-1.039186704540105,-1.8359005816065188
1.8947312417833786,-0.8376552104500453,-0.8758653940461449,2.1322426067127767,-1.023025932335808,-0.5256725298402012,-2.2185646867593425,-0.614849705620708,-0.8950529255231964,0.06217292371066964,1.4853145633249205,-0.8350126833939371,-0.8501976192625074,-1.0652063238593565,-1.0991924613507327,2.2143374038577717
-0.010441164176572267,-0.8376552104500453,0.6387113633319237,-0.9993738642904295,0.9616887266262546,0.016765408684252883,1.2634928364554978,-0.6790412603952891,-0.5716850770073477,-0.3507648850661824,0.24902542618261367,-0.8350126833939371,0.6710317134990881,1.2583009787849115,0.3142894749428671,-1.0073403380984003
1.5192803886634285,-0.8376552104500453,-0.8758653940461449,1.6676110828250608,-1.023025932335808,-1.7374193328447105,-0.6642513676254448,-0.2778440430541571,-0.8301027727054485,0.22359798568595918,1.485314563315969,-0.8350126833939371,-0.8501976192625074,-1.0652063238593565,-0.80355521082298,1.8728008841544967
-1.072293192359405,2.070418583384608,-0.8758653940461449,0.9938953731878725,-1.023025932335808,0.03877363053369434,-0.9993499431905096,-0.614849705620708,1.5081806065735692,0.12682037058436954,-1.366781628789593,2.163018760957103,-0.8501976192625074,-1.0652063238593565,-0.4539785767193724,0.9928399280738436
0.3322780761072791,0.8441924233144403,-0.8758653940461449,-2.546596838836524,0.3225433279774547,0.3507725402816505,0.6031878941981386,-0.2778440430541571,-1.1317979980837065,-1.5657003620416408,-0.018468846523815047,0.7457158911524644,-0.8501976192625074,0.22455005129644587,-0.46815791870151946,-2.313175645824359
0.16862001192678813,-0.8376552104500453,0.6107212384522466,-0.4929255032528188,0.47391986976269684,-0.22661963294485732,1.0607025545637248,0.877603942888303,-0.5703680560859116,-0.2745383862731466,0.3239703433342354,-0.8350126833939371,0.578813475158701,0.6120290573530637,0.06697353477190893,-0.5633833951067441
-0.4272878805892347,-0.8376552104500453,0.5951711690746484,0.7337017198107517,-0.24932360765568193,-0.33148233705101704,0.9741457269269922,-0.6790412603952891,0.294996110575215,1.0518599510594442,0.11600731718315747,-0.8350126833939371,0.8347078658621828,-0.032281916292551796,0.7566080974744803,0.6290165230528899
0.5084511687251019,-0.8376552104500453,-0.8758653940461449,0.459569120716999,-1.023025932335808,0.0698440613799635,0.6378106252528309,-0.614849705620708,-0.5701059374097724,0.869785922591247,1.4853145632813838,-0.8350126833939371,-0.8501976192625074,-1.0652063238593565,0.7307662103653323,0.4110002659679785
0.05598475599080327,-0.6633102587813011,1.3166943881952067,-0.1444518603370318,-0.09794706587043983,-1.690813686575306,0.34104435906974806,-0.614849705620708,-0.40701198851133513,-0.5284960530958555,-0.20001500474459488,-0.6646699876919598,1.0241666308338375,-0.14343356449099093,-0.6721395474312598,0.08184550053619355
1.0475600860255427,-0.6051952748917198,0.5858411274480896,-1.166641212890007,1.314900657458486,-0.44799645272452754,0.8851158470720668,-0.2778440430541571,-1.1363922530652097,-1.2827137204314358,0.4036812769003899,-0.6355428600830192,0.2472345431389217,0.980724431470901,-0.8156279659136246,-1.2871609297580413
0.6143475631948314,-0.3959813328892267,-0.8758653940461449,2.1322426067127767,-1.023025932335808,-0.5256725298402012,-1.2788048438462463,3.6057450208080004,-0.28885149921340286,1.030723295582516,1.0099651979509128,-0.33534077600326373,-0.8501976192625074,-1.0652063238593565,-0.2776490018705295,2.294662736750488
1.075478226385744,1.3590911805761317,-0.8758653940461449,-1.6823822044053716,2.677289533525664,-0.3612581666120247,-0.21786544224172538,0.1714968403679107,-1.2386440648162733,-1.7778329736737535,-0.06661202245382371,0.7963224435311129,-0.8501976192625074,1.7372121534202603,-1.3245399957168709,-1.6833078870890212
0.11759720368228202,-0.8376552104500453,0.6200512800788057,-0.6509002213746425,0.5580179485322757,-0.14764895454392216,1.1324210688913026,-0.6790412603952891,-0.5740148767915205,-0.30251577039793515,0.30247418703216444,-0.8350126833939371,0.605264070350688,0.727791904394226,0.13834526127938981,-0.7051191715589579
0.1917246798110931,-0.8376552104500453,0.7957670640456658,-0.8599844071241147,1.1298848841654123,-0.25121705736482036,0.13083492052339762,-0.2778440430541571,-0.6715947681049454,-0.5564639509218736,0.22545123058833957,-0.8350126833939371,0.700039294955921,1.2619517274014596,-0.22257576143220204,-0.6854200350011155
-0.40610860169528895,-0.8376552104500453,-0.8758653940461449,0.5524954254945422,-1.023025932335808,-0.05961606714615925,1.3797262907105383,-0.502514484765191,0.21570477266044438,2.822815085276588,1.485314563223575,-0.8350126833939371,-0.8501976192625074,-1.0652063238593565,2.7000022237530286,0.6330292967604321
1.0475600860255427,-0.6051952748917198,0.5858411274480896,-1.166641212890007,1.3821791204741491,-0.44799645272452754,0.8851158470720668,-0.6790412603952891,-1.1363922530652097,-1.2827137204314358,0.4036812769003899,-0.6355428600830192,0.2472345431389217,1.0396001366602612,-0.8156279659136246,-1.2881126026577363
-0.637155280538335,0.8046742342695252,-0.8758653940461449,0.9938953731878725,-1.023025932335808,0.010292402257946745,-0.2895839565693032,0.7171250559518502,0.6634443734493415,0.8369949449353287,-0.4158138070372784,1.1633920863247649,-0.8501976192625074,-1.0652063238593565,0.2646791554807724,1.02311519331031
0.18306042935447853,-0.8376552104500453,0.9512677578216482,-0.339597100369872,0.5748375642861915,0.6498254371769929,-0.24630554275093694,0.877603942888303,-0.5438150870088989,-0.40991850425452603,0.13847225733908358,-0.8350126833939371,0.8070652013332009,0.6240806236183057,-0.22233017501310484,-0.4069082685160651
0.1715080954123263,-0.8376552104500453,-0.8758653940461449,0.1807902063843694,-1.023025932335808,1.5197975008725384,-0.054643995841029205,-0.2778440430541571,-0.4131930080002268,1.259772369978615,1.4853145632644027,-0.8350126833939371,-0.8501976192625074,-1.0652063238593565,1.4131832429170035,0.1285810641488623
-0.30213759621591807,-0.8376552104500453,1.0694482850913947,-1.8031864006161775,0.995327958134086,1.4783702597441786,0.3398078329606516,-0.502514484765191,-0.5682494418772582,-0.702024344731989,-0.11366918516005414,-0.8350126833939371,1.117320259635653,1.314201713220365,0.4266848551966505,-1.7085901288696514
-0.30213759621591807,-0.8376552104500453,1.0694482850913947,-1.8031864006161775,0.995327958134086,1.4783702597441786,0.3398078329606516,-0.2778440430541571,-0.5682494418772582,-0.702024344731989,-0.11366918516005414,-0.8350126833939371,1.117320259635653,1.314201713220365,0.4266848551966505,-1.7085901288696514
-1.0896216932726337,-0.8376552104500453,1.4566450125935908,-0.005062403170717013,0.995327958134086,0.652414639747516,-0.5492544394795008,-0.2778440430541571,1.1282427440256693,0.8513621155771489,-0.7782538431373769,-0.8350126833939371,1.9350785375593564,1.7440058951427078,0.82476191124683,0.22377049053250334
-0.009478469681393237,0.29907387443016686,-0.49488869429498805,-0.9947275490515527,0.8607710321027596,1.1534253371436116,0.11228702888695495,0.1714968403679107,-0.5711925315077648,-0.5653442759503751,0.030114879144404434,0.3882141637367418,-0.4914930929309751,1.0021488510897114,0.0503277168479062,-1.0522141913585121
0.9801714713629877,0.26652948345200134,-0.8758653940461449,2.1322426067127767,-1.023025932335808,-0.5256725298402012,-2.2185646867593425,-0.614849705620708,-0.5053520086086182,0.06217292371066964,0.5346158326219382,0.1643311313926693,-0.8501976192625074,-1.0652063238593565,-1.0991924613507327,2.2143374038577717
2.5204826636499615,-0.8376552104500453,-0.8758653940461449,-0.4232307746696614,-1.023025932335808,1.9729079507139682,-1.9836247260310682,0.7171250559518502,-1.4134513674792117,-1.2262382191462073,1.4853145633369664,-0.8350126833939371,-0.8501976192625074,-1.0652063238593565,-1.0943713093334724,-0.681595647660642
0.5228915861527923,0.8186218304030247,-0.8758653940461449,2.1322426067127767,-1.023025932335808,-0.5256725298402012,-2.2185646867593425,3.6057450208080004,-0.22699421081500248,0.06217292371066964,0.059266467270447605,0.6640030387859726,-0.8501976192625074,-1.0652063238593565,-1.0991924613507327,2.2143374038577717
0.3062853247374365,-0.8376552104500453,-0.8758653940461449,0.459569120716999,-1.023025932335808,-0.0337240414409347,0.9469421525268757,-0.614849705620708,-0.4424970220201214,1.1869410974709136,1.4853145632716553,-0.8350126833939371,-0.8501976192625074,-1.0652063238593565,1.0778712882893533,0.42398866798739765
0.9416636915558133,-0.8376552104500453,-0.8758653940461449,1.509636364703237,-1.023025932335808,0.3999673891215766,-0.1362547190413773,-0.2778440430541571,-0.6003588810858791,0.7945962102351584,1.4853145632985714,-0.8350126833939371,-0.8501976192625074,-1.0652063238593565,0.11606723180707917,1.1894203221697606
-1.0703678033690465,1.3358451870202992,2.1563981345855114,0.1343270539955978,0.1543471704382969,-0.9658369668290187,-1.6992237209389471,-0.2778440430541571,1.143681811383005,-1.092207392028102,-1.8222165398452854,0.8669663090070256,1.2273444321655187,-0.12496452923528735,-1.441893617789328,0.29897396045842245
1.0042388337424717,-0.8376552104500453,-0.8758653940461449,0.1668512606677374,-1.023025932335808,0.9734757584922998,-0.4218922502425949,-0.614849705620708,-0.877223471815708,0.10648568580366961,1.4853145633007194,-0.8350126833939371,-0.8501976192625074,-1.0652063238593565,0.09609639312370831,0.07288437120900937
-0.5707293603709592,-0.8376552104500453,1.0538982157137964,-1.0969464843068497,0.8775906478566756,1.3735075556380203,0.26561626641488084,-0.502514484765191,-0.1024177577167912,-0.08230956619927686,-0.23453547285476084,-0.8350126833939371,1.2660438362221194,1.3641889369676021,0.7432641218224262,-1.0620680143571748
-1.07999474832084,2.180837052774813,-0.8758653940461449,0.05069337969580838,1.1130652684114963,-1.4733206706514204,0.6600680952165616,-0.2778440430541571,1.1301397912067723,-0.3385646978705433,-1.4145733902098363,2.2132559177271447,-0.8501976192625074,1.1347493339220494,-0.48746054495769536,0.12404880676038627
1.4037570492419056,-0.5819492813358872,1.1767437637968226,-0.1909150127258034,0.40664140674703364,-1.9497339436275516,-0.2895839565693032,-0.2778440430541571,-1.0905161212798278,-1.3264177478698407,0.2188127940624036,-0.6448261442469836,0.48557841998000695,0.019232216579899247,-1.5028633795754411,-0.17018677424141485
-0.8296941795742068,2.5097678615898436,-0.8758653940461449,0.459569120716999,-1.023025932335808,-0.5541537581159488,-0.7087663075529076,0.7171250559518502,0.7936510477169765,-0.5835273242201791,-1.3667816287836088,2.1630187609665392,-0.8501976192625074,-1.0652063238593565,-0.9220300912858083,0.43734830329288893
1.8947312417833786,-0.8376552104500453,-0.8758653940461449,2.1322426067127767,-1.023025932335808,-0.5256725298402012,-2.2185646867593425,3.6057450208080004,-0.8950529255231964,0.06217292371066964,1.4853145633249205,-0.8350126833939371,-0.8501976192625074,-1.0652063238593565,-1.0991924613507327,2.2143374038577717
-0.1173002531414813,0.48736642223241067,-0.8758653940461449,2.1322426067127767,-1.023025932335808,-0.5256725298402012,-1.2788048438462463,5.130294446704302,0.32972138476595036,1.030723295582516,0.05926646725293443,0.6640030387780829,-0.8501976192625074,-1.0652063238593565,-0.2776490018705295,2.294662736750488
-0.6323418080624382,-0.8376552104500453,0.6853615714647183,-1.0597759623958318,0.4402806382548651,0.4556352443878088,1.6097201470024278,-0.502514484765191,-0.0193720416730586,0.297113713780931,-0.039935557556874786,-0.8350126833939371,1.026592489092228,0.9851415205460757,1.2725318416534321,-1.0464849405478418
0.027103921135422506,-0.8376552104500453,-0.8758653940461449,0.1807902063843694,-1.023025932335808,1.7010416808091104,0.007182309613779744,-0.2778440430541571,-0.30426078815237906,1.5305090746232834,1.4853145632558304,-0.8350126833939371,-0.8501976192625074,-1.0652063238593565,1.7431154282596242,0.11620179221631677
-0.8460599859922558,-0.8376552104500453,1.0710032920291546,-0.938971766185026,0.6421160273018547,1.495200076452574,0.3608287768152872,-0.2778440430541571,0.308999355636437,0.32976502324519674,-0.4010163572129377,-0.8350126833939371,1.470895271867893,1.248720856531129,1.1775729836696656,-0.9100410383824211
1.9428659665423464,-0.8376552104500453,-0.8758653940461449,0.459569120716999,-1.023025932335808,-0.47129927585922904,-0.7569908258076583,-0.2778440430541571,-1.154853536806134,-0.5835273242201791,1.485314563325963,-0.8350126833939371,-0.8501976192625074,-1.0652063238593565,-0.9177646887930027,0.4291965671594652
0.5228915861527923,0.8186218304030247,-0.8758653940461449,2.1322426067127767,-1.023025932335808,-0.5256725298402012,-2.2185646867593425,5.130294446704302,-0.22699421081500248,0.06217292371066964,0.059266467270447605,0.6640030387859726,-0.8501976192625074,-1.0652063238593565,-1.0991924613507327,2.2143374038577717
-1.0607408584172529,-0.34832704609976994,1.6712359700044468,-2.8021441769747675,-0.06430783436260824,1.1145872985857748,0.08261040226864694,0.877603942888303,-0.09941355355890631,-1.1827730745226954,-1.1323488313347903,-0.27239735038676083,1.7121968509925771,0.05896692639548691,0.29734336927183824,-2.374749983975352
-0.25785364943766764,-0.8376552104500453,0.9637078133237267,0.5013859578668937,-0.04748821860869252,0.9191025045113277,-0.23641333387816807,0.1714968403679107,0.03796609550038098,0.39934477346412117,-0.03575197499798882,-0.8350126833939371,1.0214446735221985,0.09168456157497738,0.25249709244271884,0.31733268410116444
-1.1955180877423632,0.8360563255698991,0.8657423762448578,1.7605373876026038,0.6589356430557703,-0.6421866455137117,-1.4271879769377878,-0.2778440430541571,2.185440036631428,0.5188877332087787,-1.4827204983879094,0.9199325523230266,0.7475998248577881,0.7333746700271464,-0.5722213118358265,1.918982030114166
-1.135831029041243,1.3474681837982154,1.4006647628342372,0.9799564274712405,0.8775906478566756,-1.8629956575150488,-0.7879039785350628,-0.2778440430541571,1.6653291285757557,-0.49605883127146844,-1.7285315299519712,1.0642658970755203,0.8811111184309519,0.6195542391634765,-1.1829221152933391,1.1295286345354805
1.4133839941936992,0.39786934704245525,-0.8758653940461449,-1.3292622462507078,1.7522106670602962,-1.5600589567639218,1.4056933390015585,-0.2778440430541571,-1.2809332452261817,-1.4801306705576867,0.5342579562025265,0.1647073195427583,-0.8501976192625074,1.2249123329654028,-1.0493600868832151,-1.3836882239878119
0.5036376962492051,1.133605043084556,-0.8758653940461449,0.5943122626444369,0.33936294373137044,-2.0921400850062866,0.35711919848799784,-0.2778440430541571,-0.5387605592348618,-0.6664832148986318,-0.1267480714170687,0.8595355168458901,-0.8501976192625074,0.1291722965612238,-1.0882813050903515,0.5566016617530145
1.0629631979484129,0.2909377766856254,-0.8758653940461449,-1.1248243757401124,1.0121475738880017,-1.5600589567639218,1.8829924171126837,-0.6790412603952891,-1.1342954596202148,-1.1880819623643588,0.5350073083209237,0.16391962477802574,-0.8501976192625074,0.771886595783398,-0.7325841496454322,-1.2020089271652874
0.07812672937992864,1.4974048422333355,-0.8758653940461449,-1.7381379872718983,0.8607710321027596,0.41420800325945034,0.37443056401534547,-0.6790412603952891,-0.8125210862298378,-1.4148398868531802,-0.47481859552242767,1.2254160151973503,-0.8501976192625074,0.6300079462471173,-0.6905443866984606,-1.7371284594043273
-0.011403858671751844,-0.8376552104500453,-0.8758653940461449,0.4131059683282274,-1.023025932335808,-0.05961606714615925,1.0211337190726464,-0.2778440430541571,-0.21460042199740706,1.7533481217292448,1.4853145632533875,-0.8350126833939371,-0.8501976192625074,-1.0652063238593565,1.662500159571216,0.48299457247388067
0.4381744705770086,2.449328278344679,-0.8758653940461449,0.0785712711290724,0.7093944903175179,-0.3871501923172493,-1.4036939808649607,-0.6790412603952891,-0.6098902527303158,-1.3660329832858866,-0.7311537057715232,1.4948672079740952,-0.8501976192625074,0.18712797741726708,-1.5662088281063895,-0.14287264945092626
-0.25785364943766764,-0.8376552104500453,0.9637078133237267,0.2969480873562984,-0.04748821860869252,0.7223231091516235,-0.19437144616889684,0.877603942888303,-0.018871747062505523,0.30328441740238854,-0.03575197499798882,-0.8350126833939371,1.0214446735221985,0.09168456157497738,0.22635780142935544,0.19764662817303846
0.20809048622914206,-0.8376552104500453,0.987032917390124,1.3656005922980452,0.6421160273018547,-1.222168021310741,-0.566565805006847,-0.2778440430541571,-0.16283635949481598,0.25629848679889883,0.12814454498591332,-0.8350126833939371,0.8197732471311765,0.6746507433926429,-0.5960689273503278,1.4695287548079168
-1.0896216932726337,-0.8376552104500453,1.3571245685769622,-0.8506917766463596,-1.023025932335808,0.42715401611206266,1.5763339420568305,-0.2778440430541571,0.7700328103008494,0.4720649475434109,-0.7266157304328394,-0.8350126833939371,1.8715388611349266,-1.0652063238593565,1.3292358542975014,-0.8394406294472887
-1.6961192252356296,0.9406632965711457,-0.8758653940461449,0.459569120716999,-1.023025932335808,-1.1082431082077537,2.0845461728953603,-0.614849705620708,3.659098965912086,2.2651502400726584,-1.3667816288185608,2.1630187609114286,-0.8501976192625074,-1.0652063238593565,2.1438107492999197,0.5766366317911796
-0.22319664761121077,-0.8376552104500453,-0.8758653940461449,0.459569120716999,-1.023025932335808,-1.0719942722204399,2.121641956168246,-0.2778440430541571,-0.008674369424849901,2.2651502400726584,1.4853145632385822,-0.8350126833939371,-0.8501976192625074,-1.0652063238593565,2.162438012891689,0.5570506287755999
-1.2186227556266678,-0.8376552104500453,0.864187369307098,0.1064491625623351,0.305723712223539,0.2510882413165354,0.5252867493250785,-0.2778440430541571,1.496278030662254,1.8363170583493673,-0.5333417548553291,-0.8350126833939371,1.633719056591416,1.1456490230550214,1.8887477739848026,0.31184173885970584
-0.964471408899317,0.671009771323488,0.9683728341370061,-0.10263502318713712,-0.4175197651948397,0.4491622379615026,-0.3291527920603815,0.877603942888303,0.8283154551068183,-0.40673205231064957,-1.2838407451533487,0.686033601303416,0.7766806162529872,-0.4426205952057522,-0.36122073343507954,-0.17772179659966816
-0.1173002531414813,0.48736642223241067,-0.8758653940461449,2.1322426067127767,-1.023025932335808,-0.5256725298402012,-1.2788048438462463,0.7171250559518502,0.32972138476595036,1.030723295582516,0.05926646725293443,0.6640030387780829,-0.8501976192625074,-1.0652063238593565,-0.2776490018705295,2.294662736750488
-0.27133137237017874,-0.8376552104500453,0.6122762453900066,0.4502764902392452,-0.13158629737827143,-0.30688491263105405,1.0359720323818011,-0.502514484765191,0.03763126893636473,0.6660343357560342,0.1694067164902823,-0.8350126833939371,0.7690009611195234,0.06534516578416105,0.548418964977475,0.3297158771671778
1.0475600860255427,-0.6051952748917198,0.5858411274480896,-1.166641212890007,1.3821791204741491,-0.44799645272452754,0.8851158470720668,-0.614849705620708,-1.1363922530652097,-1.2827137204314358,0.4036812769003899,-0.6355428600830192,0.2472345431389217,1.0396001366602612,-0.8156279659136246,-1.2881126026577363
0.39100244031322023,1.6322316048571643,-0.8758653940461449,-1.2270433109954106,1.3821791204741491,-1.5600589567639218,1.322846089692114,-0.614849705620708,-0.8677934197446264,-1.446709332672956,-0.4159039598607329,1.163486852109805,-0.8501976192625074,0.9195631787221018,-1.059687611383039,-1.2853060492683417
-0.6496703089756668,2.8363740710492915,-0.8758653940461449,0.1668512606677374,-1.023025932335808,0.05689804852735123,-1.0401553047906844,-0.2778440430541571,0.408327407371936,-0.9668658825684412,-1.3669620955095323,2.1632084617721623,-0.8501976192625074,-1.0652063238593565,-1.1397894791736392,0.0017397563941334063
1.6636845629403325,-0.8376552104500453,-0.8758653940461449,-0.7949359937798343,0.8775906478566756,0.7430367297158019,-0.35141026202411213,-0.2778440430541571,-1.2657440416237593,-0.8591310885852254,1.4853145633195952,-0.8350126833939371,-0.8501976192625074,0.7824268789554205,-0.507031586102944,-0.8550760086187965
0.05598475599080327,0.5571044028999084,-0.8758653940461449,-0.6555465366135195,0.1543471704382969,-0.0337240414409347,0.2544875314330155,-0.2778440430541571,-0.5327957351695649,-0.4556658889993333,0.07338575533783155,0.6491612989569178,-0.8501976192625074,0.21249849110410712,-0.1543573094253108,-0.5793383634927414
-0.9259636290921427,-0.31229575608822946,1.0212430700208401,-0.5533276013582225,0.35618255948528615,1.123649507582604,0.0900295589232243,-0.502514484765191,0.5830983545045151,0.12189834753017295,-0.7906995800721422,-0.18824377692182898,1.1932953686526708,0.6664171874295164,0.5852728579564371,-0.5627908201498075
0.09449253579797762,1.3939601709098806,-0.8758653940461449,0.459569120716999,-1.023025932335808,-0.5256725298402012,-0.6877453636982733,0.7171250559518502,-0.28885149922527237,-0.5835273242201791,-0.4160828980804182,1.1636749461797138,-0.8501976192625074,-1.0652063238593565,-0.9153760633970315,0.4246392628512354
-1.0896216932726337,-0.8376552104500453,1.3571245685769622,-0.8506917766463596,-1.023025932335808,0.42715401611206266,1.5763339420568305,-0.6790412603952891,0.7700328103008494,0.4720649475434109,-0.7266157304328394,-0.8350126833939371,1.8715388611349266,-1.0652063238593565,1.3292358542975014,-0.8394406294472887
-1.3177802886301415,1.6264201064682062,-0.8758653940461449,0.9938953731878725,-1.023025932335808,-0.010421218306233193,-0.30813184820574585,-0.6790412603952891,2.2231979355732174,0.8369949449353287,-1.3670507198622626,2.163301620784157,-0.8501976192625074,-1.0652063238593565,0.25749328635057367,1.0342130085704206
-1.066517025388329,0.6721720710012796,1.1238735279129886,-0.30707289369773244,0.2889040964696231,0.43621622510889035,-0.331625844278573,-0.2778440430541571,0.9507885141879907,-0.4861189163172366,-1.3998183538752098,0.6889925002226998,0.9159251300155636,0.28531305121795586,-0.3595730669943003,-0.3422762314469801
-1.291787537260299,0.7430723513465688,0.7724419599792683,-0.1909150127258034,0.1543471704382969,-0.40915841416669074,0.007182309613779744,-0.2778440430541571,1.5604236850913344,-0.09005174615654657,-1.4948550329287866,0.925489373734544,0.7560264027897395,0.27208058091951265,-0.09156904426299657,-0.016464855269715944
0.8126626292017795,1.3590911805761317,-0.8758653940461449,-0.7995823090187112,0.9280494951184228,-0.3612581666120247,-0.21786544224172538,-0.2778440430541571,-0.9769839787601827,-1.3991394484819835,-0.14342057175354017,0.8770611109789851,-0.8501976192625074,0.4855643808139149,-1.2054781191345512,-0.92677665503397
-0.27133137237017874,-0.8376552104500453,0.6122762453900066,0.4502764902392452,-0.13158629737827143,-0.30688491263105405,1.0359720323818011,0.1714968403679107,0.03763126893636473,0.6660343357560342,0.1694067164902823,-0.8350126833939371,0.7690009611195234,0.06534516578416105,0.548418964977475,0.3297158771671778
-0.25785364943766764,-0.8376552104500453,0.9637078133237267,0.2969480873562984,-0.04748821860869252,0.7223231091516235,-0.19437144616889684,-0.6790412603952891,-0.018871747062505523,0.30328441740238854,-0.03575197499798882,-0.8350126833939371,1.0214446735221985,0.09168456157497738,0.22635780142935544,0.19764662817303846
-0.6092371401781336,-0.2123379837981495,1.0196880630830805,-1.2316896262342876,0.5916571800401071,0.5397843279297886,0.08879303281412783,-0.2778440430541571,-0.10247367589823182,-0.5967521116995497,-0.6529057001856187,-0.146780511923445,0.9752064856765862,0.7471886561531113,0.033103208613843006,-1.0826185520012344
1.8947312417833786,-0.8376552104500453,-0.8758653940461449,2.1322426067127767,-1.023025932335808,-0.5256725298402012,-2.2185646867593425,-0.2778440430541571,-0.8950529255231964,0.06217292371066964,1.4853145633249205,-0.8350126833939371,-0.8501976192625074,-1.0652063238593565,-1.0991924613507327,2.2143374038577717
-1.0790320538256608,-0.8376552104500453,1.6634609353156478,-0.2606097413089608,-0.2661432234095977,1.1132926973005117,0.08261040226864694,-0.502514484765191,0.9969868662667408,0.5127321282456175,-0.8712291938892026,-0.8350126833939371,2.0494828678663555,-0.05780440106008695,0.8411922016983501,-0.2658360962807703
-1.1858911427905696,1.289353199908634,-0.8758653940461449,0.5060322731057706,0.49073948551661256,-1.2377032367338765,1.1695168521641879,-0.2778440430541571,1.5898142112518714,0.7967047145875658,-1.088322533123351,1.8703115489195012,-0.8501976192625074,0.8983332818822748,0.4978481956722889,0.5862613611141039
0.8126626292017795,1.3590911805761317,-0.8758653940461449,-0.7995823090187112,0.9280494951184228,-0.3612581666120247,-0.21786544224172538,-0.6790412603952891,-0.9769839787601827,-1.3991394484819835,-0.14342057175354017,0.8770611109789851,-0.8501976192625074,0.4855643808139149,-1.2054781191345512,-0.92677665503397
-0.39744435123867466,0.22817359408487764,0.23596456645212915,3.0103961868605604,-0.013848987100860922,-1.5497021464818326,-0.9647272121358171,-0.2778440430541571,0.9307345277393912,1.1687072276007413,-0.45362611215138915,0.31019886141449377,0.19506410268107344,0.040644524668043275,-0.5610138868966298,3.1161461276506612
2.0487623610120758,-0.5354572942242221,1.0367931393984384,1.295905863714888,-0.36706091793309237,-1.172973172470815,-0.9202122722083544,-0.614849705620708,-1.064902204996611,-1.1636486407075202,0.3786418221357742,-0.6320209710143059,0.2739224296729388,-0.6158421036640869,-1.7071200741011,0.7490264090469392
-0.7189843126285805,2.7108457058477953,-0.8758653940461449,0.9938953731878725,-1.023025932335808,-0.11916772626817602,-1.7734152874847178,0.7171250559518502,0.7936510477265346,-0.5838445904545461,-1.3669684799469923,2.163215172883359,-0.8501976192625074,-1.0652063238593565,-1.165486388885366,0.9329590591037301
-0.631379113567259,-0.8376552104500453,0.6853615714647183,-1.055129647156955,0.7262141060714336,0.40385119297735966,1.6121931992206193,0.877603942888303,-0.018989622534055253,0.29837956388365516,-0.039448257198749524,-0.8350126833939371,1.0259928756390984,1.385001138720222,1.2609909122907772,-1.0378292970866934
-0.25400287145695016,-0.8376552104500453,0.6775865367759192,-1.6730895739276177,1.0626064211497492,0.4323324212531073,1.5627321548567723,-0.2778440430541571,-0.5695799198820594,-0.4591423603634533,0.1350898945874347,-0.8350126833939371,0.8112271317798426,1.534732764250399,0.7075839465806392,-1.6051989874239065
-0.6198267796251065,0.3025607734635417,-0.49488869429498805,-0.019001348887349022,0.10388832317654959,1.2090931924098438,0.1493828121598403,-0.502514484765191,0.306069217637348,0.5475038026547046,-0.24708235085386396,0.622116154740958,-0.42420933665616284,0.4034922463486873,0.7772293729829618,-0.14451210297810038
0.027103921135422506,-0.8376552104500453,-0.8758653940461449,0.1343270539955978,-1.023025932335808,1.7010416808091104,0.007182309613779744,-0.2778440430541571,-0.3158177548463044,1.5017857539861765,1.4853145632558304,-0.8350126833939371,-0.8501976192625074,-1.0652063238593565,1.7431154282596242,0.08032458605282672
2.32794376461409,-0.8376552104500453,-0.8758653940461449,-0.5626202318359762,-0.14840591313218715,-1.5225155194913464,1.0087684579816847,-0.2778440430541571,-1.3921714028805048,-1.1733496660766358,1.4853145633335805,-0.8350126833939371,-0.8501976192625074,-0.32778811636208566,-1.0370909640643484,-0.6727576997274541
1.6155498381813644,-0.5587032877800546,0.35259008678411596,-0.934325450946149,0.9280494951184228,-0.07256207999877154,-0.7594638780258511,-0.6790412603952891,-1.2742686159852994,-1.4303473215014157,0.5934933496527537,-0.6165768768825836,-0.008526736889101865,0.4929086500891009,-1.2255934258038577,-0.9673477593969732
-0.27133137237017874,-0.8376552104500453,0.6122762453900066,0.2458386197286499,-0.09794706587043983,-0.20331680981015582,1.0854330767456484,-0.2778440430541571,-0.01952486554486109,0.5633050513014323,0.1694067164902823,-0.8350126833939371,0.7690009611195234,0.1080074861480674,0.5768467559619842,0.13449493945242091
-1.248466284977228,0.7825905403914842,0.8128721403610237,0.4920933273891386,0.0029706286530548002,-1.0383346388036476,0.08137387615955048,-0.2778440430541571,1.7602492815215458,0.11062079853912116,-1.4878668391331877,0.9217152835754486,0.7518454584901765,0.06928322612964928,-0.2759150974937596,0.633034589690458
2.4049593242284386,-0.8376552104500453,-0.8758653940461449,0.1343270539955978,0.1375275546843812,-0.6810246840715485,-0.6605417892981569,-0.2778440430541571,-1.315998802325331,-0.9840326863315483,1.4853145633349656,-0.8350126833939371,-0.8501976192625074,-0.10153480269786938,-1.1864695352804286,0.03175279999896069
1.1438295355434787,-0.8376552104500453,-0.8758653940461449,0.1343270539955978,-1.023025932335808,0.8724968582419247,-0.4874281340246918,-0.2778440430541571,-0.940534392744025,-0.0508652809175907,1.4853145633052585,-0.8350126833939371,-0.8501976192625074,-1.0652063238593565,-0.0706785312019114,0.04360595264522341
-1.012606133658285,0.5106124157882432,-0.8758653940461449,0.459569120716999,-1.023025932335808,-0.3340715396215401,1.0310259279454153,-0.2778440430541571,1.15031373658567,1.5501880278678302,-0.42266212808986164,1.1705908203028732,-0.8501976192625074,-1.0652063238593565,1.3807730449912852,0.5476309099371947
0.6817361778573865,-0.8376552104500453,-0.8758653940461449,0.459569120716999,-1.023025932335808,1.079633063883721,0.4399664477974424,-0.6790412603952891,-0.6672621316895949,0.6283169806025831,1.4853145632887907,-0.8350126833939371,-0.8501976192625074,-1.0652063238593565,0.6461758118369598,0.1603014339721707
-1.2051450326941566,0.34789046089741527,-0.8758653940461449,0.459569120716999,-1.023025932335808,-1.0952970953551413,2.0981479600954187,-0.6790412603952891,1.6214471130003936,2.2651502400726584,-0.4160828981328464,1.1636749461429736,-0.8501976192625074,-1.0652063238593565,2.1505551033590087,0.5695336302328645
-0.40610860169528895,-0.8376552104500453,-0.8758653940461449,0.5524954254945422,-1.023025932335808,-0.05961606714615925,1.3797262907105383,-0.6790412603952891,0.21570477266044438,2.822815085276588,1.485314563223575,-0.8350126833939371,-0.8501976192625074,-1.0652063238593565,2.7000022237530286,0.6330292967604321
0.5613993659599666,-0.8376552104500453,-0.8758653940461449,-0.009708718409593909,-0.4511589967026713,0.1708229616303387,0.5364154843069437,-0.2778440430541571,-0.6983688074866962,0.5510054293506175,1.4853145632837312,-0.8350126833939371,-0.8501976192625074,-0.3201180904375354,0.6568794356604386,0.019294067518343828
1.2208450951578274,-0.8376552104500453,-0.8758653940461449,-0.3303044698921182,-1.023025932335808,1.9081778864509067,-0.9696733165722016,-0.2778440430541571,-1.0506125508028243,-0.324450064261039,1.485314563307624,-0.8350126833939371,-0.8501976192625074,-1.0652063238593565,-0.06005859820936774,-0.4545710622844896
0.9801714713629877,0.26652948345200134,-0.8758653940461449,2.1322426067127767,-1.023025932335808,-0.5256725298402012,-2.2185646867593425,-0.2778440430541571,-0.5053520086086182,0.06217292371066964,0.5346158326219382,0.1643311313926693,-0.8501976192625074,-1.0652063238593565,-1.0991924613507327,2.2143374038577717
0.975357998887091,0.9197419023708961,-0.8758653940461449,-1.3106769852951987,1.6512929725368015,2.093305870243262,-2.0825468147587625,0.7331729446454954,-1.1368831387997342,-1.4714107911990455,0.13101224486351382,0.5885861935239896,-0.8501976192625074,1.1441303068568962,-1.046174859897025,-1.3670647256371564
-0.7189843126285805,0.7395854523131938,-0.8758653940461449,0.1668512606677374,-1.023025932335808,1.3411425235064898,-0.17458702842335913,-0.614849705620708,0.509593868321653,0.6066969682513206,-0.41636317485351854,1.1639695640323524,-0.8501976192625074,-1.0652063238593565,0.7013917549528184,0.057324117635322185
-0.8460599859922558,-0.8376552104500453,1.0710032920291546,-0.7205949499577999,0.6421160273018547,1.3773913594938034,0.315077310778728,0.877603942888303,0.3892057976354311,0.4500023911234063,-0.4010163572129377,-0.8350126833939371,1.470895271867893,1.248720856531129,1.1443474585786817,-0.707637966592375
0.412181719207166,1.0685162611282246,-0.8758653940461449,0.3666428159394558,-0.18204514464001875,-1.3283253267021624,0.007182309613779744,-0.2778440430541571,-0.5316558088255801,-0.650094360088747,-0.12205236281071458,0.8545995395449761,-0.8501976192625074,-0.3049813676776581,-0.954188587687673,0.33888204499253416
-1.066517025388329,0.6721720710012796,1.1238735279129886,-0.30707289369773244,0.2889040964696231,0.43621622510889035,-0.331625844278573,-0.502514484765191,0.9507885141879907,-0.4861189163172366,-1.3998183538752098,0.6889925002226998,0.9159251300155636,0.28531305121795586,-0.3595730669943003,-0.3422762314469801
-1.1878165317809282,-0.8376552104500453,1.3446845130748837,0.5199712188224026,0.5075591012705283,-1.2351140341633533,1.1658072738368999,-0.2778440430541571,1.601332211594974,1.4304889900361284,-0.7955956978685059,-0.8350126833939371,1.956417346820121,1.1896678993021774,1.0715419813581633,0.736279171968548
1.0042388337424717,-0.8376552104500453,-0.8758653940461449,0.1668512606677374,-1.023025932335808,0.9734757584922998,-0.4218922502425949,-0.2778440430541571,-0.877223471815708,0.10648568580366961,1.4853145633007194,-0.8350126833939371,-0.8501976192625074,-1.0652063238593565,0.09609639312370831,0.07288437120900937
-0.011403858671751844,-0.8376552104500453,-0.8758653940461449,0.4131059683282274,-1.023025932335808,-0.05961606714615925,1.0211337190726464,2.1614350383799255,-0.21460042199740706,1.7533481217292448,1.4853145632533875,-0.8350126833939371,-0.8501976192625074,-1.0652063238593565,1.662500159571216,0.48299457247388067
0.5854667283394506,-0.8376552104500453,-0.8758653940461449,0.691884882660857,-1.023025932335808,-0.05961606714615925,0.09373913725051226,5.130294446704302,-0.5666618873832039,0.8783456559385243,1.485314563284773,-0.8350126833939371,-0.8501976192625074,-1.0652063238593565,0.4950392884228778,0.7461583241700911
-1.2340258675495375,1.91467042656053,-0.8758653940461449,-0.38606025275864364,0.9785083423801703,1.2518150348234638,-1.2194515906096304,-0.2778440430541571,1.3089222600245047,-0.18539002038184313,-1.4247870322173588,2.2239921684717863,-0.8501976192625074,1.2034794747857858,-0.03748230263422003,-0.2760130023360312
-1.072293192359405,2.070418583384608,-0.8758653940461449,0.9938953731878725,-1.023025932335808,0.03877363053369434,-0.9993499431905096,0.7171250559518502,1.5081806065735692,0.12682037058436954,-1.366781628789593,2.163018760957103,-0.8501976192625074,-1.0652063238593565,-0.4539785767193724,0.9928399280738436
-1.2243989225977439,-0.8376552104500453,2.0008974408095295,-0.702009689002291,1.6681125882907173,1.3126612952307422,-1.179882755118552,-0.2778440430541571,1.1377578175670593,0.19957639905402402,-1.13193640663493,-0.8350126833939371,2.370277937069163,2.4463089499001915,0.540076762024288,-0.4119153210722215
-0.8152537621465165,2.535338454501259,-0.8758653940461449,0.1668512606677374,-1.023025932335808,0.3313535210027321,-0.8546763884262575,-0.2778440430541571,0.6627437629671847,-0.7133481824197218,-1.366585081598955,2.1628121569118615,-0.8501976192625074,-1.0652063238593565,-0.8476808013438287,0.022482830449802368
-0.40610860169528895,-0.8376552104500453,-0.8758653940461449,0.5060322731057706,-1.023025932335808,-0.05961606714615925,1.3797262907105383,2.1614350383799255,0.20194414706310942,2.788614860280942,1.485314563223575,-0.8350126833939371,-0.8501976192625074,-1.0652063238593565,2.7000022237530286,0.5964038174691665
0.6817361778573865,-0.8376552104500453,-0.8758653940461449,0.459569120716999,-1.023025932335808,1.079633063883721,0.4399664477974424,1.1985617167612086,-0.6672621316895949,0.6283169806025831,1.4853145632887907,-0.8350126833939371,-0.8501976192625074,-1.0652063238593565,0.6461758118369598,0.1603014339721707
1.6155498381813644,-0.5587032877800546,0.35259008678411596,-0.934325450946149,0.7093944903175179,-0.07256207999877154,-0.7594638780258511,-0.2778440430541571,-1.2742686159852994,-1.4303473215014157,0.5934933496527537,-0.6165768768825836,-0.008526736889101865,0.3182923168017739,-1.2255934258038577,-0.9640107410446903
-1.2147719776459502,-0.8376552104500453,0.8657423762448578,0.0878639016068262,0.3225433279774547,0.2510882413165354,0.5265232754341749,-0.2778440430541571,1.4773368668082545,1.8133902627031155,-0.5313191079092744,-0.8350126833939371,1.6312302295272079,1.1693943048785815,1.878416037631582,0.29471778183150765
-0.27133137237017874,-0.8376552104500453,0.6122762453900066,0.2458386197286499,-0.09794706587043983,-0.20331680981015582,1.0854330767456484,0.1714968403679107,-0.01952486554486109,0.5633050513014323,0.1694067164902823,-0.8350126833939371,0.7690009611195234,0.1080074861480674,0.5768467559619842,0.13449493945242091
-0.011403858671751844,-0.8376552104500453,-0.8758653940461449,0.4131059683282274,-1.023025932335808,-0.05961606714615925,1.0211337190726464,0.7171250559518502,-0.21460042199740706,1.7533481217292448,1.4853145632533875,-0.8350126833939371,-0.8501976192625074,-1.0652063238593565,1.662500159571216,0.48299457247388067
2.5204826636499615,-0.8376552104500453,-0.8758653940461449,-0.4232307746696614,-1.023025932335808,1.9729079507139682,-1.9836247260310682,3.6057450208080004,-1.4134513674792117,-1.2262382191462073,1.4853145633369664,-0.8350126833939371,-0.8501976192625074,-1.0652063238593565,-1.0943713093334724,-0.681595647660642
-0.6198267796251065,0.3025607734635417,-0.49488869429498805,-0.019001348887349022,0.10388832317654959,1.2090931924098438,0.1493828121598403,-0.2778440430541571,0.306069217637348,0.5475038026547046,-0.24708235085386396,0.622116154740958,-0.42420933665616284,0.4034922463486873,0.7772293729829618,-0.14451210297810038
0.39100244031322023,1.6322316048571643,-0.8758653940461449,-1.2270433109954106,1.3821791204741491,-1.5600589567639218,1.322846089692114,-0.6790412603952891,-0.8677934197446264,-1.446709332672956,-0.4159039598607329,1.163486852109805,-0.8501976192625074,0.9195631787221018,-1.059687611383039,-1.2853060492683417
1.8947312417833786,0.5431568067664088,-0.8758653940461449,-0.04687924032061172,0.47391986976269684,-1.5600589567639218,0.09992176779599315,0.7331729446454954,-1.2157015747122262,-1.3504187015323952,0.534295624240951,0.16466772412668348,-0.8501976192625074,0.0400516833385885,-1.4771714930259334,-0.28592749336625367
-0.24918939898105336,-0.8376552104500453,0.660481460460561,-1.6637969434498627,1.3653595047202332,0.19671498733556322,1.4291873350743856,-0.2778440430541571,-0.5707397962531923,-0.4488148686463672,0.14767522132496874,-0.8350126833939371,0.7957411361327832,1.917231313954478,0.6475238770106633,-1.5337207140565805
0.1715080954123263,-0.8376552104500453,0.7833270085435872,1.8255858009468844,0.7430337218253493,-1.9859827796148655,0.06158945841401133,-0.2778440430541571,-0.024808648232110965,0.6254569989319296,0.22582170800989929,-0.8350126833939371,0.6995834298146962,0.8575379469819577,-0.4812157525457278,1.93087290274037
-0.6227148631106447,-0.8376552104500453,1.8329566915314681,-1.278152778623059,0.9448691108723386,1.0317328163290551,0.025730201250222427,0.1714968403679107,-0.10226558014580427,-0.5935201059941773,-0.650508481418717,-0.8350126833939371,1.7778903964574813,1.160172326556287,0.13074900472636267,-1.1999148657911454
-0.15677072744383524,0.4466859335097037,0.46299557936506336,0.6175438388388227,-0.18204514464001875,-1.0020858028163324,-0.504739499552038,-0.2778440430541571,-0.030935657566170404,-0.372284058815132,-0.5529337513576852,0.36921296037745166,0.2481792224386156,-0.2610425207019207,-0.8226788665601451,0.6763926367318709
-0.6092371401781336,-0.2123379837981495,1.0196880630830805,-1.2316896262342876,0.5916571800401071,0.5397843279297886,0.08879303281412783,0.877603942888303,-0.10247367589823182,-0.5967521116995497,-0.6529057001856187,-0.146780511923445,0.9752064856765862,0.7471886561531113,0.033103208613843006,-1.0826185520012344
0.9936491942954985,-0.8376552104500453,-0.8758653940461449,0.1668512606677374,-1.023025932335808,1.7088092885206765,0.13454449885068562,-0.2778440430541571,-0.8726762866203697,0.11778711651824142,1.485314563300361,-0.8350126833939371,-0.8501976192625074,-1.0652063238593565,0.3257208753454054,-0.2223950684432541
0.7780056273753223,-0.616818271669636,1.3166943881952067,-1.3060306700563218,0.8103121848410125,-0.3962124013140784,0.34104435906974806,0.1714968403679107,-1.0607753210308843,-1.4170902647062902,0.01988299384642382,-0.6520884783748676,0.7388587777418181,0.48351399631789876,-0.9798295002747667,-1.3326751443914107
2.436728242569357,-0.8376552104500453,-0.8758653940461449,-1.8728811291993348,3.7201057102684425,-1.5600589567639218,1.4873040622019065,0.1714968403679107,-1.587121069976645,-1.6578714220355726,1.4853145633355251,-0.8350126833939371,-0.8501976192625074,2.8488146532593235,-1.039186704540105,-1.8359005816065188
0.5873921173298092,-0.8376552104500453,-0.8758653940461449,0.1668512606677374,-1.023025932335808,1.2505204335382036,-0.23641333387816807,-0.614849705620708,-0.6759610480099805,0.6066969682513206,1.4853145632848554,-0.8350126833939371,-0.8501976192625074,-1.0652063238593565,0.6724192097189167,0.09404405235142851
-0.029695054080159444,-0.8376552104500453,1.0119130283942814,-1.050483331918078,0.6421160273018547,1.0485626330374505,0.050460723432146005,-0.502514484765191,-0.5709868413577518,-0.5652066992931083,0.02989431227281337,-0.8350126833939371,0.9406682153523717,0.7760144212047677,0.05187436055471019,-1.0507896957209508
-1.1396818070219603,2.0680939840290247,-0.8758653940461449,-0.6369612756580105,1.0289671896419175,0.9928947777712183,-1.0537570919907413,-0.2778440430541571,0.9684230483824351,-0.49529107756492174,-1.4145717553214237,2.2132541991806693,-0.8501976192625074,1.1301333861016438,-0.25792553356282194,-0.5211602501395795
-0.24726400999069476,-0.8376552104500453,-0.8758653940461449,0.1668512606677374,-1.023025932335808,1.7994313784889624,0.13454449885068562,-0.2778440430541571,-0.06549156775721464,2.123938566748341,1.4853145632367368,-0.8350126833939371,-0.8501976192625074,-1.0652063238593565,2.4189524126755817,0.13829502684644132
2.5204826636499615,-0.8376552104500453,-0.8758653940461449,-0.934325450946149,-0.6025355384879133,0.8724968582419247,-1.2046132773004756,-0.2778440430541571,-1.4796043009079778,-1.3906526341291965,1.4853145633369664,-0.8350126833939371,-0.8501976192625074,-0.7238090055733398,-1.1277362354994969,-1.015457995156813
0.18306042935447853,-0.8376552104500453,0.9512677578216482,-0.339597100369872,0.5748375642861915,0.6498254371769929,-0.24630554275093694,-0.502514484765191,-0.5438150870088989,-0.40991850425452603,0.13847225733908358,-0.8350126833939371,0.8070652013332009,0.6240806236183057,-0.22233017501310484,-0.4069082685160651
0.6817361778573865,-0.8376552104500453,-0.8758653940461449,0.459569120716999,-1.023025932335808,1.079633063883721,0.4399664477974424,0.7171250559518502,-0.6672621316895949,0.6283169806025831,1.4853145632887907,-0.8350126833939371,-0.8501976192625074,-1.0652063238593565,0.6461758118369598,0.1603014339721707
0.36500968894337765,1.6113102106569148,-0.8758653940461449,0.1668512606677374,-1.023025932335808,0.05689804852735123,-1.0401553047906844,-0.2778440430541571,-0.5460357487593934,-0.9668658825684412,-0.4159024313456962,1.1634852453833395,-0.8501976192625074,-1.0652063238593565,-1.1397894791736392,0.0017397563941334063
-0.27133137237017874,-0.8376552104500453,-0.8758653940461449,-0.005062403170717013,-1.023025932335808,1.6492576293986612,0.575984319798022,-0.614849705620708,-0.08967103059000232,2.063843692187162,1.4853145632348543,-0.8350126833939371,-0.8501976192625074,-1.0652063238593565,2.5593914232217028,-0.060702690297559356
-0.051837027469284806,1.2765679034529263,-0.8758653940461449,0.1668512606677374,-1.023025932335808,0.5151869035098255,-0.7310237775166396,-0.614849705620708,-0.24321814405915257,-0.5157195678159542,-0.416291980716384,1.1638947270911393,-0.8501976192625074,-1.0652063238593565,-0.6202520863256346,0.03698411881803097
2.0487623610120758,-0.5354572942242221,1.0367931393984384,1.295905863714888,-0.36706091793309237,-1.172973172470815,-0.9202122722083544,0.1714968403679107,-1.064902204996611,-1.1636486407075202,0.3786418221357742,-0.6320209710143059,0.2739224296729388,-0.6158421036640869,-1.7071200741011,0.7490264090469392
-0.25207748246659156,-0.8376552104500453,-0.8758653940461449,0.1343270539955978,-1.023025932335808,1.7916637707773964,0.13083492052339762,-0.2778440430541571,-0.06977360282070903,2.1132961318114356,1.4853145632363631,-0.8350126833939371,-0.8501976192625074,-1.0652063238593565,2.4282282654283502,0.11742111277165669
-0.8037014282043642,-0.8376552104500453,0.6869165784024781,-0.7670581023465716,0.23844524920787583,0.4375108263941519,1.6381602475116395,-0.2778440430541571,0.30827625392678026,0.7157475648516253,-0.13299882485297906,-0.8350126833939371,1.1411049989488837,0.808315544754647,1.574989238598445,-0.7748677498153983
0.9224098016522262,1.3614157799317148,-0.8758653940461449,-0.5579739165970994,0.6757552588096861,-0.6020540056706134,-0.20673670725985865,0.1714968403679107,-0.9768484388433569,-1.3743152255104194,-0.1115622108923375,0.8435726305109749,-0.8501976192625074,0.2572233451274015,-1.2832166190918097,-0.7248729760953029
-1.066517025388329,0.6721720710012796,1.1238735279129886,-0.30707289369773244,0.2889040964696231,0.43621622510889035,-0.331625844278573,0.1714968403679107,0.9507885141879907,-0.4861189163172366,-1.3998183538752098,0.6889925002226998,0.9159251300155636,0.28531305121795586,-0.3595730669943003,-0.3422762314469801
-1.0896216932726337,0.6558998755121968,1.1782987707345824,-0.3256581546532413,0.33936294373137044,0.4297432186825842,-0.331625844278573,0.1714968403679107,0.9924378790420831,-0.49136028930925973,-1.4253067856128196,0.6736301760957847,0.9652710336282997,0.33824468194478235,-0.3581592756796752,-0.3551631593950261
-0.8152537621465165,2.535338454501259,-0.8758653940461449,0.1668512606677374,-1.023025932335808,0.3313535210027321,-0.8546763884262575,-0.614849705620708,0.6627437629671847,-0.7133481824197218,-1.366585081598955,2.1628121569118615,-0.8501976192625074,-1.0652063238593565,-0.8476808013438287,0.022482830449802368
-1.1955180877423632,1.1847462289073876,2.0008974408095295,2.1322426067127767,0.1543471704382969,-1.6519756480174692,-1.9959899871220301,-0.2778440430541571,2.3541417322624807,-0.224804964253317,-1.8412043871832884,0.8597809206327752,1.2591197042044568,-0.058982648912077475,-1.404234092533125,2.3160310583900454
1.4133839941936992,0.39786934704245525,-0.8758653940461449,-1.3292622462507078,1.7522106670602962,-1.5600589567639218,1.4056933390015585,-0.614849705620708,-1.2809332452261817,-1.4801306705576867,0.5342579562025265,0.1647073195427583,-0.8501976192625074,1.2249123329654028,-1.0493600868832151,-1.3836882239878119
-1.3813181253119795,-0.8376552104500453,1.700781101821883,-0.08869607747050642,0.6589356430557703,-0.1502381571144452,0.3892688773244987,-0.2778440430541571,1.8906191074777936,1.0296485614476751,-1.1367024086965691,-0.8350126833939371,2.3761424083267353,1.3895813175750782,1.0840360691390063,0.16557078608909828
-0.6361925860431558,-0.8376552104500453,1.0150230422698008,-0.0840497622316282,-0.06430783436260824,1.1003466844478995,0.07271819339587667,-0.502514484765191,0.30675456973967224,0.5489151992701857,-0.24685453549557934,-0.8350126833939371,1.2812021991591183,0.19439325141463712,0.7778685228941951,-0.1403908149523198
-1.0520766079606387,-0.34716474642197825,1.0570082295893162,-1.1062391147846034,0.7934925690870968,1.4006941826285049,0.281691105833132,0.877603942888303,0.5898406214433193,-0.0026088692353427043,-0.8744251305250131,-0.2063259066553376,1.31748465627898,1.3093066877346295,0.852932534741719,-1.0572565100441664
-1.3688030968746476,1.4404521580215457,0.6480414049584825,0.7848111874384002,-0.013848987100860922,-1.6260836223122448,0.11846965943243584,-0.2778440430541571,2.298011204814986,-0.07672771102702246,-1.7647485393141678,1.4425615921612176,0.48284850417657693,-0.03625068549521311,-0.6257810249488112,0.896348517945327
1.9910006913013145,-0.8376552104500453,-0.8758653940461449,-1.6777358891664946,-1.023025932335808,1.9081778864509067,0.32867909797878625,-0.2778440430541571,-1.4762563548883314,-1.3823317546506237,1.4853145633269835,-0.8350126833939371,-0.8501976192625074,-1.0652063238593565,-0.48814279614373207,-1.9010891520906883
-0.25400287145695016,-0.8376552104500453,0.6775865367759192,-1.6730895739276177,1.0626064211497492,0.4323324212531073,1.5627321548567723,-0.502514484765191,-0.5695799198820594,-0.4591423603634533,0.1350898945874347,-0.8350126833939371,0.8112271317798426,1.534732764250399,0.7075839465806392,-1.6051989874239065
1.836969572072617,0.5245600119217428,-0.8758653940461449,-2.0587337387544213,4.392890340425074,-1.5600589567639218,0.8294721721627387,0.1714968403679107,-1.4996848385631913,-1.914692028452965,0.5349401924906587,0.1639901747897716,-0.8501976192625074,2.985436167007871,-1.3655346801422552,-1.9887764529210574
-0.24918939898105336,-0.8376552104500453,0.660481460460561,-1.6637969434498627,1.3653595047202332,0.19671498733556322,1.4291873350743856,-0.6790412603952891,-0.5707397962531923,-0.4488148686463672,0.14767522132496874,-0.8350126833939371,0.7957411361327832,1.917231313954478,0.6475238770106633,-1.5337207140565805
-0.40610860169528895,-0.8376552104500453,-0.8758653940461449,0.5524954254945422,-1.023025932335808,-0.05961606714615925,1.3797262907105383,-0.2778440430541571,0.21570477266044438,2.822815085276588,1.485314563223575,-0.8350126833939371,-0.8501976192625074,-1.0652063238593565,2.7000022237530286,0.6330292967604321
-0.6227148631106447,-0.8376552104500453,1.8329566915314681,-1.278152778623059,0.9448691108723386,1.0317328163290551,0.025730201250222427,-0.502514484765191,-0.10226558014580427,-0.5935201059941773,-0.650508481418717,-0.8350126833939371,1.7778903964574813,1.160172326556287,0.13074900472636267,-1.1999148657911454
0.3380542430783555,2.2098945447196034,-0.8758653940461449,-0.30707289369773244,0.42346102250094936,0.9618243469249506,-1.998463039340223,0.7331729446454954,-0.6347133088421403,-1.3506820497082788,-0.6803953166857386,1.4415116279701943,-0.8501976192625074,0.036756592645993784,-1.3698104885266567,-0.4999906536308522
-1.018382300629361,-0.6795824542703839,1.8049665666517916,-1.1759338433677609,-0.3334216864252609,0.43621622510889035,1.026079823509031,0.1714968403679107,0.4997930477072811,-0.28085533302715465,-0.9816213171421165,-0.6454050399647411,1.963366498537895,-0.22161964676320856,0.5261380360290536,-1.1160505761721087
-0.40610860169528895,-0.8376552104500453,-0.8758653940461449,0.5524954254945422,-1.023025932335808,-0.05961606714615925,1.3797262907105383,0.7171250559518502,0.21570477266044438,2.822815085276588,1.485314563223575,-0.8350126833939371,-0.8501976192625074,-1.0652063238593565,2.7000022237530286,0.6330292967604321
1.190038871312088,0.2630425844186265,-0.8758653940461449,-1.6126874758222143,0.8944102636105914,-0.3340715396215401,0.9729092008178958,0.1714968403679107,-1.2625110823029155,-1.415849899598755,0.5786562572098738,0.11803725880523615,-0.8501976192625074,0.6279593489425038,-0.7629854744187738,-1.6427903898980902
0.09449253579797762,1.3939601709098806,-0.8758653940461449,0.459569120716999,-1.023025932335808,-0.5256725298402012,-0.6877453636982733,-0.614849705620708,-0.28885149922527237,-0.5835273242201791,-0.4160828980804182,1.1636749461797138,-0.8501976192625074,-1.0652063238593565,-0.9153760633970315,0.4246392628512354
-0.5370350530396817,-0.8376552104500453,0.6278263147676049,0.33411860926731624,-0.2661432234095977,-0.07126747871351001,1.1979569526733995,0.877603942888303,0.3103214482982668,0.97608867727561,0.04481679990979855,-0.8350126833939371,0.9223063894057677,-0.02528719703468029,0.9854125091920928,0.22811407035901482
1.437451356573183,-0.28556286349902205,-0.8758653940461449,2.1322426067127767,-1.023025932335808,-0.5256725298402012,-2.2185646867593425,-0.2778440430541571,-0.7218525180050998,0.06217292371066964,1.0099651979734294,-0.3353407760006339,-0.8501976192625074,-1.0652063238593565,-1.0991924613507327,2.2143374038577717
0.33420346509763776,1.0278357724055178,-0.8758653940461449,-0.20950027368131233,0.5916571800401071,-0.72504112777043,-0.1721139762051662,-0.2778440430541571,-0.6105924288170872,-0.7840299360629671,-0.12629450171362827,0.8590587390103607,-0.8501976192625074,0.4301918155492618,-0.8306350039263537,-0.18641828540018981
-0.8460599859922558,-0.8376552104500453,1.0710032920291546,-0.938971766185026,0.6421160273018547,1.495200076452574,0.3608287768152872,0.1714968403679107,0.308999355636437,0.32976502324519674,-0.4010163572129377,-0.8350126833939371,1.470895271867893,1.248720856531129,1.1775729836696656,-0.9100410383824211
-1.3331834005530117,1.067353961450433,1.1098784654731502,2.536472032495089,-0.04748821860869252,-1.3464497446958192,-1.4568646035560957,-0.2778440430541571,3.0485418219198674,0.6175230441978838,-1.728501224679634,1.0638100762069835,0.8816074050391692,-0.07354724584700888,-0.8360324169370155,2.7076513979808214
0.9994253612665749,-0.8376552104500453,-0.8758653940461449,0.1807902063843694,-1.023025932335808,0.9631189482102106,-0.4256018285698829,-0.2778440430541571,-0.8726094172267292,0.11795331160084487,1.485314563300557,-0.8350126833939371,-0.8501976192625074,-1.0652063238593565,0.09874638115580417,0.08850225097302655
-0.4272878805892347,-0.8376552104500453,0.5951711690746484,0.7337017198107517,-0.24932360765568193,-0.33148233705101704,0.9741457269269922,0.877603942888303,0.294996110575215,1.0518599510594442,0.11600731718315747,-0.8350126833939371,0.8347078658621828,-0.032281916292551796,0.7566080974744803,0.6290165230528899
1.4037570492419056,-0.5819492813358872,1.1767437637968226,-0.6555465366135195,0.47391986976269684,-1.9497339436275516,-0.2895839565693032,0.1714968403679107,-1.1671082826249235,-1.4660588049489882,0.2188127940624036,-0.6448261442469836,0.48557841998000695,0.07026461848292306,-1.5028633795754411,-0.5340223624787982
1.5481612235188094,1.2196152192411365,-0.8758653940461449,0.1807902063843694,0.843951416348844,-1.1354297351982396,-0.8101614484987948,0.1714968403679107,-1.077919415016496,-1.3749294138005799,0.11945680900335695,0.6007328946749079,-0.8501976192625074,0.2635829786153575,-1.6126109417255865,-0.06718845921561307
-0.8037014282043642,-0.8376552104500453,0.6869165784024781,-0.7670581023465716,0.23844524920787583,0.4375108263941519,1.6381602475116395,0.1714968403679107,0.30827625392678026,0.7157475648516253,-0.13299882485297906,-0.8350126833939371,1.1411049989488837,0.808315544754647,1.574989238598445,-0.7748677498153983
0.9801714713629877,0.26652948345200134,-0.8758653940461449,2.1322426067127767,-1.023025932335808,-0.5256725298402012,-2.2185646867593425,5.130294446704302,-0.5053520086086182,0.06217292371066964,0.5346158326219382,0.1643311313926693,-0.8501976192625074,-1.0652063238593565,-1.0991924613507327,2.2143374038577717
2.3471976545176774,-0.8376552104500453,-0.8758653940461449,-1.6777358891664946,-1.023025932335808,-0.9917289925342432,1.5157441627111181,-0.614849705620708,-1.5455498583704625,-1.5545516434240252,1.4853145633339309,-0.8350126833939371,-0.8501976192625074,-1.0652063238593565,-0.9187609299222421,-1.7077075692311332
-1.63546947203933,1.0499194662835587,-0.8758653940461449,0.9938953731878725,-1.023025932335808,-0.4454072501540045,0.9345768914359139,0.7171250559518502,3.6483392046037673,2.2555739689983154,-1.366430428692076,2.1626495906874497,-0.8501976192625074,-1.0652063238593565,1.676672254706022,1.0908853300542278
1.4133839941936992,0.39786934704245525,-0.8758653940461449,-1.4268348662671277,2.105422597892528,-0.4738884784297521,0.37443056401534547,-0.6790412603952891,-1.2969797535701055,-1.512032856720384,0.5342579562025265,0.1647073195427583,-0.8501976192625074,1.5163819801976453,-1.048589376099646,-1.4634460829584208
0.2610386834640068,1.5276246338559178,-0.8758653940461449,0.9938953731878725,-1.023025932335808,-0.09327570056295147,-1.761050026393756,0.7171250559518502,-0.2892060693313962,-0.5838445904545461,-0.41589604691142895,1.1634785342687872,-0.8501976192625074,-1.0652063238593565,-1.160657631346335,0.9224833894644452
-0.25111478797141223,0.2909377766856254,0.29971985090028186,0.5432027950167885,0.3730021752392022,-1.7749627701172859,0.5932956853253682,-0.2778440430541571,0.04264075236212261,-0.12980433927814147,-0.4471909780239643,0.30712814070608735,0.1907403342701375,0.3756060872049023,-0.5359200740490776,0.62231134196947
-0.631379113567259,-0.8376552104500453,0.6853615714647183,-1.055129647156955,0.7262141060714336,0.40385119297735966,1.6121931992206193,0.1714968403679107,-0.018989622534055253,0.29837956388365516,-0.039448257198749524,-0.8350126833939371,1.0259928756390984,1.385001138720222,1.2609909122907772,-1.0378292970866934
1.4133839941936992,0.39786934704245525,-0.8758653940461449,-1.3292622462507078,1.7522106670602962,-1.5600589567639218,1.4056933390015585,0.7331729446454954,-1.2809332452261817,-1.4801306705576867,0.5342579562025265,0.1647073195427583,-0.8501976192625074,1.2249123329654028,-1.0493600868832151,-1.3836882239878119
0.4218086641589596,-0.8376552104500453,-0.8758653940461449,0.9706637969934866,-1.023025932335808,0.018060009969514405,0.32867909797878625,-0.502514484765191,-0.4065148195437041,1.2763701290093261,1.4853145632773699,-0.8350126833939371,-0.8501976192625074,-1.0652063238593565,0.7816945926646679,0.9365880261482504
-0.6323418080624382,-0.8376552104500453,0.6853615714647183,-1.0597759623958318,0.4402806382548651,0.4556352443878088,1.6097201470024278,0.877603942888303,-0.0193720416730586,0.297113713780931,-0.039935557556874786,-0.8350126833939371,1.026592489092228,0.9851415205460757,1.2725318416534321,-1.0464849405478418
-0.38589201729652245,-0.8376552104500453,0.5873961343858493,0.213314413056509,0.1543471704382969,-0.29393889977844173,0.9098463692539903,-0.6790412603952891,0.09259311937520172,0.7241031447204663,0.13882524121174877,-0.8350126833939371,0.8066308616239259,0.4886550405069222,0.6996138942198047,0.21297168529760327
2.0487623610120758,-0.5354572942242221,1.0367931393984384,1.295905863714888,-0.36706091793309237,-1.172973172470815,-0.9202122722083544,-0.6790412603952891,-1.064902204996611,-1.1636486407075202,0.3786418221357742,-0.6320209710143059,0.2739224296729388,-0.6158421036640869,-1.7071200741011,0.7490264090469392
0.412181719207166,-0.8376552104500453,1.1145434862864296,-0.005062403170717013,0.8271318005949282,-1.3283253267021624,0.08137387615955048,-0.2778440430541571,-0.6125905786949254,-0.5403847686837915,0.1301983324746563,-0.8350126833939371,0.8172461022537739,0.741386166662985,-0.7206692744028137,0.12432517399586657
1.0629631979484129,0.2909377766856254,-0.8758653940461449,-1.1248243757401124,1.0121475738880017,-1.5600589567639218,1.8829924171126837,0.1714968403679107,-1.1342954596202148,-1.1880819623643588,0.5350073083209237,0.16391962477802574,-0.8501976192625074,0.771886595783398,-0.7325841496454322,-1.2020089271652874
0.09834331377869483,0.5687273996778246,-0.8758653940461449,-0.21879290415906613,0.1543471704382969,-0.8376714395881574,0.693454300162159,-0.2778440430541571,-0.4562565394337016,-0.3146169864888391,0.08039826610965757,0.6417899740165596,-0.8501976192625074,0.19564552090226522,-0.25473302196228614,-0.17787560760084034
-1.1377564180316015,2.0680939840290247,-0.8758653940461449,-0.6555465366135195,0.995327958134086,0.9890109739154351,-1.0562301442089341,-0.2778440430541571,0.9560264297284322,-0.5047833915573453,-1.413157176629387,2.2117672397257913,-0.8501976192625074,1.093090868804447,-0.26061805460640314,-0.5343057636280821
-0.46387027140605047,-0.8376552104500453,0.9637078133237267,0.6221901540776996,-0.24932360765568193,0.7352691220042357,-0.18324271118703153,-0.6790412603952891,0.3065249015998036,0.718347493745956,-0.12920825958402782,-0.8350126833939371,1.1364407833827863,-0.09129769496033613,0.4739212983387369,0.5142704293982371
1.437451356573183,-0.28556286349902205,-0.8758653940461449,2.1322426067127767,-1.023025932335808,-0.5256725298402012,-2.2185646867593425,5.130294446704302,-0.7218525180050998,0.06217292371066964,1.0099651979734294,-0.3353407760006339,-0.8501976192625074,-1.0652063238593565,-1.0991924613507327,2.2143374038577717
0.1926873743062721,-0.8376552104500453,0.7879920293568666,1.2819669179982558,0.843951416348844,-1.2040436033170843,-0.361302470896881,-0.2778440430541571,-0.17014649155369618,0.36502418756371513,0.23007314937813866,-0.8350126833939371,0.694352115293997,0.9548682326991602,-0.44830800602507326,1.384983933114598
0.3380542430783555,2.2098945447196034,-0.8758653940461449,-0.30707289369773244,0.42346102250094936,0.9618243469249506,-1.998463039340223,-0.2778440430541571,-0.6347133088421403,-1.3506820497082788,-0.6803953166857386,1.4415116279701943,-0.8501976192625074,0.036756592645993784,-1.3698104885266567,-0.4999906536308522
-1.3014144822120925,1.1266312450178062,1.3477945269504032,0.4131059683282274,0.3225433279774547,-0.07256207999877154,-1.6126668933022146,-0.2778440430541571,1.8837235425003784,-0.42387616402116485,-1.7742239419438288,1.020911544065186,0.9880846442578792,0.2313531618465688,-0.832351644417305,0.5771329677944504
1.8947312417833786,-0.8376552104500453,-0.8758653940461449,2.1322426067127767,-1.023025932335808,-0.5256725298402012,-2.2185646867593425,5.130294446704302,-0.8950529255231964,0.06217292371066964,1.4853145633249205,-0.8350126833939371,-0.8501976192625074,-1.0652063238593565,-1.0991924613507327,2.2143374038577717
-0.3849293228013432,1.00807667788306,-0.8758653940461449,0.1668512606677374,-1.023025932335808,0.8802644659534908,-0.48371855569740385,-0.614849705620708,0.07789054753548139,-0.03663385227935991,-0.41608289809284077,1.1636749461710088,-0.8501976192625074,-1.0652063238593565,-0.06882195298842682,0.06585866778252325
-0.17506192285224284,0.336267464119499,0.33704001740651773,-0.5161570794472047,0.6589356430557703,-0.4738884784297521,-0.12883556238679994,-0.2778440430541571,-0.3179957985755298,-0.6681008191148443,-0.4528981108921698,0.31457416504880775,0.18904665064982132,0.6145618025521568,-0.5607052227581237,-0.39339195975629987
-0.7526786199598581,-0.8376552104500453,-0.8758653940461449,-0.09798870794826021,-1.023025932335808,1.9729079507139682,0.8851158470720668,-0.614849705620708,0.46890028362911496,3.452099225141064,1.4853145631873192,-0.8350126833939371,-0.8501976192625074,-1.0652063238593565,4.336528717709565,-0.1324244568760563
-0.15580803294865567,0.4524974318986618,0.46144057242730363,0.5989585778833139,-0.18204514464001875,-1.0046750053868554,-0.4997933951156536,-0.2778440430541571,-0.03681846348201142,-0.3830648289505345,-0.554855915418764,0.37334421683734725,0.24570842415151983,-0.2619185161301776,-0.82548925729912,0.6593930722451188
0.9801714713629877,-0.8376552104500453,-0.8758653940461449,2.1322426067127767,-1.023025932335808,-0.5256725298402012,-1.2788048438462463,5.130294446704302,-0.5053520086086182,1.030723295582516,1.4853145632999019,-0.8350126833939371,-0.8501976192625074,-1.0652063238593565,-0.2776490018705295,2.294662736750488
-0.40610860169528895,0.9871552836828107,-0.8758653940461449,0.459569120716999,-1.023025932335808,-6.440802414248876e-05,-0.30071269155116853,-0.6790412603952891,0.18818352146577447,0.13117905706007965,-0.4136638173538805,1.1611320865908976,-0.8501976192625074,-1.0652063238593565,-0.14241740624247937,0.4740849801851984
1.6155498381813644,-0.5587032877800546,0.35259008678411596,-0.934325450946149,0.9280494951184228,-0.07256207999877154,-0.7594638780258511,-0.2778440430541571,-1.2742686159852994,-1.4303473215014157,0.5934933496527537,-0.6165768768825836,-0.008526736889101865,0.4929086500891009,-1.2255934258038577,-0.9673477593969732
-0.218383175135314,1.1417411408290974,-0.8758653940461449,0.1668512606677374,-1.023025932335808,0.699020286016919,-0.6073711666070217,-0.614849705620708,-0.09353499271265696,-0.29199169091605925,-0.41585962454859654,1.1634402482376398,-0.8501976192625074,-1.0652063238593565,-0.36262814406404115,0.05124039665332141
-0.2694059833798201,1.1010606521063904,-0.8758653940461449,0.9938953731878725,-1.023025932335808,0.0646656562389189,-0.980802051554067,0.7171250559518502,0.18750154002765473,0.12682037058436954,-0.41608289808939514,1.1636749461734233,-0.8501976192625074,-1.0652063238593565,-0.4471048345727142,0.9804389052048462
0.5854667283394506,-0.8376552104500453,-0.8758653940461449,0.1343270539955978,-1.023025932335808,1.2479312309676807,-0.24012291220545603,-0.614849705620708,-0.6816179100739241,0.5926375816349391,1.485314563284773,-0.8350126833939371,-0.8501976192625074,-1.0652063238593565,0.6738087238720198,0.07110972662501278
-0.053762416459643414,-0.8376552104500453,0.5174208221866572,0.7708722417217683,0.759853337579265,-0.5347347388370304,-0.1387277712595688,-0.2778440430541571,-0.08672611536260043,0.615795817097278,0.309408899704181,-0.8350126833939371,0.5967310435474593,1.0928922403056298,0.09891092976644195,0.8842503536876144
-0.5774682218372149,-0.2030395863758164,1.049233194900517,-1.9193442815881065,0.9785083423801703,1.3346695170801834,0.23841269201476575,0.1714968403679107,-0.3583062914482765,-0.9465912558736014,-0.6529185879392668,-0.14711338577515706,0.9756120006449002,1.1474201686179546,0.12794319315343194,-1.8093178229182252
-0.848948069477794,1.370714177354048,-0.8758653940461449,2.1322426067127767,-1.023025932335808,-0.5256725298402012,-1.2788048438462463,2.1614350383799255,1.4431525759027413,1.030723295582516,-0.8914322634450439,1.6633468535594294,-0.8501976192625074,-1.0652063238593565,-0.2776490018705295,2.294662736750488
-0.637155280538335,0.8046742342695252,-0.8758653940461449,0.9938953731878725,-1.023025932335808,0.010292402257946745,-0.2895839565693032,-0.6790412603952891,0.6634443734493415,0.8369949449353287,-0.4158138070372784,1.1633920863247649,-0.8501976192625074,-1.0652063238593565,0.2646791554807724,1.02311519331031
-0.22319664761121077,-0.8376552104500453,-0.8758653940461449,0.459569120716999,-1.023025932335808,-1.0719942722204399,2.121641956168246,0.7171250559518502,-0.008674369424849901,2.2651502400726584,1.4853145632385822,-0.8350126833939371,-0.8501976192625074,-1.0652063238593565,2.162438012891689,0.5570506287755999
-1.2523170629579454,-0.8376552104500453,1.2482740829337744,-1.1155317452623585,1.6849322040446333,0.37795916727213513,0.7008734568167364,-0.2778440430541571,1.012929078786986,0.6701109336864224,-0.7954273863766719,-0.8350126833939371,1.9562102428492607,3.1049493278854143,1.5393739481384627,-0.8248408547917522
-1.5613419959105195,1.1731232321294713,-0.8758653940461449,0.459569120716999,-1.023025932335808,-0.8130740151681943,1.4650465922381743,0.7171250559518502,2.92132846745944,1.5501880278678302,-1.3602023988396148,2.1561028867745815,-0.8501976192625074,-1.0652063238593565,1.3753888967928283,0.5540203418515325
-0.9317397960632188,-0.8376552104500453,1.720996192012761,-0.5812054927914851,0.2552648649617915,1.074454658742675,0.05417030175943398,0.877603942888303,0.5824019288373596,0.1170314981317435,-0.7931970329540301,-0.8350126833939371,1.9534658371106282,0.5433982619403491,0.5794329179470318,-0.5618076452442784
-0.6496703089756668,2.8363740710492915,-0.8758653940461449,0.1668512606677374,-1.023025932335808,0.05689804852735123,-1.0401553047906844,-0.614849705620708,0.408327407371936,-0.9668658825684412,-1.3669620955095323,2.1632084617721623,-0.8501976192625074,-1.0652063238593565,-1.1397894791736392,0.0017397563941334063
0.1715080954123263,-0.8376552104500453,-0.8758653940461449,0.1807902063843694,-1.023025932335808,1.5197975008725384,-0.054643995841029205,-0.614849705620708,-0.4131930080002268,1.259772369978615,1.4853145632644027,-0.8350126833939371,-0.8501976192625074,-1.0652063238593565,1.4131832429170035,0.1285810641488623
-1.278309814327788,-0.8376552104500453,1.90604201760618,0.9102616988880831,0.2889040964696231,-1.9238419179223272,1.1781725349278618,-0.2778440430541571,2.051111021403085,1.2079274955771124,-1.1369488181754774,-0.8350126833939371,2.376445610331568,0.7084174869368085,0.5443878229771032,1.1458827779619194
-0.011403858671751844,0.5199108132105762,0.5391909193152948,0.3945207073727185,0.1543471704382969,-0.3379553434773232,-1.3332119926464778,-0.2778440430541571,-0.21928996371725018,-0.638800757159222,-0.5521771470707849,0.36881732451783367,0.24771136088307105,-0.0004523113854108622,-1.0069310274776924,0.4587775926284938
0.5084511687251019,1.1382542417957224,-0.8758653940461449,0.5989585778833139,0.3225433279774547,-2.0921400850062866,0.3534096201607098,-0.2778440430541571,-0.5406723334126982,-0.6705228666034426,-0.12764735503000105,0.8604808147488643,-0.8501976192625074,0.1123077799278419,-1.093517661253548,0.5585537086903221
1.6155498381813644,-0.5587032877800546,0.35259008678411596,-0.934325450946149,0.9280494951184228,-0.07256207999877154,-0.7594638780258511,-0.2778440430541571,-1.2742686159852994,-1.4303473215014157,0.5934933496527537,-0.6165768768825836,-0.008526736889101865,0.4929086500891009,-1.2255934258038577,-0.9673477593969732
0.9801714713629877,0.26652948345200134,-0.8758653940461449,2.1322426067127767,-1.023025932335808,-0.5256725298402012,-2.2185646867593425,0.7171250559518502,-0.5053520086086182,0.06217292371066964,0.5346158326219382,0.1643311313926693,-0.8501976192625074,-1.0652063238593565,-1.0991924613507327,2.2143374038577717
-1.3688030968746476,1.0452702675723922,1.0834433475312333,-0.46969392705843305,0.6589356430557703,-0.6421866455137117,-0.11647030129583814,-0.2778440430541571,1.6532854231717047,-0.5378409859321341,-1.743473578689068,1.074111113717151,0.8879723597494732,0.6739875617398418,-0.4717548891240424,-0.27718572602054986
1.4037570492419056,-0.5819492813358872,1.1767437637968226,-0.6555465366135195,0.47391986976269684,-1.9497339436275516,-0.2895839565693032,-0.2778440430541571,-1.1671082826249235,-1.4660588049489882,0.2188127940624036,-0.6448261442469836,0.48557841998000695,0.07026461848292306,-1.5028633795754411,-0.5340223624787982
0.36500968894337765,1.6113102106569148,-0.8758653940461449,0.1668512606677374,-1.023025932335808,0.05689804852735123,-1.0401553047906844,-0.614849705620708,-0.5460357487593934,-0.9668658825684412,-0.4159024313456962,1.1634852453833395,-0.8501976192625074,-1.0652063238593565,-1.1397894791736392,0.0017397563941334063
-1.1464206684882159,1.3323582879869242,-0.8758653940461449,-0.3024265784588555,0.8775906478566756,0.22001781047026622,0.19142469986911012,-0.2778440430541571,1.1304447376563853,0.2866181804782374,-1.081132125851431,1.862753224922891,-0.8501976192625074,1.3445177202813132,0.48181664330649837,-0.18886393500141258
1.1438295355434787,-0.6377396658698853,1.5810455676143769,-0.702009689002291,2.475454144478675,-0.07256207999877154,-1.7363195042118325,-0.2778440430541571,-1.0877765527905823,-1.4563849645044216,0.029858275158084428,-0.6848142072108621,0.764892609410477,1.6153771637271763,-1.4402115813177625,-0.6652203248374998
0.975357998887091,0.9197419023708961,-0.8758653940461449,-1.3106769852951987,1.6512929725368015,2.093305870243262,-2.0825468147587625,-0.6790412603952891,-1.1368831387997342,-1.4714107911990455,0.13101224486351382,0.5885861935239896,-0.8501976192625074,1.1441303068568962,-1.046174859897025,-1.3670647256371564
-0.1173002531414813,0.48736642223241067,-0.8758653940461449,2.1322426067127767,-1.023025932335808,-0.5256725298402012,-1.2788048438462463,3.6057450208080004,0.32972138476595036,1.030723295582516,0.05926646725293443,0.6640030387780829,-0.8501976192625074,-1.0652063238593565,-0.2776490018705295,2.294662736750488
-1.0077926611823882,-0.2553430718764397,1.8220716429671495,-0.804228624257588,0.07024909166871798,0.4349216238236303,0.24830490088753462,0.877603942888303,0.6308077250706023,-0.4623873885235623,-1.1912937996298518,-0.2046031502712702,1.7053686555919543,0.1418494174410041,-0.018597821391048562,-0.7721859247912901
-1.0520766079606387,-0.34716474642197825,1.0570082295893162,-1.1062391147846034,0.7934925690870968,1.4006941826285049,0.281691105833132,-0.2778440430541571,0.5898406214433193,-0.0026088692353427043,-0.8744251305250131,-0.2063259066553376,1.31748465627898,1.3093066877346295,0.852932534741719,-1.0572565100441664
0.16862001192678813,-0.8376552104500453,0.6107212384522466,-0.4929255032528188,0.47391986976269684,-0.22661963294485732,1.0607025545637248,-0.6790412603952891,-0.5703680560859116,-0.2745383862731466,0.3239703433342354,-0.8350126833939371,0.578813475158701,0.6120290573530637,0.06697353477190893,-0.5633833951067441
2.2894359848069157,-0.8376552104500453,-0.8758653940461449,-0.934325450946149,0.35618255948528615,-2.2216002135324096,0.3534096201607098,-0.2778440430541571,-1.4342902408012024,-1.2780304978639614,1.4853145633328722,-0.8350126833939371,-0.8501976192625074,0.1066598198376821,-1.1860366825972892,-0.6648213158389329
0.9416636915558133,-0.8376552104500453,-0.8758653940461449,1.509636364703237,-1.023025932335808,0.3999673891215766,-0.1362547190413773,0.877603942888303,-0.6003588810858791,0.7945962102351584,1.4853145632985714,-0.8350126833939371,-0.8501976192625074,-1.0652063238593565,0.11606723180707917,1.1894203221697606
-1.0973232492340688,-0.8376552104500453,2.2357034884112625,-0.042232925081734825,1.0962456526575806,-1.596307792751237,0.8974811081630285,-0.2778440430541571,1.1298729106328274,0.20255024906566077,-1.1256491481033715,-0.8350126833939371,2.3625415898045907,1.4852931036424954,0.08088454807188143,0.2161404087092039
0.11759720368228202,-0.8376552104500453,0.6200512800788057,-0.6509002213746425,0.5580179485322757,-0.14764895454392216,1.1324210688913026,0.1714968403679107,-0.5740148767915205,-0.30251577039793515,0.30247418703216444,-0.8350126833939371,0.605264070350688,0.727791904394226,0.13834526127938981,-0.7051191715589579
1.437451356573183,-0.28556286349902205,-0.8758653940461449,2.1322426067127767,-1.023025932335808,-0.5256725298402012,-2.2185646867593425,3.6057450208080004,-0.7218525180050998,0.06217292371066964,1.0099651979734294,-0.3353407760006339,-0.8501976192625074,-1.0652063238593565,-1.0991924613507327,2.2143374038577717
-0.6361925860431558,-0.8376552104500453,1.0150230422698008,-0.0840497622316282,-0.06430783436260824,1.1003466844478995,0.07271819339587667,-0.2778440430541571,0.30675456973967224,0.5489151992701857,-0.24685453549557934,-0.8350126833939371,1.2812021991591183,0.19439325141463712,0.7778685228941951,-0.1403908149523198
0.5277050586286891,-0.6342527668365104,1.658795914502368,-0.702009689002291,1.987685287615117,0.3028722927269845,-1.5013795434835586,-0.2778440430541571,-0.8252266351178522,-1.1871030184857743,-0.18558242685413057,-0.664725275810751,1.0064723485891458,1.5053459476494913,-1.1018818880064452,-0.6277568760529703
-0.733424730056271,-0.7098022458929663,1.3166943881952067,1.1100532541598014,-0.7370924645192395,-0.3962124013140784,0.34104435906974806,0.1714968403679107,0.8579581297243174,0.8848023355896737,-0.5557335591077799,-0.6797474014366832,1.4795206576805386,-0.7110789360813747,0.3021230733297431,1.0355383867948602
0.22926976512308786,-0.8376552104500453,-0.8758653940461449,0.9706637969934866,-1.023025932335808,0.018060009969514405,0.5388885365251367,-0.2778440430541571,-0.27092927162244335,1.6133501748847905,1.4853145632675935,-0.8350126833939371,-0.8501976192625074,-1.0652063238593565,1.1265958347694378,0.9471263821575499
-0.38589201729652245,-0.8376552104500453,0.5873961343858493,0.213314413056509,0.1543471704382969,-0.29393889977844173,0.9098463692539903,0.1714968403679107,0.09259311937520172,0.7241031447204663,0.13882524121174877,-0.8350126833939371,0.8066308616239259,0.4886550405069222,0.6996138942198047,0.21297168529760327
0.5854667283394506,-0.8376552104500453,-0.8758653940461449,0.691884882660857,-1.023025932335808,-0.05961606714615925,0.09373913725051226,-0.614849705620708,-0.5666618873832039,0.8783456559385243,1.485314563284773,-0.8350126833939371,-0.8501976192625074,-1.0652063238593565,0.4950392884228778,0.7461583241700911
0.5084511687251019,-0.8376552104500453,-0.8758653940461449,0.459569120716999,-1.023025932335808,0.6783066654527405,0.5883495808889838,-0.614849705620708,-0.5701059374097724,0.869785922591247,1.4853145632813838,-0.8350126833939371,-0.8501976192625074,-1.0652063238593565,0.8371564308495442,0.27414505406094725
-0.011403858671751844,-0.8376552104500453,-0.8758653940461449,0.4131059683282274,-1.023025932335808,-0.05961606714615925,1.0211337190726464,-0.502514484765191,-0.21460042199740706,1.7533481217292448,1.4853145632533875,-0.8350126833939371,-0.8501976192625074,-1.0652063238593565,1.662500159571216,0.48299457247388067
-0.48312416130963765,3.1385719872751148,-0.8758653940461449,0.1668512606677374,-1.023025932335808,-0.21755742394802963,-1.2256342211551112,-0.2778440430541571,0.1911529196170563,-1.182960504737485,-1.3671151487670716,2.16336934642275,-0.8501976192625074,-1.0652063238593565,-1.388537154434415,-0.019479321825899173
-0.7189843126285805,2.7108457058477953,-0.8758653940461449,0.9938953731878725,-1.023025932335808,-0.11916772626817602,-1.7734152874847178,-0.6790412603952891,0.7936510477265346,-0.5838445904545461,-1.3669684799469923,2.163215172883359,-0.8501976192625074,-1.0652063238593565,-1.165486388885366,0.9329590591037301
0.16188115046053272,-0.8376552104500453,-0.8758653940461449,0.1343270539955978,-1.023025932335808,1.2479312309676807,-0.054643995841029205,-0.2778440430541571,-0.4172840047997027,1.2496047355197835,1.4853145632638585,-0.8350126833939371,-0.8501976192625074,-1.0652063238593565,1.372319788233695,0.16118583885754434
-0.8422092080115385,-0.8376552104500453,1.0741133059046744,-0.9296791357072721,0.2889040964696231,1.5197975008725384,0.37814014234263343,-0.502514484765191,0.3066100486028875,0.327010118049423,-0.40044343781510866,-0.8350126833939371,1.4701903058800128,0.7544273421980182,1.1768070708048575,-0.9075911325449044
-1.2051450326941566,0.34789046089741527,-0.8758653940461449,0.459569120716999,-1.023025932335808,-1.0952970953551413,2.0981479600954187,-0.2778440430541571,1.6214471130003936,2.2651502400726584,-0.4160828981328464,1.1636749461429736,-0.8501976192625074,-1.0652063238593565,2.1505551033590087,0.5695336302328645
-1.072293192359405,2.070418583384608,-0.8758653940461449,0.9938953731878725,-1.023025932335808,0.03877363053369434,-0.9993499431905096,-0.2778440430541571,1.5081806065735692,0.12682037058436954,-1.366781628789593,2.163018760957103,-0.8501976192625074,-1.0652063238593565,-0.4539785767193724,0.9928399280738436
-0.011403858671751844,-0.8376552104500453,-0.8758653940461449,0.4131059683282274,-1.023025932335808,-0.05961606714615925,1.0211337190726464,-0.6790412603952891,-0.21460042199740706,1.7533481217292448,1.4853145632533875,-0.8350126833939371,-0.8501976192625074,-1.0652063238593565,1.662500159571216,0.48299457247388067
0.5277050586286891,-0.8376552104500453,-0.8758653940461449,0.459569120716999,-1.023025932335808,-0.5360293401222904,0.8554392204537588,-0.2778440430541571,-0.5814197551620618,0.8416669166673473,1.4853145632822462,-0.8350126833939371,-0.8501976192625074,-1.0652063238593565,0.6321611475761202,0.5002127561914911
-0.8037014282043642,-0.8376552104500453,0.6869165784024781,-0.5533276013582225,0.23844524920787583,0.32876431843220905,1.587462677038696,-0.6790412603952891,0.3850021663475943,0.841519123983023,-0.13299882485297906,-0.8350126833939371,1.1411049989488837,0.808315544754647,1.5403111695516962,-0.5766273276858617
-0.5370350530396817,-0.8376552104500453,0.6278263147676049,0.33411860926731624,-0.2661432234095977,-0.07126747871351001,1.1979569526733995,0.1714968403679107,0.3103214482982668,0.97608867727561,0.04481679990979855,-0.8350126833939371,0.9223063894057677,-0.02528719703468029,0.9854125091920928,0.22811407035901482
-0.4465417704928219,-0.8376552104500453,1.0150230422698008,-0.37676762228088984,0.10388832317654959,1.0848114690247672,0.0628259845231078,0.1714968403679107,-0.01612436919954785,0.16193306385467018,-0.15029615618666636,-0.8350126833939371,1.1623890230931366,0.3328417774951777,0.5219350938003046,-0.41987796097638697
-1.1666372528869824,1.905372029138197,-0.8758653940461449,0.459569120716999,-1.023025932335808,-0.4816560861413198,0.09621218946870519,-0.2778440430541571,1.5176177192178875,0.13117905706007965,-1.3692007095320695,2.1655616205323107,-0.8501976192625074,-1.0652063238593565,-0.15304509611763562,0.4909317587918619
0.3351661595928173,0.8476793223478154,-0.8758653940461449,-0.1909150127258034,0.3225433279774547,0.38054836984265816,-1.0438648831179724,-0.2778440430541571,-0.6070311615967444,-0.6751660056983407,-0.01961246672054806,0.7469180277844986,-0.8501976192625074,0.22286041412378974,-0.7064957643471252,-0.1657165941565762
-1.63546947203933,1.0499194662835587,-0.8758653940461449,0.9938953731878725,-1.023025932335808,-0.4454072501540045,0.9345768914359139,-0.614849705620708,3.6483392046037673,2.2555739689983154,-1.366430428692076,2.1626495906874497,-0.8501976192625074,-1.0652063238593565,1.676672254706022,1.0908853300542278
-0.4253624915988761,0.9755322869048945,-0.8758653940461449,0.3201796635506842,-0.030668602854776645,0.10868209993780034,-0.16593134565968531,-0.2778440430541571,0.16913034756082237,0.09942486107338891,-0.41608289809413,1.1636749461701048,-0.8501976192625074,0.05037506696269704,-0.07429118909476169,0.2935105012747442
-1.018382300629361,-0.6795824542703839,1.8049665666517916,-1.1759338433677609,-0.3334216864252609,0.43621622510889035,1.026079823509031,-0.2778440430541571,0.4997930477072811,-0.28085533302715465,-0.9816213171421165,-0.6454050399647411,1.963366498537895,-0.22161964676320856,0.5261380360290536,-1.1160505761721087
0.9320367466040198,0.25258188731850173,-0.8758653940461449,-2.579121045508664,2.912764154080485,-1.5600589567639218,2.710228384098027,-0.6790412603952891,-1.357498013613487,-1.6323770230266992,0.5342102444251874,0.16475747261030327,-0.8501976192625074,2.615592749391474,-0.5076524989170391,-2.4347186620696037
1.836969572072617,0.5245600119217428,-0.8758653940461449,-2.0587337387544213,4.392890340425074,-1.5600589567639218,0.8294721721627387,-0.2778440430541571,-1.4996848385631913,-1.914692028452965,0.5349401924906587,0.1639901747897716,-0.8501976192625074,2.985436167007871,-1.3655346801422552,-1.9887764529210574
-1.0385988850281276,0.9697207885159363,-0.8758653940461449,0.1668512606677374,-1.023025932335808,0.699020286016919,-0.6073711666070217,-0.614849705620708,1.0873187967860667,0.7884370607274546,-0.783464635967201,1.5498547689973934,-0.8501976192625074,-1.0652063238593565,0.6710036338002945,0.3686028216426628
-0.8296941795742068,2.5097678615898436,-0.8758653940461449,0.459569120716999,-1.023025932335808,-0.5541537581159488,-0.7087663075529076,-0.2778440430541571,0.7936510477169765,-0.5835273242201791,-1.3667816287836088,2.1630187609665392,-0.8501976192625074,-1.0652063238593565,-0.9220300912858083,0.43734830329288893
-0.8460599859922558,-0.8376552104500453,1.0710032920291546,-0.7205949499577999,0.6421160273018547,1.3773913594938034,0.315077310778728,-0.6790412603952891,0.3892057976354311,0.4500023911234063,-0.4010163572129377,-0.8350126833939371,1.470895271867893,1.248720856531129,1.1443474585786817,-0.707637966592375
1.075478226385744,1.3590911805761317,-0.8758653940461449,-1.6823822044053716,2.677289533525664,-0.3612581666120247,-0.21786544224172538,-0.614849705620708,-1.2386440648162733,-1.7778329736737535,-0.06661202245382371,0.7963224435311129,-0.8501976192625074,1.7372121534202603,-1.3245399957168709,-1.6833078870890212
1.0629631979484129,0.2909377766856254,-0.8758653940461449,-1.1248243757401124,1.0121475738880017,-1.5600589567639218,1.8829924171126837,-0.2778440430541571,-1.1342954596202148,-1.1880819623643588,0.5350073083209237,0.16391962477802574,-0.8501976192625074,0.771886595783398,-0.7325841496454322,-1.2020089271652874
-0.27133137237017874,-0.8376552104500453,0.6122762453900066,0.4502764902392452,-0.13158629737827143,-0.30688491263105405,1.0359720323818011,-0.2778440430541571,0.03763126893636473,0.6660343357560342,0.1694067164902823,-0.8350126833939371,0.7690009611195234,0.06534516578416105,0.548418964977475,0.3297158771671778
-0.3868547117917018,-0.8376552104500453,-0.8758653940461449,0.1807902063843694,-1.023025932335808,1.8952318735982945,0.1926612259782066,-0.614849705620708,0.0841115631675065,2.495757471454928,1.4853145632252673,-0.8350126833939371,-0.8501976192625074,-1.0652063238593565,2.8352217402371043,0.15658969773981318
1.6155498381813644,-0.5587032877800546,0.35259008678411596,-0.934325450946149,0.9280494951184228,-0.07256207999877154,-0.7594638780258511,0.1714968403679107,-1.2742686159852994,-1.4303473215014157,0.5934933496527537,-0.6165768768825836,-0.008526736889101865,0.4929086500891009,-1.2255934258038577,-0.9673477593969732
-1.0896216932726337,0.6558998755121968,1.1782987707345824,-0.3256581546532413,0.33936294373137044,0.4297432186825842,-0.331625844278573,-0.2778440430541571,0.9924378790420831,-0.49136028930925973,-1.4253067856128196,0.6736301760957847,0.9652710336282997,0.33824468194478235,-0.3581592756796752,-0.3551631593950261
0.9320367466040198,0.25258188731850173,-0.8758653940461449,-2.579121045508664,2.912764154080485,-1.5600589567639218,2.710228384098027,-0.614849705620708,-1.357498013613487,-1.6323770230266992,0.5342102444251874,0.16475747261030327,-0.8501976192625074,2.615592749391474,-0.5076524989170391,-2.4347186620696037
-1.1839657538002109,1.2998138970087587,1.3509045408259226,0.5432027950167885,0.524378717024444,-1.2040436033170843,-0.9263949027538353,-0.2778440430541571,1.6013430253747896,-0.5688005924610989,-1.738545635855034,1.0702260429103907,0.8864564257067946,0.3414384012007084,-1.0505478092540776,0.692171729150154
0.3380542430783555,2.2098945447196034,-0.8758653940461449,-0.30707289369773244,0.42346102250094936,0.9618243469249506,-1.998463039340223,-0.614849705620708,-0.6347133088421403,-1.3506820497082788,-0.6803953166857386,1.4415116279701943,-0.8501976192625074,0.036756592645993784,-1.3698104885266567,-0.4999906536308522
-0.5774682218372149,-0.2030395863758164,1.049233194900517,-1.9193442815881065,0.9785083423801703,1.3346695170801834,0.23841269201476575,-0.502514484765191,-0.3583062914482765,-0.9465912558736014,-0.6529185879392668,-0.14711338577515706,0.9756120006449002,1.1474201686179546,0.12794319315343194,-1.8093178229182252
0.4160324971878832,-0.8376552104500453,1.11298847934867,0.01816917302366879,0.9112298793645072,-1.327030725416901,0.0776642978322625,-0.2778440430541571,-0.6098300080206386,-0.5335872316015949,0.13216112845646574,-0.8350126833939371,0.8148309206170459,0.8222429052065134,-0.7230433024827537,0.1407623850047774
0.4651299164420308,-0.8376552104500453,1.2684891731246524,0.7848111874384002,0.7934925690870968,-2.220305612247148,0.23593963979657284,-0.2778440430541571,-0.47451809227053193,-0.3534166630841493,0.07380126698458478,-0.8350126833939371,0.8866415759620428,0.6497197400838368,-0.9199284712688393,0.8864400940332144
-1.284085981298864,-0.8376552104500453,1.2016238748009798,-0.06081818603724241,0.843951416348844,0.08926308065888193,0.47087960052484684,-0.2778440430541571,1.6010424500916582,1.4296472992808955,-0.7958160118181287,-0.8350126833939371,1.9566884387643633,1.8749309258112987,1.5383070163091215,0.1743232126596311
-1.0992486382244273,1.0568932643503084,1.1145434862864296,0.691884882660857,0.3225433279774547,-0.1502381571144452,-1.6373974154841382,-0.2778440430541571,1.4471129510420664,-0.31744205721935836,-1.5548319271664208,0.9550207430903057,0.7952578333990973,0.2313531618465688,-0.8467508932721229,0.8262305102447454
0.2774044898820558,-0.8376552104500453,-0.8758653940461449,0.5060322731057706,-1.023025932335808,-0.05961606714615925,0.47706223107032775,2.1614350383799255,-0.4122638417125854,1.2620816905738834,1.4853145632701572,-0.8350126833939371,-0.8501976192625074,-1.0652063238593565,1.0181511715120988,0.6031802831917742
1.1727103703988595,-0.8376552104500453,-0.8758653940461449,0.227253358773141,-1.023025932335808,0.6783066654527405,-0.35141026202411213,-0.2778440430541571,-0.9356467710421928,-0.03871774004353078,1.4853145633061566,-0.8350126833939371,-0.8501976192625074,-1.0652063238593565,-0.10631451857673475,0.1180692140930546
1.836969572072617,0.5245600119217428,-0.8758653940461449,-2.0587337387544213,4.392890340425074,-1.5600589567639218,0.8294721721627387,-0.614849705620708,-1.4996848385631913,-1.914692028452965,0.5349401924906587,0.1639901747897716,-0.8501976192625074,2.985436167007871,-1.3655346801422552,-1.9887764529210574
-0.7661563428923692,0.7012295629460703,-0.8758653940461449,0.459569120716999,-1.023025932335808,0.07502246652100812,0.6439932557983119,-0.2778440430541571,0.685727833068832,0.869785922591247,-0.4160828981071658,1.1636749461609701,-0.8501976192625074,-1.0652063238593565,0.7329929824219787,0.40808402950098566
-1.0896216932726337,0.6558998755121968,1.1782987707345824,-0.3256581546532413,0.33936294373137044,0.4297432186825842,-0.331625844278573,-0.502514484765191,0.9924378790420831,-0.49136028930925973,-1.4253067856128196,0.6736301760957847,0.9652710336282997,0.33824468194478235,-0.3581592756796752,-0.3551631593950261
-0.3714515998688321,3.3396498315330656,-0.8758653940461449,0.1668512606677374,-1.023025932335808,-0.40139080645512304,-1.349286832064729,-0.2778440430541571,0.06309736724786345,-1.3098053576722293,-1.366781628775739,2.1630187609789475,-0.8501976192625074,-1.0652063238593565,-1.5346019894056304,-0.033456420707799646
0.9801714713629877,-0.8376552104500453,-0.8758653940461449,2.1322426067127767,-1.023025932335808,-0.5256725298402012,-1.2788048438462463,2.1614350383799255,-0.5053520086086182,1.030723295582516,1.4853145632999019,-0.8350126833939371,-0.8501976192625074,-1.0652063238593565,-0.2776490018705295,2.294662736750488
-0.3916681842675986,1.9228065243050714,-0.8758653940461449,2.1322426067127767,-1.023025932335808,-0.5256725298402012,-2.2185646867593425,5.130294446704302,0.663750742110504,0.06217292371066964,-0.8914322634325345,1.663346853572579,-0.8501976192625074,-1.0652063238593565,-1.0991924613507327,2.2143374038577717
-0.6227148631106447,-0.8376552104500453,1.8329566915314681,-1.278152778623059,0.9448691108723386,1.0317328163290551,0.025730201250222427,0.877603942888303,-0.10226558014580427,-0.5935201059941773,-0.650508481418717,-0.8350126833939371,1.7778903964574813,1.160172326556287,0.13074900472636267,-1.1999148657911454
-0.4272878805892347,-0.8376552104500453,0.5951711690746484,0.7337017198107517,-0.24932360765568193,-0.33148233705101704,0.9741457269269922,-0.2778440430541571,0.294996110575215,1.0518599510594442,0.11600731718315747,-0.8350126833939371,0.8347078658621828,-0.032281916292551796,0.7566080974744803,0.6290165230528899
0.7780056273753223,-0.616818271669636,1.3166943881952067,-1.3060306700563218,0.8103121848410125,-0.3962124013140784,0.34104435906974806,-0.2778440430541571,-1.0607753210308843,-1.4170902647062902,0.01988299384642382,-0.6520884783748676,0.7388587777418181,0.48351399631789876,-0.9798295002747667,-1.3326751443914107
-1.3784300418264412,-0.8376552104500453,1.7054461226351627,-0.09798870794826021,0.6589356430557703,-0.1502381571144452,0.3905054034335952,-0.2778440430541571,1.876153594601592,1.014634418939674,-1.1362134981079195,-0.8350126833939371,2.375540813517121,1.3846880531737102,1.074711663160945,0.1558608184438417
0.2774044898820558,-0.8376552104500453,-0.8758653940461449,0.5060322731057706,-1.023025932335808,-0.05961606714615925,0.47706223107032775,0.7171250559518502,-0.4122638417125854,1.2620816905738834,1.4853145632701572,-0.8350126833939371,-0.8501976192625074,-1.0652063238593565,1.0181511715120988,0.6031802831917742
0.5084511687251019,-0.8376552104500453,-0.8758653940461449,0.459569120716999,-1.023025932335808,-1.2118112110286519,0.6378106252528309,-0.6790412603952891,-0.5701059374097724,0.869785922591247,1.4853145632813838,-0.8350126833939371,-0.8501976192625074,-1.0652063238593565,0.4858212841342398,0.7461762739854324
0.4381744705770086,2.449328278344679,-0.8758653940461449,0.0785712711290724,0.7093944903175179,-0.3871501923172493,-1.4036939808649607,-0.614849705620708,-0.6098902527303158,-1.3660329832858866,-0.7311537057715232,1.4948672079740952,-0.8501976192625074,0.18712797741726708,-1.5662088281063895,-0.14287264945092626
-1.0077926611823882,-0.2553430718764397,1.8220716429671495,-0.804228624257588,0.07024909166871798,0.4349216238236303,0.24830490088753462,0.1714968403679107,0.6308077250706023,-0.4623873885235623,-1.1912937996298518,-0.2046031502712702,1.7053686555919543,0.1418494174410041,-0.018597821391048562,-0.7721859247912901
-0.8422092080115385,-0.8376552104500453,1.0741133059046744,-0.9296791357072721,0.2889040964696231,1.5197975008725384,0.37814014234263343,0.1714968403679107,0.3066100486028875,0.327010118049423,-0.40044343781510866,-0.8350126833939371,1.4701903058800128,0.7544273421980182,1.1768070708048575,-0.9075911325449044
-0.6227148631106447,-0.8376552104500453,1.8329566915314681,-1.06442227763471,0.9448691108723386,0.9191025045113277,-0.018784738677240294,0.877603942888303,-0.032295860481166956,-0.4977559474801498,-0.650508481418717,-0.8350126833939371,1.7778903964574813,1.160172326556287,0.10476712562664599,-1.0037051834178443
-0.8460599859922558,-0.8376552104500453,1.0710032920291546,-0.7205949499577999,0.6421160273018547,1.3773913594938034,0.315077310778728,-0.2778440430541571,0.3892057976354311,0.4500023911234063,-0.4010163572129377,-0.8350126833939371,1.470895271867893,1.248720856531129,1.1443474585786817,-0.707637966592375
0.6817361778573865,-0.8376552104500453,-0.8758653940461449,0.459569120716999,-1.023025932335808,0.9631189482102106,0.402870664524557,-0.2778440430541571,-0.6672621316895949,0.6283169806025831,1.4853145632887907,-0.8350126833939371,-0.8501976192625074,-1.0652063238593565,0.6180168223144744,0.19683811838459683
-1.2532797574531247,-0.8376552104500453,1.9542472326767346,-0.051525555559488616,1.4999164307515596,-1.729651725133143,1.3673610296195766,-0.2778440430541571,1.5177574811082069,0.6149314692474906,-1.136309209239387,-0.8350126833939371,2.3756585841885607,2.2866946192729434,0.5457491933889791,0.22238734736501425
0.2610386834640068,1.5276246338559178,-0.8758653940461449,0.9938953731878725,-1.023025932335808,-0.09327570056295147,-1.761050026393756,-0.6790412603952891,-0.2892060693313962,-0.5838445904545461,-0.41589604691142895,1.1634785342687872,-0.8501976192625074,-1.0652063238593565,-1.160657631346335,0.9224833894644452
-0.8422092080115385,-0.8376552104500453,1.0741133059046744,-0.9296791357072721,0.2889040964696231,1.5197975008725384,0.37814014234263343,-0.2778440430541571,0.3066100486028875,0.327010118049423,-0.40044343781510866,-0.8350126833939371,1.4701903058800128,0.7544273421980182,1.1768070708048575,-0.9075911325449044
-1.0896216932726337,-0.8376552104500453,1.3571245685769622,-0.8506917766463596,-1.023025932335808,0.42715401611206266,1.5763339420568305,-0.502514484765191,0.7700328103008494,0.4720649475434109,-0.7266157304328394,-0.8350126833939371,1.8715388611349266,-1.0652063238593565,1.3292358542975014,-0.8394406294472887
-0.2694059833798201,1.1010606521063904,-0.8758653940461449,0.9938953731878725,-1.023025932335808,0.0646656562389189,-0.980802051554067,-0.6790412603952891,0.18750154002765473,0.12682037058436954,-0.41608289808939514,1.1636749461734233,-0.8501976192625074,-1.0652063238593565,-0.4471048345727142,0.9804389052048462
0.4218086641589596,-0.8376552104500453,-0.8758653940461449,0.9706637969934866,-1.023025932335808,0.018060009969514405,0.32867909797878625,-0.2778440430541571,-0.4065148195437041,1.2763701290093261,1.4853145632773699,-0.8350126833939371,-0.8501976192625074,-1.0652063238593565,0.7816945926646679,0.9365880261482504
-1.216697366636309,1.2324005156968443,1.2809292286267306,-0.6787781128079052,2.0549637506307805,-0.3703203756088539,-0.974619421008586,-0.2778440430541571,1.1295263438648517,-0.9269775734682812,-1.7283149489109542,1.0640817832454508,0.8810601404599558,1.814595894913924,-0.8664715034576642,-0.4564422156218592
-0.8296941795742068,2.5097678615898436,-0.8758653940461449,0.459569120716999,-1.023025932335808,-0.5541537581159488,-0.7087663075529076,-0.614849705620708,0.7936510477169765,-0.5835273242201791,-1.3667816287836088,2.1630187609665392,-0.8501976192625074,-1.0652063238593565,-0.9220300912858083,0.43734830329288893
-1.0896216932726337,0.6558998755121968,1.1782987707345824,-0.3256581546532413,0.33936294373137044,0.4297432186825842,-0.331625844278573,-0.6790412603952891,0.9924378790420831,-0.49136028930925973,-1.4253067856128196,0.6736301760957847,0.9652710336282997,0.33824468194478235,-0.3581592756796752,-0.3551631593950261
-0.051837027469284806,0.3839217509089557,0.396130281041391,1.2819669179982558,0.49073948551661256,-0.888160889713345,-1.1588618112639164,-0.2778440430541571,0.04248634048538744,-0.13018872291846392,-0.44731098342914816,0.30737403548792863,0.1906001580349493,0.378509984049866,-0.9088329712345915,1.3386910469536006
1.1727103703988595,-0.8376552104500453,-0.8758653940461449,0.227253358773141,-1.023025932335808,0.6783066654527405,-0.35141026202411213,-0.614849705620708,-0.9356467710421928,-0.03871774004353078,1.4853145633061566,-0.8350126833939371,-0.8501976192625074,-1.0652063238593565,-0.10631451857673475,0.1180692140930546
-0.25785364943766764,-0.8376552104500453,0.9637078133237267,0.2969480873562984,0.053429475914802266,0.7223231091516235,-0.19437144616889684,-0.2778440430541571,-0.018871747062505523,0.30328441740238854,-0.03575197499798882,-0.8350126833939371,1.0214446735221985,0.2113629290337016,0.22635780142935544,0.1957766114798463
-0.5774682218372149,-0.2030395863758164,1.049233194900517,-1.9193442815881065,0.9785083423801703,1.3346695170801834,0.23841269201476575,-0.6790412603952891,-0.3583062914482765,-0.9465912558736014,-0.6529185879392668,-0.14711338577515706,0.9756120006449002,1.1474201686179546,0.12794319315343194,-1.8093178229182252
0.9801714713629877,-0.8376552104500453,-0.8758653940461449,2.1322426067127767,-1.023025932335808,-0.5256725298402012,-1.2788048438462463,0.7171250559518502,-0.5053520086086182,1.030723295582516,1.4853145632999019,-0.8350126833939371,-0.8501976192625074,-1.0652063238593565,-0.2776490018705295,2.294662736750488
-1.63546947203933,1.0499194662835587,-0.8758653940461449,0.9938953731878725,-1.023025932335808,-0.4454072501540045,0.9345768914359139,-0.2778440430541571,3.6483392046037673,2.2555739689983154,-1.366430428692076,2.1626495906874497,-0.8501976192625074,-1.0652063238593565,1.676672254706022,1.0908853300542278
-0.6207894741202861,-0.8376552104500453,1.8407317262202672,-1.2688601481453041,0.6925748745636018,1.0472680317521903,0.036858936232087754,0.877603942888303,-0.10142709944576662,-0.5951645583645162,-0.6527784883584552,-0.8350126833939371,1.7806835951024966,0.8713708430879021,0.12821848373855962,-1.1959812654603572
0.5084511687251019,-0.8376552104500453,-0.8758653940461449,0.459569120716999,-1.023025932335808,0.0698440613799635,0.6378106252528309,-0.2778440430541571,-0.5701059374097724,0.869785922591247,1.4853145632813838,-0.8350126833939371,-0.8501976192625074,-1.0652063238593565,0.7307662103653323,0.4110002659679785
-0.38589201729652245,-0.8376552104500453,0.5873961343858493,0.213314413056509,0.1543471704382969,-0.29393889977844173,0.9098463692539903,-0.2778440430541571,0.09259311937520172,0.7241031447204663,0.13882524121174877,-0.8350126833939371,0.8066308616239259,0.4886550405069222,0.6996138942198047,0.21297168529760327
-0.8422092080115385,-0.8376552104500453,1.0741133059046744,-0.9296791357072721,0.2889040964696231,1.5197975008725384,0.37814014234263343,0.877603942888303,0.3066100486028875,0.327010118049423,-0.40044343781510866,-0.8350126833939371,1.4701903058800128,0.7544273421980182,1.1768070708048575,-0.9075911325449044
0.748162098024762,-0.8376552104500453,1.3260244298217656,0.5199712188224026,0.8271318005949282,-2.216421808391365,0.06158945841401133,-0.2778440430541571,-0.6900374670391545,-0.6760019828412646,0.13236038978501974,-0.8350126833939371,0.8145857335057228,0.565266094726156,-1.1296201573282434,0.6097683030990884
-1.334146095048191,1.5962003148456239,-0.8758653940461449,0.459569120716999,-1.023025932335808,0.9631189482102106,0.41399939950642234,-0.6790412603952891,2.0126295604178392,0.6283169806025831,-1.3667816287984778,2.1630187609430953,-0.8501976192625074,-1.0652063238593565,0.6201287465286606,0.19408516640237444
1.8947312417833786,-0.8376552104500453,0.04158869923215118,-1.8635884987215812,-0.7034532330114079,1.6233656036934367,-1.6373974154841382,-0.2778440430541571,-1.4830227300062786,-1.6657402865730915,0.960115826335917,-0.8350126833939371,-0.203950960395987,-0.8028290590193713,-1.0632216234139593,-1.7622058498942592
-0.40610860169528895,0.9871552836828107,-0.8758653940461449,0.459569120716999,-1.023025932335808,-6.440802414248876e-05,-0.30071269155116853,-0.2778440430541571,0.18818352146577447,0.13117905706007965,-0.4136638173538805,1.1611320865908976,-0.8501976192625074,-1.0652063238593565,-0.14241740624247937,0.4740849801851984
-1.1570103079351888,-0.8376552104500453,2.1563981345855114,1.7605373876026038,0.8271318005949282,-0.9658369668290187,-0.7470986169348894,-0.2778440430541571,2.067989489047622,1.2182141607639954,-1.14055303565772,-0.8350126833939371,2.3808805286764474,1.2326974388591088,0.007307103847607077,2.0261535460807574
-0.6092371401781336,-0.2123379837981495,1.0196880630830805,-1.2316896262342876,0.5916571800401071,0.5397843279297886,0.08879303281412783,-0.6790412603952891,-0.10247367589823182,-0.5967521116995497,-0.6529057001856187,-0.146780511923445,0.9752064856765862,0.7471886561531113,0.033103208613843006,-1.0826185520012344
-0.6227148631106447,-0.8376552104500453,1.8329566915314681,-1.06442227763471,0.9448691108723386,0.9191025045113277,-0.018784738677240294,0.1714968403679107,-0.032295860481166956,-0.4977559474801498,-0.650508481418717,-0.8350126833939371,1.7778903964574813,1.160172326556287,0.10476712562664599,-1.0037051834178443
0.08486559084618403,0.5687273996778246,0.5858411274480896,0.2737165111619126,0.49073948551661256,-0.888160889713345,-0.9573080554812398,-0.2778440430541571,-0.3265693580059697,-0.7893282000522232,-0.5505442723407388,0.3693757786510459,0.24504842329354415,0.2568581915730861,-1.1199780744750545,0.3406258242404524
-1.3302953170674734,1.0685162611282246,1.1145434862864296,2.5504109782117212,-0.013848987100860922,-1.3412713395547746,-1.4519184991197114,-0.2778440430541571,3.0437099131187115,0.6159505668926908,-1.7276950358133858,1.0618899280025909,0.8828631005526643,-0.041014369006048,-0.839205453554419,2.7111648093604446
-1.0607408584172529,-0.34832704609976994,1.6712359700044468,-2.8021441769747675,-0.06430783436260824,1.1145872985857748,0.08261040226864694,0.1714968403679107,-0.09941355355890631,-1.1827730745226954,-1.1323488313347903,-0.27239735038676083,1.7121968509925771,0.05896692639548691,0.29734336927183824,-2.374749983975352
0.2610386834640068,1.5276246338559178,-0.8758653940461449,0.9938953731878725,-1.023025932335808,-0.09327570056295147,-1.761050026393756,-0.614849705620708,-0.2892060693313962,-0.5838445904545461,-0.41589604691142895,1.1634785342687872,-0.8501976192625074,-1.0652063238593565,-1.160657631346335,0.9224833894644452
1.8947312417833786,0.5431568067664088,-0.8758653940461449,-0.04687924032061172,0.47391986976269684,-1.5600589567639218,0.09992176779599315,-0.614849705620708,-1.2157015747122262,-1.3504187015323952,0.534295624240951,0.16466772412668348,-0.8501976192625074,0.0400516833385885,-1.4771714930259334,-0.28592749336625367
0.305322630242257,0.8221087294363997,0.8533023207427792,-0.6648391670912732,2.6941091492795803,-0.7599953624724837,-1.5112717523563275,-0.2778440430541571,-0.6954449050636178,-1.41026181438242,-0.6558228510888016,0.4303384138928253,0.3032297404646704,1.8248348865882562,-1.4571910124130376,-0.5191490475788489
-0.848948069477794,1.370714177354048,-0.8758653940461449,2.1322426067127767,-1.023025932335808,-0.5256725298402012,-1.2788048438462463,-0.2778440430541571,1.4431525759027413,1.030723295582516,-0.8914322634450439,1.6633468535594294,-0.8501976192625074,-1.0652063238593565,-0.2776490018705295,2.294662736750488
-1.497804159228682,1.2998138970087587,-0.8758653940461449,0.9938953731878725,-1.023025932335808,-0.18648699310175898,0.3299156240878827,0.7171250559518502,2.936582272288934,1.546862156045921,-1.3667816288060322,2.1630187609311835,-0.8501976192625074,-1.0652063238593565,0.967915618096396,1.0658817582996756
-0.010441164176572267,-0.8376552104500453,0.6387113633319237,-0.9993738642904295,0.9616887266262546,0.016765408684252883,1.2634928364554978,0.877603942888303,-0.5716850770073477,-0.3507648850661824,0.24902542618261367,-0.8350126833939371,0.6710317134990881,1.2583009787849115,0.3142894749428671,-1.0073403380984003
-1.2147719776459502,1.2312382160190527,1.2855942494400103,-0.6555465366135195,2.004504903369033,-0.3703203756088539,-0.9696733165722016,-0.2778440430541571,1.1354939572403595,-0.9208334238874042,-1.7276011896909027,1.0613966879490058,0.8833250037327529,1.76497016546327,-0.8682154452012144,-0.4394421087420941
-1.0896216932726337,-0.8376552104500453,1.3571245685769622,-0.8506917766463596,-1.023025932335808,0.42715401611206266,1.5763339420568305,0.877603942888303,0.7700328103008494,0.4720649475434109,-0.7266157304328394,-0.8350126833939371,1.8715388611349266,-1.0652063238593565,1.3292358542975014,-0.8394406294472887
1.190038871312088,0.2630425844186265,-0.8758653940461449,-1.6126874758222143,0.8944102636105914,-0.3340715396215401,0.9729092008178958,0.7331729446454954,-1.2625110823029155,-1.415849899598755,0.5786562572098738,0.11803725880523615,-0.8501976192625074,0.6279593489425038,-0.7629854744187738,-1.6427903898980902
1.8947312417833786,0.5431568067664088,-0.8758653940461449,-0.04687924032061172,0.47391986976269684,-1.5600589567639218,0.09992176779599315,-0.6790412603952891,-1.2157015747122262,-1.3504187015323952,0.534295624240951,0.16466772412668348,-0.8501976192625074,0.0400516833385885,-1.4771714930259334,-0.28592749336625367
0.6913631228091801,-0.8376552104500453,-0.8758653940461449,0.9706637969934866,-1.023025932335808,0.018060009969514405,0.019547570704741533,-0.502514484765191,-0.5703021614333306,0.8692982335899172,1.4853145632891798,-0.8350126833939371,-0.8501976192625074,-1.0652063238593565,0.3622460386735429,0.9260771376176884
-0.25785364943766764,-0.8376552104500453,0.9637078133237267,0.5013859578668937,-0.04748821860869252,0.9191025045113277,-0.23641333387816807,0.877603942888303,0.03796609550038098,0.39934477346412117,-0.03575197499798882,-0.8350126833939371,1.0214446735221985,0.09168456157497738,0.25249709244271884,0.31733268410116444
-0.46387027140605047,-0.8376552104500453,0.9637078133237267,0.6221901540776996,-0.24932360765568193,0.7352691220042357,-0.18324271118703153,0.1714968403679107,0.3065249015998036,0.718347493745956,-0.12920825958402782,-0.8350126833939371,1.1364407833827863,-0.09129769496033613,0.4739212983387369,0.5142704293982371
-1.0520766079606387,-0.34716474642197825,1.0570082295893162,-1.1062391147846034,0.7934925690870968,1.4006941826285049,0.281691105833132,-0.502514484765191,0.5898406214433193,-0.0026088692353427043,-0.8744251305250131,-0.2063259066553376,1.31748465627898,1.3093066877346295,0.852932534741719,-1.0572565100441664
-0.631379113567259,-0.8376552104500453,0.6853615714647183,-1.055129647156955,0.7262141060714336,0.40385119297735966,1.6121931992206193,-0.502514484765191,-0.018989622534055253,0.29837956388365516,-0.039448257198749524,-0.8350126833939371,1.0259928756390984,1.385001138720222,1.2609909122907772,-1.0378292970866934
1.4037570492419056,-0.5819492813358872,1.1767437637968226,-0.1909150127258034,0.40664140674703364,-1.9497339436275516,-0.2895839565693032,0.1714968403679107,-1.0905161212798278,-1.3264177478698407,0.2188127940624036,-0.6448261442469836,0.48557841998000695,0.019232216579899247,-1.5028633795754411,-0.17018677424141485
1.190038871312088,0.2630425844186265,-0.8758653940461449,-1.6126874758222143,0.8944102636105914,-0.3340715396215401,0.9729092008178958,-0.2778440430541571,-1.2625110823029155,-1.415849899598755,0.5786562572098738,0.11803725880523615,-0.8501976192625074,0.6279593489425038,-0.7629854744187738,-1.6427903898980902
0.01747697618362892,0.6617113739011549,0.679141543713679,-0.46969392705843305,0.49073948551661256,-1.9108959050697147,0.3905054034335952,-0.2778440430541571,-0.45895904232703577,-1.084611013672778,-0.6532906363863618,0.43134637463802294,0.2989339975148377,0.23867655776592434,-1.1076064407911077,-0.3569239576014779
1.1053217557363044,-0.8376552104500453,-0.8758653940461449,0.459569120716999,-1.023025932335808,-0.41433681930773536,0.15061933826893678,-0.2778440430541571,-0.8672879747060045,0.13117905706007965,1.4853145633040399,-0.8350126833939371,-0.8501976192625074,-1.0652063238593565,-0.13304003282322438,0.4592819192691366
0.4218086641589596,-0.8376552104500453,-0.8758653940461449,0.9706637969934866,-1.023025932335808,0.018060009969514405,0.32867909797878625,2.1614350383799255,-0.4065148195437041,1.2763701290093261,1.4853145632773699,-0.8350126833939371,-0.8501976192625074,-1.0652063238593565,0.7816945926646679,0.9365880261482504
-0.23282359256300436,-0.8376552104500453,-0.8758653940461449,0.7383480350496286,-1.023025932335808,-0.05961606714615925,1.107690546709379,2.1614350383799255,0.07766511116407226,2.4797356628982166,1.4853145632378486,-0.8350126833939371,-0.8501976192625074,-1.0652063238593565,2.173385260255531,0.7930663359995603
0.3380542430783555,2.2098945447196034,-0.8758653940461449,-0.30707289369773244,0.42346102250094936,0.9618243469249506,-1.998463039340223,0.1714968403679107,-0.6347133088421403,-1.3506820497082788,-0.6803953166857386,1.4415116279701943,-0.8501976192625074,0.036756592645993784,-1.3698104885266567,-0.4999906536308522
0.39100244031322023,1.6322316048571643,-0.8758653940461449,-1.2270433109954106,1.3821791204741491,-1.5600589567639218,1.322846089692114,-0.2778440430541571,-0.8677934197446264,-1.446709332672956,-0.4159039598607329,1.163486852109805,-0.8501976192625074,0.9195631787221018,-1.059687611383039,-1.2853060492683417
0.739497847568148,-0.616818271669636,0.6324913355808842,-1.7241990415552664,1.1803437314271596,-0.07256207999877154,1.2066126354370732,-0.2778440430541571,-1.127409810271856,-1.3272478857985486,0.3146027505690153,-0.6334465211758677,0.35438996704445497,0.9857869921055951,-0.5343544507581514,-1.7603323768429278
0.3062853247374365,-0.8376552104500453,-0.8758653940461449,0.459569120716999,-1.023025932335808,0.5100084983687809,0.6996369307076399,-0.6790412603952891,-0.4424970220201214,1.1869410974709136,1.4853145632716553,-0.8350126833939371,-0.8501976192625074,-1.0652063238593565,1.1359908370938878,0.35310102846758806
-0.7661563428923692,0.7012295629460703,-0.8758653940461449,0.459569120716999,-1.023025932335808,0.07502246652100812,0.6439932557983119,-0.6790412603952891,0.685727833068832,0.869785922591247,-0.4160828981071658,1.1636749461609701,-0.8501976192625074,-1.0652063238593565,0.7329929824219787,0.40808402950098566
-0.7526786199598581,0.70820336101282,-0.8758653940461449,0.459569120716999,-1.023025932335808,-0.09327570056295147,0.40534371674274994,-0.614849705620708,0.663750742085891,0.8416669166673473,-0.4132279469634217,1.160673913684523,-0.8501976192625074,-1.0652063238593565,0.6267506190087182,0.5075208445383912
-1.3967212372348492,1.6054987122679567,-0.8758653940461449,0.6314827845554534,-0.5016178439644186,-0.3004119062047479,0.2705623708512653,-0.2778440430541571,2.321028796087864,0.789032407545196,-1.4252137383760524,2.2244407081942965,-0.8501976192625074,-0.39931746769305515,0.4318582593332974,0.688034155915629
0.5373320035804826,-0.6330904671587189,1.5810455676143769,0.3201796635506842,1.5503752780133069,-0.07256207999877154,-1.7363195042118325,-0.2778440430541571,-0.6161950837879261,-0.8185693100708149,-0.15266323407490098,-0.6624415379831304,0.9632926257231631,1.1487847622285197,-1.1589060380830134,0.33200280054911296
-0.9259636290921427,-0.31229575608822946,1.0212430700208401,-0.5533276013582225,0.35618255948528615,1.123649507582604,0.0900295589232243,0.1714968403679107,0.5830983545045151,0.12189834753017295,-0.7906995800721422,-0.18824377692182898,1.1932953686526708,0.6664171874295164,0.5852728579564371,-0.5627908201498075
0.6817361778573865,-0.8376552104500453,-0.8758653940461449,0.459569120716999,-1.023025932335808,0.9631189482102106,0.41399939950642234,-0.6790412603952891,-0.6672621316895949,0.6283169806025831,1.4853145632887907,-0.8350126833939371,-0.8501976192625074,-1.0652063238593565,0.6201287465286606,0.19408516640237444
-0.5707293603709592,-0.8376552104500453,1.0538982157137964,-1.0969464843068497,0.8775906478566756,1.3735075556380203,0.26561626641488084,0.877603942888303,-0.1024177577167912,-0.08230956619927686,-0.23453547285476084,-0.8350126833939371,1.2660438362221194,1.3641889369676021,0.7432641218224262,-1.0620680143571748
-1.0790320538256608,-0.8376552104500453,1.6634609353156478,-0.2606097413089608,-0.2661432234095977,1.1132926973005117,0.08261040226864694,-0.6790412603952891,0.9969868662667408,0.5127321282456175,-0.8712291938892026,-0.8350126833939371,2.0494828678663555,-0.05780440106008695,0.8411922016983501,-0.2658360962807703
-0.16639767239562883,0.33045596573054087,0.34170503821979714,0.8591522312604345,0.42346102250094936,-1.3995283973915298,-0.14738345402324263,-0.2778440430541571,0.04307722349431696,-0.12976026347921218,-0.44765033376528207,0.30706206513783685,0.19138290943965863,0.37709446860238033,-0.7017162030096242,0.9256672482425359
-1.2532797574531247,1.1963692256853038,-0.8758653940461449,-0.5161570794472047,-0.6866336172574922,0.3546563441374336,0.6749064085257164,-0.2778440430541571,1.2983312891562326,0.46098778268488616,-1.0901076947929715,1.8721880532302657,-0.8501976192625074,-0.6086006226280118,0.904641335624383,-0.4078828701404478
1.0283061961219557,-0.8376552104500453,-0.8758653940461449,0.1807902063843694,-1.023025932335808,-0.0855080928513838,-0.12883556238679994,-0.6790412603952891,-0.8849308237926103,0.08733007620829301,1.4853145633015268,-0.8350126833939371,-0.8501976192625074,-1.0652063238593565,-0.05233778885339952,0.25795118370914
-0.9317397960632188,-0.8376552104500453,1.720996192012761,-0.5812054927914851,0.2552648649617915,1.074454658742675,0.05417030175943398,0.1714968403679107,0.5824019288373596,0.1170314981317435,-0.7931970329540301,-0.8350126833939371,1.9534658371106282,0.5433982619403491,0.5794329179470318,-0.5618076452442784
-0.27133137237017874,-0.8376552104500453,0.6122762453900066,0.4502764902392452,-0.13158629737827143,-0.30688491263105405,1.0359720323818011,0.877603942888303,0.03763126893636473,0.6660343357560342,0.1694067164902823,-0.8350126833939371,0.7690009611195234,0.06534516578416105,0.548418964977475,0.3297158771671778
-0.7526786199598581,0.70820336101282,-0.8758653940461449,0.459569120716999,-1.023025932335808,-0.09327570056295147,0.40534371674274994,-0.2778440430541571,0.663750742085891,0.8416669166673473,-0.4132279469634217,1.160673913684523,-0.8501976192625074,-1.0652063238593565,0.6267506190087182,0.5075208445383912
-0.24918939898105336,-0.8376552104500453,0.660481460460561,-1.6637969434498627,1.3653595047202332,0.19671498733556322,1.4291873350743856,0.877603942888303,-0.5707397962531923,-0.4488148686463672,0.14767522132496874,-0.8350126833939371,0.7957411361327832,1.917231313954478,0.6475238770106633,-1.5337207140565805
-0.6092371401781336,-0.2123379837981495,1.0196880630830805,-1.2316896262342876,0.5916571800401071,0.5397843279297886,0.08879303281412783,-0.502514484765191,-0.10247367589823182,-0.5967521116995497,-0.6529057001856187,-0.146780511923445,0.9752064856765862,0.7471886561531113,0.033103208613843006,-1.0826185520012344
-0.40610860169528895,-0.8376552104500453,-0.8758653940461449,0.5060322731057706,-1.023025932335808,-0.05961606714615925,1.3797262907105383,-0.614849705620708,0.20194414706310942,2.788614860280942,1.485314563223575,-0.8350126833939371,-0.8501976192625074,-1.0652063238593565,2.7000022237530286,0.5964038174691665
-1.2089958106748742,1.9367541204385708,-0.8758653940461449,0.8312743398271718,0.036609860160886395,0.37795916727213513,-1.1069277146818777,-0.2778440430541571,1.8023788470079236,0.31332441292077373,-1.414401600992165,2.2130753384369948,-0.8501976192625074,0.12205018194269354,-0.20217521562387017,0.8720335020569229
1.836969572072617,0.5245600119217428,-0.8758653940461449,-2.0587337387544213,4.392890340425074,-1.5600589567639218,0.8294721721627387,0.7331729446454954,-1.4996848385631913,-1.914692028452965,0.5349401924906587,0.1639901747897716,-0.8501976192625074,2.985436167007871,-1.3655346801422552,-1.9887764529210574
0.5748770888924775,1.3590911805761317,-0.8758653940461449,-0.33495078513099513,0.5748375642861915,-0.3612581666120247,-0.21786544224172538,-0.2778440430541571,-0.772918190105948,-1.1328443409838262,-0.21977236115977716,0.9573196471722072,-0.8501976192625074,0.26435772457978535,-1.0871242716786895,-0.5048491150061898
2.3760784893730578,-0.8376552104500453,-0.8758653940461449,0.3201796635506842,-1.023025932335808,1.9729079507139682,-1.9836247260310682,-0.6790412603952891,-1.284753842445686,-0.9063774481808391,1.485314563334451,-0.8350126833939371,-0.8501976192625074,-1.0652063238593565,-1.0190619045601657,-0.08819798417226157
-1.1377564180316015,1.3474681837982154,1.3944447350831979,0.9706637969934866,0.8271318005949282,-1.8591118536592657,-0.7841944002077748,-0.2778440430541571,1.6664187261765493,-0.495299051474517,-1.7285860040300676,1.0665727131651128,0.8784778254569393,0.5768180248171152,-1.178833569981934,1.1232362090086776
0.5228915861527923,0.8186218304030247,-0.8758653940461449,2.1322426067127767,-1.023025932335808,-0.5256725298402012,-2.2185646867593425,2.1614350383799255,-0.22699421081500248,0.06217292371066964,0.059266467270447605,0.6640030387859726,-0.8501976192625074,-1.0652063238593565,-1.0991924613507327,2.2143374038577717
0.9416636915558133,-0.8376552104500453,-0.8758653940461449,1.509636364703237,-1.023025932335808,0.3999673891215766,-0.1362547190413773,0.1714968403679107,-0.6003588810858791,0.7945962102351584,1.4853145632985714,-0.8350126833939371,-0.8501976192625074,-1.0652063238593565,0.11606723180707917,1.1894203221697606
-1.243652812501331,0.5292092106329092,0.5500759678796137,0.03675443397917769,0.17116678619221262,-0.2486278547942988,0.08508345448683845,-0.2778440430541571,1.5325135243540335,0.3080724459549855,-1.2914262172654432,0.8049933536992677,0.6467619942491979,0.3960466131166924,0.23247391353441307,0.19213321472074538
0.5748770888924775,1.3590911805761317,-0.8758653940461449,-0.33495078513099513,0.5748375642861915,-0.3612581666120247,-0.21786544224172538,0.1714968403679107,-0.772918190105948,-1.1328443409838262,-0.21977236115977716,0.9573196471722072,-0.8501976192625074,0.26435772457978535,-1.0871242716786895,-0.5048491150061898
1.0475600860255427,-0.6051952748917198,0.5858411274480896,-1.166641212890007,1.3821791204741491,-0.44799645272452754,0.8851158470720668,0.1714968403679107,-1.1363922530652097,-1.2827137204314358,0.4036812769003899,-0.6355428600830192,0.2472345431389217,1.0396001366602612,-0.8156279659136246,-1.2881126026577363
-1.018382300629361,-0.6795824542703839,1.8049665666517916,-1.1759338433677609,-0.3334216864252609,0.43621622510889035,1.026079823509031,-0.502514484765191,0.4997930477072811,-0.28085533302715465,-0.9816213171421165,-0.6454050399647411,1.963366498537895,-0.22161964676320856,0.5261380360290536,-1.1160505761721087
-1.6961192252356296,0.9406632965711457,-0.8758653940461449,0.459569120716999,-1.023025932335808,-1.1082431082077537,2.0845461728953603,0.7171250559518502,3.659098965912086,2.2651502400726584,-1.3667816288185608,2.1630187609114286,-0.8501976192625074,-1.0652063238593565,2.1438107492999197,0.5766366317911796
-0.6207894741202861,-0.8376552104500453,1.8407317262202672,-1.2688601481453041,0.6925748745636018,1.0472680317521903,0.036858936232087754,-0.6790412603952891,-0.10142709944576662,-0.5951645583645162,-0.6527784883584552,-0.8350126833939371,1.7806835951024966,0.8713708430879021,0.12821848373855962,-1.1959812654603572
1.8947312417833786,-0.8376552104500453,-0.8758653940461449,2.1322426067127767,-1.023025932335808,-0.5256725298402012,-2.2185646867593425,2.1614350383799255,-0.8950529255231964,0.06217292371066964,1.4853145633249205,-0.8350126833939371,-0.8501976192625074,-1.0652063238593565,-1.0991924613507327,2.2143374038577717
-1.1473833629833952,0.8941713094594805,0.9279426537552508,-0.3303044698921182,1.4999164307515596,-0.2538062599353434,-0.6605417892981569,-0.2778440430541571,1.120444269408101,-0.48073306306097335,-1.4856189701264124,0.9209098213563848,0.7500223614151892,1.5435845045394407,-0.49879593134251016,-0.13939258709666713
0.4218086641589596,0.8941713094594805,-0.8758653940461449,0.1807902063843694,0.3225433279774547,-0.279698285640568,-0.7965596612987366,-0.2778440430541571,-0.577967086304985,-0.6246547285483074,-0.018444575473370823,0.745690378210922,-0.8501976192625074,0.18730867825664452,-0.8438542290895136,0.1785241053218859
-0.1173002531414813,0.4641204286765781,0.47699064180490186,-0.1909150127258034,0.6589356430557703,-0.8104848125976714,-0.35141026202411213,-0.2778440430541571,-0.2807123823367864,-0.7223875925946635,-0.5489762690407558,0.36849814731626984,0.24414636752580599,0.5206392836580489,-0.8154170439482313,-0.08425976407509206
-0.25785364943766764,-0.8376552104500453,0.9637078133237267,0.5013859578668937,-0.04748821860869252,0.9191025045113277,-0.23641333387816807,-0.502514484765191,0.03796609550038098,0.39934477346412117,-0.03575197499798882,-0.8350126833939371,1.0214446735221985,0.09168456157497738,0.25249709244271884,0.31733268410116444
1.1438295355434787,-0.8376552104500453,-0.8758653940461449,0.1668512606677374,-1.023025932335808,0.8802644659534908,-0.48371855569740385,-0.2778440430541571,-0.9348083087422145,-0.03663385227935991,1.4853145633052585,-0.8350126833939371,-0.8501976192625074,-1.0652063238593565,-0.06882195298842682,0.06585866778252325
-0.0499116384789262,-0.8376552104500453,0.5236408499376966,0.7848111874384002,0.8271318005949282,-0.5386185426928135,-0.14120082347776172,-0.2778440430541571,-0.08662574869158303,0.6127079835574569,0.3067624178021348,-0.8350126833939371,0.5999874871880218,1.1693943049016662,0.08934407642155269,0.8928069841305668
1.8947312417833786,-0.8376552104500453,-0.8758653940461449,2.1322426067127767,-1.023025932335808,-0.5256725298402012,-2.2185646867593425,0.7171250559518502,-0.8950529255231964,0.06217292371066964,1.4853145633249205,-0.8350126833939371,-0.8501976192625074,-1.0652063238593565,-1.0991924613507327,2.2143374038577717
-0.8422092080115385,-0.8376552104500453,1.0741133059046744,-0.9296791357072721,0.2889040964696231,1.5197975008725384,0.37814014234263343,-0.6790412603952891,0.3066100486028875,0.327010118049423,-0.40044343781510866,-0.8350126833939371,1.4701903058800128,0.7544273421980182,1.1768070708048575,-0.9075911325449044
-0.4465417704928219,-0.8376552104500453,1.0150230422698008,-0.37676762228088984,0.10388832317654959,1.0848114690247672,0.0628259845231078,-0.6790412603952891,-0.01612436919954785,0.16193306385467018,-0.15029615618666636,-0.8350126833939371,1.1623890230931366,0.3328417774951777,0.5219350938003046,-0.41987796097638697
-1.407310876681822,1.5683051225786249,1.6276957757471715,-0.1444518603370318,-0.18204514464001875,-1.3671633652599993,-0.46269761184276825,-0.2778440430541571,1.9499605864320892,-0.9225199543819125,-2.0132567656607323,1.2336290132165157,1.0332061180025593,-0.32778811636265287,-1.1046234411956495,0.0203645447716898
0.6913631228091801,-0.8376552104500453,-0.8758653940461449,0.9706637969934866,-1.023025932335808,0.018060009969514405,0.019547570704741533,0.7171250559518502,-0.5703021614333306,0.8692982335899172,1.4853145632891798,-0.8350126833939371,-0.8501976192625074,-1.0652063238593565,0.3622460386735429,0.9260771376176884
0.1715080954123263,-0.8376552104500453,-0.8758653940461449,0.459569120716999,-1.023025932335808,1.4550674366094771,-0.10410504020487636,-0.2778440430541571,-0.3473651504124104,1.4233788517159471,1.4853145632644027,-0.8350126833939371,-0.8501976192625074,-1.0652063238593565,1.3882825148512172,0.3723017165807774
-1.1473833629833952,1.5915511161344573,1.6276957757471715,0.8777374922159434,0.1543471704382969,-1.6131376094596324,-1.2911701049372082,-0.2778440430541571,1.651483254713223,-0.7452575375430889,-1.8394352510397156,1.1391164025309173,0.9299571418595454,-0.08941663529932153,-1.3816972785912343,1.016560830349131
0.8126626292017795,1.3590911805761317,-0.8758653940461449,-0.7995823090187112,0.9280494951184228,-0.3612581666120247,-0.21786544224172538,0.7331729446454954,-0.9769839787601827,-1.3991394484819835,-0.14342057175354017,0.8770611109789851,-0.8501976192625074,0.4855643808139149,-1.2054781191345512,-0.92677665503397
0.16862001192678813,-0.8376552104500453,0.6107212384522466,-0.4929255032528188,0.47391986976269684,-0.22661963294485732,1.0607025545637248,-0.2778440430541571,-0.5703680560859116,-0.2745383862731466,0.3239703433342354,-0.8350126833939371,0.578813475158701,0.6120290573530637,0.06697353477190893,-0.5633833951067441
0.9320367466040198,-0.8376552104500453,-0.8758653940461449,0.1807902063843694,-1.023025932335808,0.8466048325367002,-0.19066186784160888,-0.614849705620708,-0.8430928032755949,0.1913129732745058,1.4853145632982343,-0.8350126833939371,-0.8501976192625074,-1.0652063238593565,0.1920589165922339,0.07931607868968386
-0.24726400999069476,-0.8376552104500453,-0.8758653940461449,0.1668512606677374,-1.023025932335808,1.7994313784889624,0.13454449885068562,-0.614849705620708,-0.06549156775721464,2.123938566748341,1.4853145632367368,-0.8350126833939371,-0.8501976192625074,-1.0652063238593565,2.4189524126755817,0.13829502684644132
0.2446728770459578,0.7884020387804425,-0.8758653940461449,1.4585268970755885,0.01979024440697067,-0.9982019989605493,-0.6296286365707524,-0.2778440430541571,-0.17011851234684242,0.07345629895056334,-0.014152769547444096,0.7411789703652194,-0.8501976192625074,-0.03431728519691825,-0.742437507333751,1.4199499816487773
0.6143475631948314,-0.3959813328892267,-0.8758653940461449,2.1322426067127767,-1.023025932335808,-0.5256725298402012,-1.2788048438462463,5.130294446704302,-0.28885149921340286,1.030723295582516,1.0099651979509128,-0.33534077600326373,-0.8501976192625074,-1.0652063238593565,-0.2776490018705295,2.294662736750488
1.4133839941936992,0.39786934704245525,-0.8758653940461449,-1.3292622462507078,1.7522106670602962,-1.5600589567639218,1.4056933390015585,0.1714968403679107,-1.2809332452261817,-1.4801306705576867,0.5342579562025265,0.1647073195427583,-0.8501976192625074,1.2249123329654028,-1.0493600868832151,-1.3836882239878119
-0.6207894741202861,-0.8376552104500453,1.8407317262202672,-1.2688601481453041,0.6925748745636018,1.0472680317521903,0.036858936232087754,-0.2778440430541571,-0.10142709944576662,-0.5951645583645162,-0.6527784883584552,-0.8350126833939371,1.7806835951024966,0.8713708430879021,0.12821848373855962,-1.1959812654603572
-0.25785364943766764,-0.8376552104500453,0.9637078133237267,0.2969480873562984,0.053429475914802266,0.7223231091516235,-0.19437144616889684,-0.6790412603952891,-0.018871747062505523,0.30328441740238854,-0.03575197499798882,-0.8350126833939371,1.0214446735221985,0.2113629290337016,0.22635780142935544,0.1957766114798463
0.1917246798110931,-0.8376552104500453,0.7879920293568666,0.1993754673398783,0.0029706286530548002,-1.2118112110286519,0.516631066561406,-0.2778440430541571,-0.42321109076581953,-0.09817623686049774,0.22976328973508353,-0.8350126833939371,0.694733391456554,0.04519877752519453,-0.3051759851374683,0.3003229203512592
0.9252978851377643,-0.8376552104500453,-0.8758653940461449,0.3759354464172096,0.10388832317654959,0.5255437137919162,-0.5319430739521546,-0.2778440430541571,-0.803640313974968,0.28936694626982223,1.4853145632979972,-0.8350126833939371,-0.8501976192625074,0.25477817792924345,0.08474451684787906,0.3764535847458961
-0.8460599859922558,-0.8376552104500453,1.0710032920291546,-0.938971766185026,0.6421160273018547,1.495200076452574,0.3608287768152872,-0.6790412603952891,0.308999355636437,0.32976502324519674,-0.4010163572129377,-0.8350126833939371,1.470895271867893,1.248720856531129,1.1775729836696656,-0.9100410383824211
2.436728242569357,-0.8376552104500453,-0.8758653940461449,-1.8728811291993348,3.7201057102684425,-1.5600589567639218,1.4873040622019065,-0.2778440430541571,-1.587121069976645,-1.6578714220355726,1.4853145633355251,-0.8350126833939371,-0.8501976192625074,2.8488146532593235,-1.039186704540105,-1.8359005816065188
0.6913631228091801,-0.8376552104500453,-0.8758653940461449,0.1807902063843694,-1.023025932335808,1.0019569867680473,-0.042278734750067416,-0.2778440430541571,-0.728038246854101,0.4772659402058483,1.4853145632891798,-0.8350126833939371,-0.8501976192625074,-1.0652063238593565,0.5283773723349089,0.08237553674783171
-0.5120049961650184,-0.8376552104500453,-0.8758653940461449,-0.051525555559488616,-1.023025932335808,1.8175557964826208,0.7367327139805253,-0.2778440430541571,0.15858288684209568,2.6808461512812127,1.4853145632137277,-0.8350126833939371,-0.8501976192625074,-1.0652063238593565,3.3528700309033606,-0.09953820906700878
-0.6361925860431558,-0.8376552104500453,1.0150230422698008,-0.0840497622316282,-0.06430783436260824,1.1003466844478995,0.07271819339587667,-0.6790412603952891,0.30675456973967224,0.5489151992701857,-0.24685453549557934,-0.8350126833939371,1.2812021991591183,0.19439325141463712,0.7778685228941951,-0.1403908149523198
-0.24918939898105336,-0.8376552104500453,0.660481460460561,-1.6637969434498627,1.3653595047202332,0.19671498733556322,1.4291873350743856,-0.502514484765191,-0.5707397962531923,-0.4488148686463672,0.14767522132496874,-0.8350126833939371,0.7957411361327832,1.917231313954478,0.6475238770106633,-1.5337207140565805
0.1907619853159135,-0.8376552104500453,0.7879920293568666,-0.8413991461686059,1.1635241156732439,-0.2538062599353434,0.13083492052339762,-0.2778440430541571,-0.6666376230079465,-0.5436692842370046,0.22945327707492086,-0.8350126833939371,0.6951148559036356,1.3018150829090813,-0.21778370372050976,-0.6691090710198492
0.1811350403641199,-0.8376552104500453,-0.8758653940461449,0.1807902063843694,-1.023025932335808,0.8724968582419247,-0.4874281340246918,-0.614849705620708,-0.4200639291623602,1.2426955991581214,1.4853145632649436,-0.8350126833939371,-0.8501976192625074,-1.0652063238593565,1.161483739883705,0.39868174926987987
0.3351661595928173,-0.8376552104500453,0.8812924456224561,-0.1909150127258034,0.3225433279774547,0.38054836984265816,-1.0438648831179724,-0.2778440430541571,-0.6070311615967444,-0.4395331374837532,0.22441131719631072,-0.8350126833939371,0.7013188878250407,0.3196166010122711,-0.47936301602552484,-0.06896556663212264
-1.1666372528869824,1.905372029138197,-0.8758653940461449,0.459569120716999,-1.023025932335808,-0.4816560861413198,0.09621218946870519,-0.6790412603952891,1.5176177192178875,0.13117905706007965,-1.3692007095320695,2.1655616205323107,-0.8501976192625074,-1.0652063238593565,-0.15304509611763562,0.4909317587918619
-1.1666372528869824,1.905372029138197,-0.8758653940461449,0.459569120716999,-1.023025932335808,-0.4816560861413198,0.09621218946870519,-0.614849705620708,1.5176177192178875,0.13117905706007965,-1.3692007095320695,2.1655616205323107,-0.8501976192625074,-1.0652063238593565,-0.15304509611763562,0.4909317587918619
0.5277050586286891,-0.8376552104500453,-0.8758653940461449,0.459569120716999,-1.023025932335808,-0.5360293401222904,0.8554392204537588,-0.6790412603952891,-0.5814197551620618,0.8416669166673473,1.4853145632822462,-0.8350126833939371,-0.8501976192625074,-1.0652063238593565,0.6321611475761202,0.5002127561914911
-1.407310876681822,1.5624936241896668,1.6261407688094118,-0.1490981755759087,-0.09794706587043983,-1.3684579665452608,-0.4676437162791527,-0.2778440430541571,1.9475003533708295,-0.9206645682070064,-2.011749049612069,1.231111643334602,1.034297696395425,-0.25307173410529704,-1.1022889045880984,0.0185582543203855
1.437451356573183,-0.28556286349902205,-0.8758653940461449,2.1322426067127767,-1.023025932335808,-0.5256725298402012,-2.2185646867593425,-0.614849705620708,-0.7218525180050998,0.06217292371066964,1.0099651979734294,-0.3353407760006339,-0.8501976192625074,-1.0652063238593565,-1.0991924613507327,2.2143374038577717
-1.1878165317809282,1.2940023986198006,-0.8758653940461449,0.5199712188224026,0.5075591012705283,0.9682973533512567,-0.948652372717566,-0.2778440430541571,1.601332211594974,0.8011388638307843,-1.0924226810893336,1.8746214920984172,-0.8501976192625074,0.9189763160447811,0.49316850529632844,0.5992682550537654
1.5481612235188094,1.2196152192411365,-0.8758653940461449,0.1807902063843694,0.843951416348844,-1.1354297351982396,-0.8101614484987948,0.7331729446454954,-1.077919415016496,-1.3749294138005799,0.11945680900335695,0.6007328946749079,-0.8501976192625074,0.2635829786153575,-1.6126109417255865,-0.06718845921561307
-1.2243989225977439,-0.8376552104500453,1.985347371431931,-0.702009689002291,0.995327958134086,0.2381422284639231,-0.017548212568143835,-0.2778440430541571,1.1377578175670593,0.21155133924152525,-1.1255595628036126,-0.8350126833939371,2.362431356850949,1.5762917328192327,0.5797149927797225,-0.42961453526256566
-0.8037014282043642,-0.8376552104500453,0.6869165784024781,-0.7670581023465716,0.23844524920787583,0.4375108263941519,1.6381602475116395,-0.502514484765191,0.30827625392678026,0.7157475648516253,-0.13299882485297906,-0.8350126833939371,1.1411049989488837,0.808315544754647,1.574989238598445,-0.7748677498153983
-1.334146095048191,1.5962003148456239,-0.8758653940461449,0.459569120716999,-1.023025932335808,0.9631189482102106,0.41399939950642234,0.7171250559518502,2.0126295604178392,0.6283169806025831,-1.3667816287984778,2.1630187609430953,-0.8501976192625074,-1.0652063238593565,0.6201287465286606,0.19408516640237444
1.1053217557363044,-0.8376552104500453,-0.8758653940461449,0.459569120716999,-1.023025932335808,-0.41433681930773536,0.15061933826893678,0.7171250559518502,-0.8672879747060045,0.13117905706007965,1.4853145633040399,-0.8350126833939371,-0.8501976192625074,-1.0652063238593565,-0.13304003282322438,0.4592819192691366
-0.3916681842675986,1.9228065243050714,-0.8758653940461449,2.1322426067127767,-1.023025932335808,-0.5256725298402012,-2.2185646867593425,-0.614849705620708,0.663750742110504,0.06217292371066964,-0.8914322634325345,1.663346853572579,-0.8501976192625074,-1.0652063238593565,-1.0991924613507327,2.2143374038577717
0.18883659632555488,0.7570199474800683,0.7864370224191068,0.8916764379325754,-0.013848987100860922,-1.2195788187402195,-1.4605741818833853,-0.2778440430541571,-0.25868101184838993,-0.8137941131276046,-0.6559066967217858,0.4300728618088563,0.30364376190237835,-0.24872556265118825,-1.4123654917280613,0.9254496842956534
0.4218086641589596,-0.8376552104500453,0.9279426537552508,0.6454217302720854,0.6589356430557703,-2.0015179950380007,0.4894274921612895,-0.2778440430541571,-0.4771128117395257,-0.20023493961040437,0.22639843590379807,-0.8350126833939371,0.698873777559079,0.6183968895986708,-0.6806129846127855,0.7406234292949241
1.9428659665423464,-0.8376552104500453,-0.8758653940461449,0.459569120716999,-1.023025932335808,-0.47129927585922904,-0.7569908258076583,0.7171250559518502,-1.154853536806134,-0.5835273242201791,1.485314563325963,-0.8350126833939371,-0.8501976192625074,-1.0652063238593565,-0.9177646887930027,0.4291965671594652
0.1907619853159135,-0.8376552104500453,0.7879920293568666,0.1807902063843694,-0.013848987100860922,-1.2118112110286519,0.5141580143432131,-0.2778440430541571,-0.4268887367596485,-0.10523084428507398,0.22945327707492086,-0.8350126833939371,0.6951148559036356,0.027265094649153273,-0.30473472342537006,0.2869692826223342
2.0487623610120758,-0.5354572942242221,1.0367931393984384,0.8777374922159434,-0.36706091793309237,-1.9497339436275516,-0.9202122722083544,-0.6790412603952891,-1.1244288216348646,-1.2771506374148551,0.3786418221357742,-0.6320209710143059,0.2739224296729388,-0.6158421036640869,-1.7838973189720035,0.6313111595636536
-0.010441164176572267,-0.8376552104500453,0.6387113633319237,-0.9993738642904295,0.9616887266262546,0.016765408684252883,1.2634928364554978,0.1714968403679107,-0.5716850770073477,-0.3507648850661824,0.24902542618261367,-0.8350126833939371,0.6710317134990881,1.2583009787849115,0.3142894749428671,-1.0073403380984003
2.1354048655782183,-0.8376552104500453,-0.8758653940461449,0.8312743398271718,-1.023025932335808,1.9729079507139682,-1.9836247260310682,-0.7111370377825796,-1.1548535368050514,-0.5835273242174885,1.485314563329924,-0.8350126833939371,-0.8501976192625074,-1.0652063238593565,-0.8835049759684146,0.36435349626795305
-1.5613419959105195,1.1731232321294713,-0.8758653940461449,0.459569120716999,-1.023025932335808,-0.8130740151681943,1.4650465922381743,-0.6790412603952891,2.92132846745944,1.5501880278678302,-1.3602023988396148,2.1561028867745815,-0.8501976192625074,-1.0652063238593565,1.3753888967928283,0.5540203418515325
-0.27133137237017874,-0.8376552104500453,0.6122762453900066,0.2458386197286499,-0.09794706587043983,-0.20331680981015582,1.0854330767456484,-0.6790412603952891,-0.01952486554486109,0.5633050513014323,0.1694067164902823,-0.8350126833939371,0.7690009611195234,0.1080074861480674,0.5768467559619842,0.13449493945242091
0.9801714713629877,0.26652948345200134,-0.8758653940461449,2.1322426067127767,-1.023025932335808,-0.5256725298402012,-2.2185646867593425,3.6057450208080004,-0.5053520086086182,0.06217292371066964,0.5346158326219382,0.1643311313926693,-0.8501976192625074,-1.0652063238593565,-1.0991924613507327,2.2143374038577717
0.3062853247374365,-0.8376552104500453,-0.8758653940461449,0.459569120716999,-1.023025932335808,-0.0337240414409347,0.9469421525268757,-0.2778440430541571,-0.4424970220201214,1.1869410974709136,1.4853145632716553,-0.8350126833939371,-0.8501976192625074,-1.0652063238593565,1.0778712882893533,0.42398866798739765
-1.066517025388329,0.6721720710012796,1.1238735279129886,-0.30707289369773244,0.2889040964696231,0.43621622510889035,-0.331625844278573,0.877603942888303,0.9507885141879907,-0.4861189163172366,-1.3998183538752098,0.6889925002226998,0.9159251300155636,0.28531305121795586,-0.3595730669943003,-0.3422762314469801
-1.3120041216590654,1.098736052750807,1.1409786042283465,-0.39999919847527565,0.8103121848410125,-1.1652055647592474,0.1469097599416474,-0.2778440430541571,1.516845138226683,-0.6163133363590727,-1.7288802553370157,1.0646984022194161,0.8810339344580358,0.7690836035006158,-0.6130419985730391,-0.2098900859117007
1.0283061961219557,-0.8376552104500453,1.2389440413072155,-1.1201780605012355,2.3408972184473487,-0.9011069025659573,-0.06700925693199099,-0.2778440430541571,-1.1211131976852866,-1.3643164915807913,0.2444793677882102,-0.8350126833939371,0.676625548488566,1.7655737433087744,-1.1035639839847233,-1.0393577632874786
-0.27133137237017874,-0.8376552104500453,0.6122762453900066,0.2458386197286499,-0.09794706587043983,-0.20331680981015582,1.0854330767456484,0.877603942888303,-0.01952486554486109,0.5633050513014323,0.1694067164902823,-0.8350126833939371,0.7690009611195234,0.1080074861480674,0.5768467559619842,0.13449493945242091
0.5228915861527923,0.8186218304030247,-0.8758653940461449,2.1322426067127767,-1.023025932335808,-0.5256725298402012,-2.2185646867593425,0.7171250559518502,-0.22699421081500248,0.06217292371066964,0.059266467270447605,0.6640030387859726,-0.8501976192625074,-1.0652063238593565,-1.0991924613507327,2.2143374038577717
-1.1512341409641127,0.893009009781689,0.9279426537552508,-0.3256581546532413,1.4999164307515596,-0.24992245607956032,-0.6642513676254448,-0.2778440430541571,1.1315065084311307,-0.4748941656340976,-1.488004135182824,0.9218030665629077,0.75191164120343,1.5466645409365334,-0.49498081381590964,-0.13417529337574594
-1.1377564180316015,0.6500883771232386,1.0212430700208401,-0.005062403170717013,0.053429475914802266,-1.9238419179223272,1.3055347241647677,-0.2778440430541571,1.240183348307679,-0.2291796271972347,-1.413157176629387,0.7249386372433639,0.8902603109399573,0.08588551222800542,-0.3285315850282001,0.0947001338312565
1.0475600860255427,-0.6051952748917198,0.5858411274480896,-1.166641212890007,0.9280494951184228,-0.44799645272452754,0.8851158470720668,-0.614849705620708,-1.1363922530652097,-1.2827137204314358,0.4036812769003899,-0.6355428600830192,0.2472345431389217,0.6421891266320814,-0.8156279659136246,-1.2816827864790392
0.3062853247374365,0.8221087294363997,-0.8758653940461449,-0.6601928518523963,0.6589356430557703,-0.754816957331439,0.37814014234263343,-0.2778440430541571,-0.6949645515304237,-0.8191765423571247,-0.013799601258670975,0.7408077312635287,-0.8501976192625074,0.5633674559444558,-0.6223950615890701,-0.5999559396832367
0.3351661595928173,0.8476793223478154,-0.8758653940461449,-0.1909150127258034,0.3225433279774547,-1.3671633652599993,0.6254453641618692,-0.2778440430541571,-0.6070311615967444,-0.6751660056983407,-0.01961246672054806,0.7469180277844986,-0.8501976192625074,0.22286041412378974,-0.7064957643471252,-0.1657165941565762
0.6817361778573865,-0.8376552104500453,-0.8758653940461449,0.459569120716999,-1.023025932335808,1.079633063883721,0.4399664477974424,-0.614849705620708,-0.6672621316895949,0.6283169806025831,1.4853145632887907,-0.8350126833939371,-0.8501976192625074,-1.0652063238593565,0.6461758118369598,0.1603014339721707
-0.02103080362354543,0.5106124157882432,0.5236408499376966,-0.09798870794826021,0.49073948551661256,-1.3283253267021624,-0.06700925693199099,-0.2778440430541571,-0.3359168273588449,-0.7978676554835524,-0.5462615624503293,0.36751721821686983,0.2419542347730163,0.3117156403450782,-0.9471049943382961,-0.008193166868838208
-0.8460599859922558,-0.8376552104500453,1.0710032920291546,-0.938971766185026,0.6421160273018547,1.495200076452574,0.3608287768152872,0.877603942888303,0.308999355636437,0.32976502324519674,-0.4010163572129377,-0.8350126833939371,1.470895271867893,1.248720856531129,1.1775729836696656,-0.9100410383824211
-1.243652812501331,1.905372029138197,-0.8758653940461449,-0.2838413175033466,1.1635241156732439,-1.6260836223122448,1.4786483794382326,-0.2778440430541571,1.382125586621511,-0.12231286143079079,-1.4285153126049612,2.227911216456432,-0.8501976192625074,1.4247772339068456,-0.028939009464414335,-0.18147209093112807
-1.243652812501331,0.5338584093440758,0.554740988692893,0.04140074921805459,0.1543471704382969,-0.2538062599353434,0.08137387615955048,-0.2778440430541571,1.53469305968349,0.3022870827324392,-1.2952806100537682,0.807362945352823,0.6487309420190464,0.3726564762621971,0.2231503977462786,0.19613589395587874
0.7780056273753223,-0.616818271669636,1.3166943881952067,-1.3060306700563218,0.8103121848410125,-0.3962124013140784,0.34104435906974806,-0.614849705620708,-1.0607753210308843,-1.4170902647062902,0.01988299384642382,-0.6520884783748676,0.7388587777418181,0.48351399631789876,-0.9798295002747667,-1.3326751443914107
-1.2253616170929231,-0.8376552104500453,1.9837923644941713,-0.7205949499577999,0.9280494951184228,0.24073143103444616,-0.015075160349950914,-0.2778440430541571,1.131529576246302,0.20431183727309796,-1.1256994237948994,-0.8350126833939371,2.3626034530345508,1.489767154897318,0.5832680573115764,-0.44389891609004145
-1.0992486382244273,-0.8376552104500453,2.2341484814735026,-0.051525555559488616,1.1635241156732439,-1.6001915966070202,0.8974811081630285,-0.2778440430541571,1.1302829372946883,0.20142421341739603,-1.1264951364222962,-0.8350126833939371,2.3635825616995314,1.5684301314663338,0.08335058742281795,0.20933603009263121
0.5854667283394506,-0.8376552104500453,-0.8758653940461449,0.691884882660857,-1.023025932335808,-0.05961606714615925,0.09373913725051226,2.1614350383799255,-0.5666618873832039,0.8783456559385243,1.485314563284773,-0.8350126833939371,-0.8501976192625074,-1.0652063238593565,0.4950392884228778,0.7461583241700911
0.25622521098811,-0.8376552104500453,0.6729215159626396,0.6454217302720854,0.6252964115479389,-0.17095177767862513,-0.8435476534443908,-0.2778440430541571,-0.3655642781424386,0.09985473836292112,0.3145728029505136,-0.8350126833939371,0.5903769627477535,0.7218110929145133,-0.3591908671927604,0.7413153046717144
-0.5370350530396817,-0.8376552104500453,0.6278263147676049,0.33411860926731624,-0.2661432234095977,-0.07126747871351001,1.1979569526733995,-0.2778440430541571,0.3103214482982668,0.97608867727561,0.04481679990979855,-0.8350126833939371,0.9223063894057677,-0.02528719703468029,0.9854125091920928,0.22811407035901482
0.5084511687251019,-0.8376552104500453,-0.8758653940461449,0.459569120716999,-1.023025932335808,0.6783066654527405,0.5883495808889838,1.1985617167612086,-0.5701059374097724,0.869785922591247,1.4853145632813838,-0.8350126833939371,-0.8501976192625074,-1.0652063238593565,0.8371564308495442,0.27414505406094725
0.39100244031322023,1.6322316048571643,-0.8758653940461449,-1.2270433109954106,1.3821791204741491,-1.5600589567639218,1.322846089692114,0.7331729446454954,-0.8677934197446264,-1.446709332672956,-0.4159039598607329,1.163486852109805,-0.8501976192625074,0.9195631787221018,-1.059687611383039,-1.2853060492683417
-1.012606133658285,0.5106124157882432,-0.8758653940461449,0.459569120716999,-1.023025932335808,-0.3340715396215401,1.0310259279454153,0.7171250559518502,1.15031373658567,1.5501880278678302,-0.42266212808986164,1.1705908203028732,-0.8501976192625074,-1.0652063238593565,1.3807730449912852,0.5476309099371947
0.5084511687251019,-0.8376552104500453,-0.8758653940461449,0.459569120716999,-1.023025932335808,0.6783066654527405,0.5883495808889838,-0.2778440430541571,-0.5701059374097724,0.869785922591247,1.4853145632813838,-0.8350126833939371,-0.8501976192625074,-1.0652063238593565,0.8371564308495442,0.27414505406094725
0.1715080954123263,-0.8376552104500453,-0.8758653940461449,0.459569120716999,-1.023025932335808,1.4550674366094771,-0.10410504020487636,0.7171250559518502,-0.3473651504124104,1.4233788517159471,1.4853145632644027,-0.8350126833939371,-0.8501976192625074,-1.0652063238593565,1.3882825148512172,0.3723017165807774
0.9320367466040198,0.25258188731850173,-0.8758653940461449,-2.579121045508664,2.912764154080485,-1.5600589567639218,2.710228384098027,-0.2778440430541571,-1.357498013613487,-1.6323770230266992,0.5342102444251874,0.16475747261030327,-0.8501976192625074,2.615592749391474,-0.5076524989170391,-2.4347186620696037
-0.27133137237017874,-0.8376552104500453,0.6122762453900066,0.2458386197286499,-0.09794706587043983,-0.20331680981015582,1.0854330767456484,-0.502514484765191,-0.01952486554486109,0.5633050513014323,0.1694067164902823,-0.8350126833939371,0.7690009611195234,0.1080074861480674,0.5768467559619842,0.13449493945242091
-1.5613419959105195,1.1731232321294713,-0.8758653940461449,0.459569120716999,-1.023025932335808,-0.8130740151681943,1.4650465922381743,-0.614849705620708,2.92132846745944,1.5501880278678302,-1.3602023988396148,2.1561028867745815,-0.8501976192625074,-1.0652063238593565,1.3753888967928283,0.5540203418515325
1.5481612235188094,1.2196152192411365,-0.8758653940461449,0.1807902063843694,0.843951416348844,-1.1354297351982396,-0.8101614484987948,-0.614849705620708,-1.077919415016496,-1.3749294138005799,0.11945680900335695,0.6007328946749079,-0.8501976192625074,0.2635829786153575,-1.6126109417255865,-0.06718845921561307
-1.0896216932726337,-0.8376552104500453,1.3571245685769622,-0.8506917766463596,-1.023025932335808,0.42715401611206266,1.5763339420568305,0.1714968403679107,0.7700328103008494,0.4720649475434109,-0.7266157304328394,-0.8350126833939371,1.8715388611349266,-1.0652063238593565,1.3292358542975014,-0.8394406294472887
-0.8037014282043642,-0.8376552104500453,0.6869165784024781,-0.5533276013582225,0.23844524920787583,0.32876431843220905,1.587462677038696,-0.2778440430541571,0.3850021663475943,0.841519123983023,-0.13299882485297906,-0.8350126833939371,1.1411049989488837,0.808315544754647,1.5403111695516962,-0.5766273276858617
0.16188115046053272,-0.8376552104500453,-0.8758653940461449,0.1343270539955978,-1.023025932335808,1.2479312309676807,-0.054643995841029205,-0.614849705620708,-0.4172840047997027,1.2496047355197835,1.4853145632638585,-0.8350126833939371,-0.8501976192625074,-1.0652063238593565,1.372319788233695,0.16118583885754434
-0.40610860169528895,-0.8376552104500453,-0.8758653940461449,0.5060322731057706,-1.023025932335808,-0.05961606714615925,1.3797262907105383,5.130294446704302,0.20194414706310942,2.788614860280942,1.485314563223575,-0.8350126833939371,-0.8501976192625074,-1.0652063238593565,2.7000022237530286,0.5964038174691665
-0.25207748246659156,-0.8376552104500453,-0.8758653940461449,0.1807902063843694,-1.023025932335808,1.7916637707773964,0.13083492052339762,-0.614849705620708,-0.05688666773745585,2.1453249139503012,1.4853145632363631,-0.8350126833939371,-0.8501976192625074,-1.0652063238593565,2.4282282654283502,0.15346695586066766
-0.9076724336837348,0.5873241945224906,-0.8758653940461449,0.9938953731878725,-1.023025932335808,-0.17354098024914671,0.32867909797878625,-0.614849705620708,1.1397693172161516,1.546862156045921,-0.4160828981140529,1.1636749461561433,-0.8501976192625074,-1.0652063238593565,0.9703203866143343,1.0626316331550707
0.4381744705770086,2.449328278344679,-0.8758653940461449,0.0785712711290724,0.7093944903175179,-0.3871501923172493,-1.4036939808649607,-0.2778440430541571,-0.6098902527303158,-1.3660329832858866,-0.7311537057715232,1.4948672079740952,-0.8501976192625074,0.18712797741726708,-1.5662088281063895,-0.14287264945092626
0.24852365502667503,0.045692544671591985,-0.8758653940461449,2.1322426067127767,-1.023025932335808,-0.5256725298402012,-1.2788048438462463,0.7171250559518502,-0.018225862471163853,1.030723295582516,0.5346158326019236,0.1643311313874096,-0.8501976192625074,-1.0652063238593565,-0.2776490018705295,2.294662736750488
2.436728242569357,-0.8376552104500453,-0.8758653940461449,-1.8728811291993348,3.7201057102684425,-1.5600589567639218,1.4873040622019065,0.7331729446454954,-1.587121069976645,-1.6578714220355726,1.4853145633355251,-0.8350126833939371,-0.8501976192625074,2.8488146532593235,-1.039186704540105,-1.8359005816065188
-0.8460599859922558,-0.8376552104500453,1.0710032920291546,-0.7205949499577999,0.6421160273018547,1.3773913594938034,0.315077310778728,-0.502514484765191,0.3892057976354311,0.4500023911234063,-0.4010163572129377,-0.8350126833939371,1.470895271867893,1.248720856531129,1.1443474585786817,-0.707637966592375
-1.2523170629579454,-0.8376552104500453,1.9558022396144943,-0.03294029460397971,1.4999164307515596,-1.7309463264184044,1.3710706079468644,-0.2778440430541571,1.5238468912969272,0.6220274996321957,-1.1361608888603139,-0.8350126833939371,2.375476078895595,2.284664394595154,0.5436553155021844,0.2360132396644883
-0.6207894741202861,0.3025607734635417,-0.49488869429498805,-0.019001348887349022,0.1375275546843812,1.2065039898393208,0.14814628605074387,-0.2778440430541571,0.3073607131032961,0.5488001250949084,-0.24759748523216563,0.6225494371786897,-0.4240826675266375,0.4477837539514437,0.7778391136946666,-0.14392422746752953
-0.9076724336837348,0.5873241945224906,-0.8758653940461449,0.9938953731878725,-1.023025932335808,-0.17354098024914671,0.32867909797878625,-0.2778440430541571,1.1397693172161516,1.546862156045921,-0.4160828981140529,1.1636749461561433,-0.8501976192625074,-1.0652063238593565,0.9703203866143343,1.0626316331550707
-0.16543497790044925,0.32464446734158275,0.33704001740651773,0.8777374922159434,0.49073948551661256,-1.4060014038178361,-0.1535660845687235,-0.2778440430541571,0.04709756707566377,-0.11653454810364698,-0.44207010712563954,0.3031921170444241,0.18904665064982132,0.44658498991100537,-0.698752691135496,0.9449220622167597
0.34479310454461093,-0.8376552104500453,0.8812924456224561,-0.5626202318359762,0.6589356430557703,-0.6162946198084871,0.11846965943243584,-0.2778440430541571,-0.6956518194298933,-0.5986491098943361,0.22736425219911907,-0.8350126833939371,0.6976853597054831,0.6617684009513748,-0.454371361983056,-0.4212103785725115
-0.1173002531414813,0.48736642223241067,-0.8758653940461449,2.1322426067127767,-1.023025932335808,-0.5256725298402012,-1.2788048438462463,-0.2778440430541571,0.32972138476595036,1.030723295582516,0.05926646725293443,0.6640030387780829,-0.8501976192625074,-1.0652063238593565,-0.2776490018705295,2.294662736750488
0.24852365502667503,0.7895643384582339,-0.8758653940461449,1.4817584732699742,-0.013848987100860922,-1.0046750053868554,-0.6358112671162333,-0.2778440430541571,-0.1677821354120375,0.07817000191947193,-0.01353478688726785,0.7405293669429913,-0.8501976192625074,-0.06869523265010855,-0.7476466036471328,1.4407217104915895
-0.3916681842675986,1.9228065243050714,-0.8758653940461449,2.1322426067127767,-1.023025932335808,-0.5256725298402012,-2.2185646867593425,-0.2778440430541571,0.663750742110504,0.06217292371066964,-0.8914322634325345,1.663346853572579,-0.8501976192625074,-1.0652063238593565,-1.0991924613507327,2.2143374038577717
1.6155498381813644,-0.5587032877800546,0.35259008678411596,-0.934325450946149,0.9280494951184228,-0.07256207999877154,-0.7594638780258511,-0.6790412603952891,-1.2742686159852994,-1.4303473215014157,0.5934933496527537,-0.6165768768825836,-0.008526736889101865,0.4929086500891009,-1.2255934258038577,-0.9673477593969732
-0.9076724336837348,0.5873241945224906,-0.8758653940461449,0.9938953731878725,-1.023025932335808,-0.17354098024914671,0.32867909797878625,0.7171250559518502,1.1397693172161516,1.546862156045921,-0.4160828981140529,1.1636749461561433,-0.8501976192625074,-1.0652063238593565,0.9703203866143343,1.0626316331550707
-0.25785364943766764,-0.8376552104500453,0.9637078133237267,0.2969480873562984,-0.04748821860869252,0.7223231091516235,-0.19437144616889684,0.1714968403679107,-0.018871747062505523,0.30328441740238854,-0.03575197499798882,-0.8350126833939371,1.0214446735221985,0.09168456157497738,0.22635780142935544,0.19764662817303846
-0.24918939898105336,-0.8376552104500453,0.660481460460561,-1.6637969434498627,1.3653595047202332,0.19671498733556322,1.4291873350743856,0.1714968403679107,-0.5707397962531923,-0.4488148686463672,0.14767522132496874,-0.8350126833939371,0.7957411361327832,1.917231313954478,0.6475238770106633,-1.5337207140565805
0.9994253612665749,-0.8376552104500453,-0.8758653940461449,0.1807902063843694,-1.023025932335808,1.7916637707773964,0.13083492052339762,-0.614849705620708,-0.8726094172267292,0.11795331160084487,1.485314563300557,-0.8350126833939371,-0.8501976192625074,-1.0652063238593565,0.33242790829968344,-0.23089781396551667
-0.8855304602946097,0.6047586896893651,-0.8758653940461449,0.1668512606677374,-1.023025932335808,1.4343538160452987,-0.11276072296855018,-0.2778440430541571,0.7849305653246662,1.0182379539891273,-0.4157765176002831,1.1633528888527929,-0.8501976192625074,-1.0652063238593565,1.146329860922627,0.10852850532992153
-1.1666372528869824,1.905372029138197,-0.8758653940461449,0.459569120716999,-1.023025932335808,-0.4816560861413198,0.09621218946870519,0.7171250559518502,1.5176177192178875,0.13117905706007965,-1.3692007095320695,2.1655616205323107,-0.8501976192625074,-1.0652063238593565,-0.15304509611763562,0.4909317587918619
-0.3868547117917018,-0.8376552104500453,-0.8758653940461449,0.1807902063843694,-1.023025932335808,1.8952318735982945,0.1926612259782066,-0.2778440430541571,0.0841115631675065,2.495757471454928,1.4853145632252673,-0.8350126833939371,-0.8501976192625074,-1.0652063238593565,2.8352217402371043,0.15658969773981318
2.1354048655782183,-0.8376552104500453,-0.8758653940461449,0.8312743398271718,-1.023025932335808,1.9729079507139682,-1.9836247260310682,-0.6790412603952891,-1.1548535368050514,-0.5835273242174885,1.485314563329924,-0.8350126833939371,-0.8501976192625074,-1.0652063238593565,-0.8835049759684146,0.36435349626795305
-0.9317397960632188,-0.8376552104500453,1.720996192012761,-0.5812054927914851,0.2552648649617915,1.074454658742675,0.05417030175943398,-0.2778440430541571,0.5824019288373596,0.1170314981317435,-0.7931970329540301,-0.8350126833939371,1.9534658371106282,0.5433982619403491,0.5794329179470318,-0.5618076452442784
-0.03065774857533902,-0.8376552104500453,-0.8758653940461449,0.04140074921805459,-1.023025932335808,1.493905475167314,0.42760118670648056,-0.2778440430541571,-0.2927878721269963,1.5590234983788598,1.4853145632521394,-0.8350126833939371,-0.8501976192625074,-1.0652063238593565,1.9161377062304168,-0.027905319306172526
-0.279995622826793,-0.8376552104500453,0.660481460460561,-1.1155317452623585,1.1298848841654123,0.19671498733556322,1.4291873350743856,-0.2778440430541571,-0.39271264284651364,-0.14412078875672632,0.13537155390732822,-0.8350126833939371,0.8108805555553578,1.647916141180964,0.6877903844285126,-1.1006178923436025
-1.0703678033690465,0.03871874660484228,1.720996192012761,-0.8413991461686059,0.305723712223539,0.4491622379615026,-0.041042208640970954,-0.2778440430541571,0.7353125870764311,-0.578795764036887,-1.32916238248527,0.08524285684367826,1.535724091056442,0.357755043800188,-0.17471765521917312,-0.7778335480627175
1.0629631979484129,0.2909377766856254,-0.8758653940461449,-1.1248243757401124,1.0121475738880017,-1.5600589567639218,1.8829924171126837,0.7331729446454954,-1.1342954596202148,-1.1880819623643588,0.5350073083209237,0.16391962477802574,-0.8501976192625074,0.771886595783398,-0.7325841496454322,-1.2020089271652874
2.3760784893730578,-0.8376552104500453,-0.8758653940461449,0.3201796635506842,-1.023025932335808,1.9729079507139682,-1.9836247260310682,-0.502514484765191,-1.284753842445686,-0.9063774481808391,1.485314563334451,-0.8350126833939371,-0.8501976192625074,-1.0652063238593565,-1.0190619045601657,-0.08819798417226157
-0.2694059833798201,1.1010606521063904,-0.8758653940461449,0.9938953731878725,-1.023025932335808,0.0646656562389189,-0.980802051554067,-0.614849705620708,0.18750154002765473,0.12682037058436954,-0.41608289808939514,1.1636749461734233,-0.8501976192625074,-1.0652063238593565,-0.4471048345727142,0.9804389052048462
-1.2821605923085055,-0.8376552104500453,1.9075970245439398,0.9242006446047151,0.3225433279774547,-1.9238419179223272,1.1818821132551498,-0.2778440430541571,2.07025749959613,1.2200489855385634,-1.1408439674958561,-0.8350126833939371,2.381238514534597,0.7555793736435872,0.5491040688825714,1.1563295750439069
-1.371691180360186,1.5276246338559178,-0.8758653940461449,0.1668512606677374,-1.023025932335808,1.3411425235064898,-0.17458702842335913,-0.614849705620708,1.9902271865080159,0.6066969682513206,-1.3665013520516156,2.1627241430706903,-0.8501976192625074,-1.0652063238593565,0.7013917549528184,0.057324117635322185
1.9428659665423464,-0.8376552104500453,-0.8758653940461449,0.459569120716999,-1.023025932335808,-0.4738884784297521,-0.6481765282071951,-0.6790412603952891,-1.154853536806134,-0.5835273242201791,1.485314563325963,-0.8350126833939371,-0.8501976192625074,-1.0652063238593565,-0.9030917042177509,0.4012882427319036
1.4037570492419056,-0.5819492813358872,1.1767437637968226,-0.6555465366135195,0.47391986976269684,-1.9497339436275516,-0.2895839565693032,-0.6790412603952891,-1.1671082826249235,-1.4660588049489882,0.2188127940624036,-0.6448261442469836,0.48557841998000695,0.07026461848292306,-1.5028633795754411,-0.5340223624787982
0.9320367466040198,0.25258188731850173,-0.8758653940461449,-2.579121045508664,2.912764154080485,-1.5600589567639218,2.710228384098027,0.7331729446454954,-1.357498013613487,-1.6323770230266992,0.5342102444251874,0.16475747261030327,-0.8501976192625074,2.615592749391474,-0.5076524989170391,-2.4347186620696037
1.4133839941936992,0.39786934704245525,-0.8758653940461449,-1.4268348662671277,2.105422597892528,-0.4738884784297521,0.37443056401534547,0.7331729446454954,-1.2969797535701055,-1.512032856720384,0.5342579562025265,0.1647073195427583,-0.8501976192625074,1.5163819801976453,-1.048589376099646,-1.4634460829584208
-1.1858911427905696,-0.8376552104500453,1.3477945269504032,0.5060322731057706,0.49073948551661256,-1.2377032367338765,1.1695168521641879,-0.2778440430541571,1.5898142112518714,1.4153266311394557,-0.795724337553755,-0.8350126833939371,1.9565756354089388,1.1618956450602267,1.0653715073474324,0.7237228928275468
0.05598475599080327,0.5536175038665335,-0.8758653940461449,-0.6416075908968875,0.1879864019461285,-0.028545636299890088,0.25696058365120844,-0.2778440430541571,-0.529365269351613,-0.44717372964294666,0.07586895933494209,0.6465510350790875,-0.8501976192625074,0.24998096718620588,-0.15048283006625754,-0.5698824376247191
1.0283061961219557,-0.8376552104500453,-0.8758653940461449,0.1807902063843694,-1.023025932335808,-0.0855080928513838,-0.12883556238679994,-0.2778440430541571,-0.8849308237926103,0.08733007620829301,1.4853145633015268,-0.8350126833939371,-0.8501976192625074,-1.0652063238593565,-0.05233778885339952,0.25795118370914
-1.3976839317300285,1.4869441451332108,-0.8758653940461449,0.459569120716999,-1.023025932335808,-0.585224188962218,0.813397332744489,0.7171250559518502,2.2342747379502446,0.8416669166673473,-1.3696365799443218,2.166019793415777,-0.8501976192625074,-1.0652063238593565,0.6144539631737158,0.5241823211286394
-0.5707293603709592,-0.8376552104500453,1.0538982157137964,-1.0969464843068497,0.8775906478566756,1.3735075556380203,0.26561626641488084,0.1714968403679107,-0.1024177577167912,-0.08230956619927686,-0.23453547285476084,-0.8350126833939371,1.2660438362221194,1.3641889369676021,0.7432641218224262,-1.0620680143571748
1.0475600860255427,-0.6051952748917198,0.5858411274480896,-1.166641212890007,0.9280494951184228,-0.44799645272452754,0.8851158470720668,-0.2778440430541571,-1.1363922530652097,-1.2827137204314358,0.4036812769003899,-0.6355428600830192,0.2472345431389217,0.6421891266320814,-0.8156279659136246,-1.2816827864790392
-0.6227148631106447,-0.8376552104500453,1.8329566915314681,-1.278152778623059,0.9448691108723386,1.0317328163290551,0.025730201250222427,-0.6790412603952891,-0.10226558014580427,-0.5935201059941773,-0.650508481418717,-0.8350126833939371,1.7778903964574813,1.160172326556287,0.13074900472636267,-1.1999148657911454
-0.46387027140605047,-0.8376552104500453,0.9637078133237267,0.6221901540776996,-0.24932360765568193,0.7352691220042357,-0.18324271118703153,-0.502514484765191,0.3065249015998036,0.718347493745956,-0.12920825958402782,-0.8350126833939371,1.1364407833827863,-0.09129769496033613,0.4739212983387369,0.5142704293982371
1.075478226385744,1.3590911805761317,-0.8758653940461449,-1.6823822044053716,2.677289533525664,-0.3612581666120247,-0.21786544224172538,-0.2778440430541571,-1.2386440648162733,-1.7778329736737535,-0.06661202245382371,0.7963224435311129,-0.8501976192625074,1.7372121534202603,-1.3245399957168709,-1.6833078870890212
-1.3302953170674734,0.70820336101282,0.7257917518464737,0.8312743398271718,0.1543471704382969,-0.7328087354819977,-0.2524881732964178,-0.2778440430541571,2.1854400366013027,0.4811911696850094,-1.4982612404868019,0.9324437975353435,0.7520769358536413,0.30764672200311133,-0.09498851366551526,0.9832346828036486
0.45068949901434036,-0.8376552104500453,-0.8758653940461449,0.0878639016068262,-1.023025932335808,1.170255153852007,0.11846965943243584,-0.2778440430541571,-0.6152676518514371,0.7575424214387145,1.4853145632787326,-0.8350126833939371,-0.8501976192625074,-1.0652063238593565,0.9214768660586229,0.007865499529812327
0.9224098016522262,1.3614157799317148,-0.8758653940461449,-0.5579739165970994,0.6757552588096861,-0.6020540056706134,-0.20673670725985865,0.7331729446454954,-0.9768484388433569,-1.3743152255104194,-0.1115622108923375,0.8435726305109749,-0.8501976192625074,0.2572233451274015,-1.2832166190918097,-0.7248729760953029
-1.1993688657230805,0.8383809249254822,0.8704073970581373,1.7651837028414807,0.6757552588096861,-0.6395974429431887,-1.4284245030468843,-0.2778440430541571,2.1996358010579287,0.5197997880251988,-1.4877922938538335,0.9219414508629337,0.7514889841711325,0.7509175229302198,-0.5727916658679942,1.9214647051659408
-1.0790320538256608,-0.8376552104500453,1.6634609353156478,-0.2606097413089608,-0.2661432234095977,1.1132926973005117,0.08261040226864694,-0.2778440430541571,0.9969868662667408,0.5127321282456175,-0.8712291938892026,-0.8350126833939371,2.0494828678663555,-0.05780440106008695,0.8411922016983501,-0.2658360962807703
-0.03065774857533902,-0.8376552104500453,-0.8758653940461449,0.04140074921805459,-1.023025932335808,1.493905475167314,0.42760118670648056,-0.614849705620708,-0.2927878721269963,1.5590234983788598,1.4853145632521394,-0.8350126833939371,-0.8501976192625074,-1.0652063238593565,1.9161377062304168,-0.027905319306172526
0.11759720368228202,-0.8376552104500453,0.6200512800788057,-0.6509002213746425,0.5580179485322757,-0.14764895454392216,1.1324210688913026,0.877603942888303,-0.5740148767915205,-0.30251577039793515,0.30247418703216444,-0.8350126833939371,0.605264070350688,0.727791904394226,0.13834526127938981,-0.7051191715589579
-0.25400287145695016,-0.8376552104500453,0.6775865367759192,-1.6730895739276177,1.0626064211497492,0.4323324212531073,1.5627321548567723,0.1714968403679107,-0.5695799198820594,-0.4591423603634533,0.1350898945874347,-0.8350126833939371,0.8112271317798426,1.534732764250399,0.7075839465806392,-1.6051989874239065
-1.0077926611823882,-0.2553430718764397,1.8220716429671495,-0.804228624257588,0.07024909166871798,0.4349216238236303,0.24830490088753462,-0.502514484765191,0.6308077250706023,-0.4623873885235623,-1.1912937996298518,-0.2046031502712702,1.7053686555919543,0.1418494174410041,-0.018597821391048562,-0.7721859247912901
1.5481612235188094,1.2196152192411365,-0.8758653940461449,0.1807902063843694,0.843951416348844,-1.1354297351982396,-0.8101614484987948,-0.2778440430541571,-1.077919415016496,-1.3749294138005799,0.11945680900335695,0.6007328946749079,-0.8501976192625074,0.2635829786153575,-1.6126109417255865,-0.06718845921561307
-0.6361925860431558,-0.8376552104500453,1.0150230422698008,-0.0840497622316282,-0.06430783436260824,1.1003466844478995,0.07271819339587667,0.1714968403679107,0.30675456973967224,0.5489151992701857,-0.24685453549557934,-0.8350126833939371,1.2812021991591183,0.19439325141463712,0.7778685228941951,-0.1403908149523198
-1.0607408584172529,-0.34832704609976994,1.6712359700044468,-2.8021441769747675,-0.06430783436260824,1.1145872985857748,0.08261040226864694,-0.2778440430541571,-0.09941355355890631,-1.1827730745226954,-1.1323488313347903,-0.27239735038676083,1.7121968509925771,0.05896692639548691,0.29734336927183824,-2.374749983975352
-1.018382300629361,-0.6795824542703839,1.8049665666517916,-1.1759338433677609,-0.3334216864252609,0.43621622510889035,1.026079823509031,0.877603942888303,0.4997930477072811,-0.28085533302715465,-0.9816213171421165,-0.6454050399647411,1.963366498537895,-0.22161964676320856,0.5261380360290536,-1.1160505761721087
-0.4465417704928219,-0.8376552104500453,1.0150230422698008,-0.37676762228088984,0.10388832317654959,1.0848114690247672,0.0628259845231078,-0.502514484765191,-0.01612436919954785,0.16193306385467018,-0.15029615618666636,-0.8350126833939371,1.1623890230931366,0.3328417774951777,0.5219350938003046,-0.41987796097638697
-1.00490457769685,0.24793268860733533,1.6105906994318135,-0.45575498134180104,0.6084767957940229,0.4478676366762426,-0.331625844278573,-0.2778440430541571,0.7656230761147839,-0.5559365269334425,-1.3338377252193954,0.25769057463519734,1.3396124502926474,0.6095669406439462,-0.36731760302917804,-0.46827430210857374
1.1053217557363044,-0.8376552104500453,-0.8758653940461449,0.459569120716999,-1.023025932335808,-0.422104427019303,-0.19066186784160888,-0.2778440430541571,-0.8672879747060045,0.13117905706007965,1.4853145633040399,-0.8350126833939371,-0.8501976192625074,-1.0652063238593565,-0.19180490625055543,0.5530107771408679
-1.1801149758194935,1.992544504972569,-0.8758653940461449,-0.0840497622316282,0.7766729533331808,0.6394686268949037,-0.9362871116266042,-0.2778440430541571,1.309161579362682,-0.16570700594852905,-1.4149001814353954,2.213599430105992,-0.8501976192625074,0.911835725796076,-0.2013585019201154,0.001204132850692643
-1.176264197838776,1.2312382160190527,2.0319975795647256,1.8070005399913756,0.1543471704382969,-1.5354615323439589,-1.9712594649401065,-0.2778440430541571,2.1467792313864753,-0.38833003237340963,-1.844868130593628,0.8721197449395234,1.2491842363952184,-0.07443330035051064,-1.4226586626025155,1.97650667453968
-1.2051450326941566,0.8476793223478154,-0.8758653940461449,-0.1909150127258034,0.3225433279774547,0.3546563441374336,0.6007148419799456,-0.2778440430541571,1.3242895510883055,1.0090555019929692,-0.827626979523255,1.5962767988585125,-0.8501976192625074,0.9144398707358287,1.2769812739676942,-0.0781500439170427
0.1041194807497712,0.7198263577907363,-0.8758653940461449,0.5989585778833139,-0.013848987100860922,-0.6292406326610994,-0.16593134565968531,-0.2778440430541571,-0.26263171434960964,-0.09123812811248563,-0.020520305645654605,0.7478723187462366,-0.8501976192625074,-0.019223050818194934,-0.4698599157164791,0.5885302629948929
0.9320367466040198,0.25258188731850173,-0.8758653940461449,-2.579121045508664,2.912764154080485,-1.5600589567639218,2.710228384098027,0.1714968403679107,-1.357498013613487,-1.6323770230266992,0.5342102444251874,0.16475747261030327,-0.8501976192625074,2.615592749391474,-0.5076524989170391,-2.4347186620696037
-1.3177802886301415,1.6264201064682062,-0.8758653940461449,0.9938953731878725,-1.023025932335808,-0.010421218306233193,-0.30813184820574585,-0.614849705620708,2.2231979355732174,0.8369949449353287,-1.3670507198622626,2.163301620784157,-0.8501976192625074,-1.0652063238593565,0.25749328635057367,1.0342130085704206
-1.00490457769685,0.24793268860733533,1.6105906994318135,-0.45575498134180104,0.6084767957940229,0.4478676366762426,-0.331625844278573,-0.502514484765191,0.7656230761147839,-0.5559365269334425,-1.3338377252193954,0.25769057463519734,1.3396124502926474,0.6095669406439462,-0.36731760302917804,-0.46827430210857374
0.3062853247374365,-0.8376552104500453,-0.8758653940461449,0.459569120716999,-1.023025932335808,-0.0337240414409347,0.9469421525268757,2.1614350383799255,-0.4424970220201214,1.1869410974709136,1.4853145632716553,-0.8350126833939371,-0.8501976192625074,-1.0652063238593565,1.0778712882893533,0.42398866798739765
2.1354048655782183,-0.8376552104500453,-0.8758653940461449,0.8312743398271718,-1.023025932335808,1.9729079507139682,-1.9836247260310682,3.6057450208080004,-1.1548535368050514,-0.5835273242174885,1.485314563329924,-0.8350126833939371,-0.8501976192625074,-1.0652063238593565,-0.8835049759684146,0.36435349626795305
0.6913631228091801,-0.8376552104500453,-0.8758653940461449,0.9706637969934866,-1.023025932335808,0.018060009969514405,0.019547570704741533,-0.2778440430541571,-0.5703021614333306,0.8692982335899172,1.4853145632891798,-0.8350126833939371,-0.8501976192625074,-1.0652063238593565,0.3622460386735429,0.9260771376176884
0.3380542430783555,0.8476793223478154,-0.8758653940461449,-0.16768343653141762,0.3225433279774547,-1.364574162689476,0.6254453641618692,-0.2778440430541571,-0.6036168424424756,-0.6684137303718393,-0.018627351928853224,0.7458825069175047,-0.8501976192625074,0.22201725457461546,-0.7081176713030214,-0.1491465943446243
-0.4667583548915887,-0.8376552104500453,0.962152806385967,0.6082512083610676,0.0029706286530548002,0.7184393052958374,-0.19560797227799331,0.877603942888303,0.30588868982845163,0.7165963425337486,-0.12969822728692268,-0.8350126833939371,1.1370436789507685,0.22776610088642102,0.47334080672924794,0.5074445328972448
-1.012606133658285,0.5106124157882432,-0.8758653940461449,0.459569120716999,-1.023025932335808,-0.3340715396215401,1.0310259279454153,-0.614849705620708,1.15031373658567,1.5501880278678302,-0.42266212808986164,1.1705908203028732,-0.8501976192625074,-1.0652063238593565,1.3807730449912852,0.5476309099371947
-1.2041823381989774,0.8476793223478154,0.8812924456224561,-0.16768343653141762,0.3225433279774547,0.3792537685573966,-1.0475744614452602,-0.2778440430541571,1.3324276255889056,-0.3074830075844079,-1.4979045138077196,0.9273912711619343,0.7575523978105483,0.36980843166195554,-0.36233578360594026,-0.003343840882604857
-0.3868547117917018,-0.8376552104500453,-0.8758653940461449,0.1343270539955978,-1.023025932335808,1.8822858607456823,0.1926612259782066,-0.2778440430541571,0.07046657307938801,2.4618446433079733,1.4853145632252673,-0.8350126833939371,-0.8501976192625074,-1.0652063238593565,2.831780743268192,0.12364101682236738
-1.291787537260299,-0.8376552104500453,1.8453967470335468,-1.1201780605012355,2.004504903369033,-0.38326638846146616,0.872750585981105,-0.2778440430541571,1.1093809571909,0.18564538487272508,-1.1224013908197708,-0.8350126833939371,2.3585452886761837,3.0957741572660473,0.8575006422848849,-0.8045339148273412
-1.2041823381989774,0.8476793223478154,0.8812924456224561,-0.16768343653141762,0.3225433279774547,-1.364574162689476,0.6254453641618692,-0.2778440430541571,1.3324276255889056,-0.3074830075844079,-1.4979045138077196,0.9273912711619343,0.7575523978105483,0.36980843166195554,-0.3611405163542506,-0.0052117428221619905
-1.3177802886301415,1.6264201064682062,-0.8758653940461449,0.9938953731878725,-1.023025932335808,-0.010421218306233193,-0.30813184820574585,-0.2778440430541571,2.2231979355732174,0.8369949449353287,-1.3670507198622626,2.163301620784157,-0.8501976192625074,-1.0652063238593565,0.25749328635057367,1.0342130085704206
-1.07999474832084,2.184323951808188,-0.8758653940461449,0.04140074921805459,1.1635241156732439,-1.4707314680808974,0.6625411474347546,-0.2778440430541571,1.1262271313984438,-0.3448001198883907,-1.4158787463365523,2.214628065947477,-0.8501976192625074,1.1851309290570384,-0.4889751906571742,0.1136196556513741
0.6817361778573865,-0.8376552104500453,-0.8758653940461449,0.459569120716999,-1.023025932335808,0.9631189482102106,0.402870664524557,-0.614849705620708,-0.6672621316895949,0.6283169806025831,1.4853145632887907,-0.8350126833939371,-0.8501976192625074,-1.0652063238593565,0.6180168223144744,0.19683811838459683
-1.018382300629361,-0.6795824542703839,1.8049665666517916,-1.1759338433677609,-0.3334216864252609,0.43621622510889035,1.026079823509031,-0.6790412603952891,0.4997930477072811,-0.28085533302715465,-0.9816213171421165,-0.6454050399647411,1.963366498537895,-0.22161964676320856,0.5261380360290536,-1.1160505761721087
0.4150698026927042,1.0708408604838078,-0.8758653940461449,0.3898743921338416,-0.24932360765568193,-1.3283253267021624,0.007182309613779744,-0.2778440430541571,-0.5283968807670596,-0.6450384188988155,-0.12235517489640346,0.8549178458340287,-0.8501976192625074,-0.3665196597022381,-0.9570475082733627,0.35660121413221096
0.1041194807497712,-0.8376552104500453,-0.8758653940461449,0.459569120716999,-1.023025932335808,-0.7690575714693114,1.5070884799474442,-0.6790412603952891,-0.29634286633226986,1.5501880278678302,1.4853145632605131,-0.8350126833939371,-0.8501976192625074,-1.0652063238593565,1.3946584798188857,0.5312018423330978
-0.9259636290921427,-0.31229575608822946,1.0212430700208401,-0.5533276013582225,0.35618255948528615,1.123649507582604,0.0900295589232243,-0.2778440430541571,0.5830983545045151,0.12189834753017295,-0.7906995800721422,-0.18824377692182898,1.1932953686526708,0.6664171874295164,0.5852728579564371,-0.5627908201498075
-0.25207748246659156,0.2897754770078339,0.3059398786513212,0.5524954254945422,0.3225433279774547,-1.781435776543592,0.5883495808889838,-0.2778440430541571,0.04620881292856884,-0.12773891392538408,-0.44963697093636495,0.30541496406560087,0.19575549751966198,0.3228750078942453,-0.5391575272990072,0.6330292967604321
-1.00490457769685,0.24793268860733533,1.6105906994318135,-0.45575498134180104,0.6084767957940229,0.4478676366762426,-0.331625844278573,0.877603942888303,0.7656230761147839,-0.5559365269334425,-1.3338377252193954,0.25769057463519734,1.3396124502926474,0.6095669406439462,-0.36731760302917804,-0.46827430210857374
0.05598475599080327,-0.6633102587813011,1.3166943881952067,-0.1444518603370318,-0.09794706587043983,-1.690813686575306,0.34104435906974806,-0.6790412603952891,-0.40701198851133513,-0.5284960530958555,-0.20001500474459488,-0.6646699876919598,1.0241666308338375,-0.14343356449099093,-0.6721395474312598,0.08184550053619355
1.8947312417833786,0.5431568067664088,-0.8758653940461449,-0.04687924032061172,0.47391986976269684,-1.5600589567639218,0.09992176779599315,-0.2778440430541571,-1.2157015747122262,-1.3504187015323952,0.534295624240951,0.16466772412668348,-0.8501976192625074,0.0400516833385885,-1.4771714930259334,-0.28592749336625367
-1.3177802886301415,1.6264201064682062,-0.8758653940461449,0.9938953731878725,-1.023025932335808,-0.010421218306233193,-0.30813184820574585,0.7171250559518502,2.2231979355732174,0.8369949449353287,-1.3670507198622626,2.163301620784157,-0.8501976192625074,-1.0652063238593565,0.25749328635057367,1.0342130085704206
-0.6323418080624382,-0.8376552104500453,0.6853615714647183,-1.0597759623958318,0.4402806382548651,0.4556352443878088,1.6097201470024278,-0.2778440430541571,-0.0193720416730586,0.297113713780931,-0.039935557556874786,-0.8350126833939371,1.026592489092228,0.9851415205460757,1.2725318416534321,-1.0464849405478418
0.5565858934840698,-0.8376552104500453,-0.8758653940461449,-0.005062403170717013,-0.5184374597183344,0.17341216420086172,0.5388885365251367,-0.2778440430541571,-0.6947899543410326,0.5599001981198348,1.4853145632835207,-0.8350126833939371,-0.8501976192625074,-0.40679721002944125,0.6643827775278026,0.024454712304962073
0.45068949901434036,-0.8376552104500453,-0.8758653940461449,0.0878639016068262,-1.023025932335808,1.170255153852007,0.11846965943243584,-0.614849705620708,-0.6152676518514371,0.7575424214387145,1.4853145632787326,-0.8350126833939371,-0.8501976192625074,-1.0652063238593565,0.9214768660586229,0.007865499529812327
-1.5613419959105195,1.1731232321294713,-0.8758653940461449,0.459569120716999,-1.023025932335808,-0.8130740151681943,1.4650465922381743,-0.2778440430541571,2.92132846745944,1.5501880278678302,-1.3602023988396148,2.1561028867745815,-0.8501976192625074,-1.0652063238593565,1.3753888967928283,0.5540203418515325
-1.2821605923085055,0.5106124157882432,0.9745928618880455,0.0878639016068262,-0.06430783436260824,-1.8073278022488166,1.3178999852557294,-0.2778440430541571,1.667118620038031,0.09615714726544512,-1.4543459855688468,0.6903015602196974,0.9814879375626596,0.040920987378712886,-0.03842727048585066,0.2339041981769986
0.08775367433172222,0.5629159012888665,0.5842861205103298,0.2551312502064037,0.524378717024444,-0.8829824845723003,-0.9585445815903363,-0.2778440430541571,-0.33331209809278156,-0.793955848309213,-0.5460767847158742,0.36511617530569396,0.24453749209924633,0.2870455216599045,-1.1179275384890819,0.3253819676752063
-1.1473833629833952,1.3358451870202992,-0.8758653940461449,-0.2838413175033466,0.8271318005949282,0.22519621561131084,0.1926612259782066,-0.2778440430541571,1.1408688457659903,0.29357994894871287,-1.0837701569445033,1.8655262380457818,-0.8501976192625074,1.2791868213405084,0.4805654156052812,-0.17546232015658061
-0.6323418080624382,-0.8376552104500453,0.6853615714647183,-1.0597759623958318,0.4402806382548651,0.4556352443878088,1.6097201470024278,0.1714968403679107,-0.0193720416730586,0.297113713780931,-0.039935557556874786,-0.8350126833939371,1.026592489092228,0.9851415205460757,1.2725318416534321,-1.0464849405478418
0.3062853247374365,-0.8376552104500453,-0.8758653940461449,0.459569120716999,-1.023025932335808,-0.0337240414409347,0.9469421525268757,5.050055003236076,-0.4424970220201214,1.1869410974709136,1.4853145632716553,-0.8350126833939371,-0.8501976192625074,-1.0652063238593565,1.0778712882893533,0.42398866798739765
-1.3976839317300285,1.4869441451332108,-0.8758653940461449,0.459569120716999,-1.023025932335808,-0.585224188962218,0.813397332744489,-0.6790412603952891,2.2342747379502446,0.8416669166673473,-1.3696365799443218,2.166019793415777,-0.8501976192625074,-1.0652063238593565,0.6144539631737158,0.5241823211286394
0.18306042935447853,-0.8376552104500453,0.9512677578216482,-0.339597100369872,0.5748375642861915,0.6498254371769929,-0.24630554275093694,-0.2778440430541571,-0.5438150870088989,-0.40991850425452603,0.13847225733908358,-0.8350126833939371,0.8070652013332009,0.6240806236183057,-0.22233017501310484,-0.4069082685160651
-1.012606133658285,0.5106124157882432,-0.8758653940461449,0.459569120716999,-1.023025932335808,-0.3340715396215401,1.0310259279454153,-0.6790412603952891,1.15031373658567,1.5501880278678302,-0.42266212808986164,1.1705908203028732,-0.8501976192625074,-1.0652063238593565,1.3807730449912852,0.5476309099371947
-0.964471408899317,0.671009771323488,0.9683728341370061,-0.10263502318713712,-0.4175197651948397,0.4491622379615026,-0.3291527920603815,-0.2778440430541571,0.8283154551068183,-0.40673205231064957,-1.2838407451533487,0.686033601303416,0.7766806162529872,-0.4426205952057522,-0.36122073343507954,-0.17772179659966816
-1.1666372528869824,1.6496661000240387,1.4877451513487874,0.8312743398271718,0.49073948551661256,-1.9885719821853884,-0.8583859667535455,-0.2778440430541571,1.683095815569572,-0.7255073022495865,-1.8412221043328523,1.2095339357719042,0.8497261843106547,0.20377338311505466,-1.3453592998941017,0.9724426626851052
0.6817361778573865,-0.8376552104500453,-0.8758653940461449,0.459569120716999,-1.023025932335808,1.079633063883721,0.4399664477974424,-0.2778440430541571,-0.6672621316895949,0.6283169806025831,1.4853145632887907,-0.8350126833939371,-0.8501976192625074,-1.0652063238593565,0.6461758118369598,0.1603014339721707
2.1835395903371864,-0.8376552104500453,0.05713876860974942,0.5989585778833139,-1.023025932335808,0.7430367297158019,-1.7734152874847178,-0.2778440430541571,-1.1998684942054088,-1.0263748393858425,0.9805187771251955,-0.8350126833939371,-0.22905638782094181,-1.0652063238593565,-1.3240605074028375,0.23136608722562324
-0.25785364943766764,-0.8376552104500453,0.9637078133237267,0.2969480873562984,0.053429475914802266,0.7223231091516235,-0.19437144616889684,0.1714968403679107,-0.018871747062505523,0.30328441740238854,-0.03575197499798882,-0.8350126833939371,1.0214446735221985,0.2113629290337016,0.22635780142935544,0.1957766114798463
0.5084511687251019,-0.8376552104500453,-0.8758653940461449,0.459569120716999,-1.023025932335808,0.0698440613799635,0.6378106252528309,2.1614350383799255,-0.5701059374097724,0.869785922591247,1.4853145632813838,-0.8350126833939371,-0.8501976192625074,-1.0652063238593565,0.7307662103653323,0.4110002659679785
-0.9076724336837348,0.5873241945224906,-0.8758653940461449,0.9938953731878725,-1.023025932335808,-0.17354098024914671,0.32867909797878625,-0.6790412603952891,1.1397693172161516,1.546862156045921,-0.4160828981140529,1.1636749461561433,-0.8501976192625074,-1.0652063238593565,0.9703203866143343,1.0626316331550707
-0.7526786199598581,0.70820336101282,-0.8758653940461449,0.459569120716999,-1.023025932335808,-0.09327570056295147,0.40534371674274994,-0.6790412603952891,0.663750742085891,0.8416669166673473,-0.4132279469634217,1.160673913684523,-0.8501976192625074,-1.0652063238593565,0.6267506190087182,0.5075208445383912
-0.010441164176572267,-0.8376552104500453,0.6387113633319237,-0.9993738642904295,0.9616887266262546,0.016765408684252883,1.2634928364554978,-0.2778440430541571,-0.5716850770073477,-0.3507648850661824,0.24902542618261367,-0.8350126833939371,0.6710317134990881,1.2583009787849115,0.3142894749428671,-1.0073403380984003
-0.27133137237017874,1.2544842095748852,0.6013911968256878,-1.073714908112464,0.5748375642861915,-1.4577854552282852,0.32867909797878625,-0.2778440430541571,-0.38844173356004685,-1.3675919109900185,-1.0046106837497797,0.878148141957966,0.2082073203432409,0.26916948018356845,-1.1407355573837334,-0.9578551525776253
-0.964471408899317,0.671009771323488,0.9683728341370061,-0.10263502318713712,-0.4175197651948397,0.4491622379615026,-0.3291527920603815,-0.6790412603952891,0.8283154551068183,-0.40673205231064957,-1.2838407451533487,0.686033601303416,0.7766806162529872,-0.4426205952057522,-0.36122073343507954,-0.17772179659966816
-0.38589201729652245,-0.8376552104500453,0.5873961343858493,0.213314413056509,0.1543471704382969,-0.29393889977844173,0.9098463692539903,0.877603942888303,0.09259311937520172,0.7241031447204663,0.13882524121174877,-0.8350126833939371,0.8066308616239259,0.4886550405069222,0.6996138942198047,0.21297168529760327
-1.3649523188939303,1.0406210688612256,1.0803333336557135,-0.48827918801394193,0.7262141060714336,-0.6473650506547564,-0.11152419685945371,-0.2778440430541571,1.6317175356146265,-0.5439138120861589,-1.7382674943009273,1.0702959582896971,0.8860323361768433,0.7444089092548812,-0.4702171611451614,-0.2925233654929144
-1.27542173084225,1.1684740334183046,-0.8758653940461449,-0.009708718409593909,-0.4511589967026713,0.1708229616303387,0.5364154843069437,-0.2778440430541571,1.6005129323582479,0.800478312398932,-1.0922946248744247,1.8744868835300428,-0.8501976192625074,-0.2775148675413647,0.9077272345856385,0.07570492232868414
1.0475600860255427,-0.6051952748917198,0.5858411274480896,-1.166641212890007,0.9280494951184228,-0.44799645272452754,0.8851158470720668,0.1714968403679107,-1.1363922530652097,-1.2827137204314358,0.4036812769003899,-0.6355428600830192,0.2472345431389217,0.6421891266320814,-0.8156279659136246,-1.2816827864790392
-0.5707293603709592,-0.8376552104500453,1.0538982157137964,-1.0969464843068497,0.8775906478566756,1.3735075556380203,0.26561626641488084,-0.2778440430541571,-0.1024177577167912,-0.08230956619927686,-0.23453547285476084,-0.8350126833939371,1.2660438362221194,1.3641889369676021,0.7432641218224262,-1.0620680143571748
0.7780056273753223,-0.616818271669636,1.3166943881952067,-1.3060306700563218,0.8103121848410125,-0.3962124013140784,0.34104435906974806,0.1714968403679107,-1.0607753210308843,-1.4170902647062902,0.01988299384642382,-0.6520884783748676,0.7388587777418181,0.48351399631789876,-0.9798295002747667,-1.3326751443914107
-1.3976839317300285,1.4869441451332108,-0.8758653940461449,0.459569120716999,-1.023025932335808,-0.585224188962218,0.813397332744489,-0.2778440430541571,2.2342747379502446,0.8416669166673473,-1.3696365799443218,2.166019793415777,-0.8501976192625074,-1.0652063238593565,0.6144539631737158,0.5241823211286394
0.3428677155542523,-0.8376552104500453,0.8750724178714167,-0.5672665470748531,0.6757552588096861,-0.6124108159527041,0.11723313332333939,-0.2778440430541571,-0.6955661272990875,-0.5960203520087051,0.23005334055438117,-0.8350126833939371,0.6943764896670431,0.6814925259743665,-0.4493777200403799,-0.42399750866992764
-1.3014144822120925,1.1312804437289727,1.3431295061371236,0.3991670226115954,0.3898217909931179,-0.06738367485772692,-1.6064842627567337,-0.2778440430541571,1.8769105894076192,-0.4299411852686255,-1.7745522115874706,1.0248954931023857,0.9838250261406236,0.2958819958418276,-0.8313688347764362,0.5612931231406925
-0.9067097391885555,0.16192251245075479,2.0786477876975202,1.4352953208812027,-0.013848987100860922,-0.6421866455137117,-1.8599721151214503,-0.2778440430541571,1.3054864911174076,-0.074687454929563,-1.3667816287853307,0.09915653477551023,1.5657266993962853,-0.10335648799576364,-0.9777918835290338,1.6153510289610444
0.6913631228091801,-0.8376552104500453,-0.8758653940461449,0.1807902063843694,-1.023025932335808,1.0019569867680473,-0.042278734750067416,-0.614849705620708,-0.728038246854101,0.4772659402058483,1.4853145632891798,-0.8350126833939371,-0.8501976192625074,-1.0652063238593565,0.5283773723349089,0.08237553674783171
0.2100158752195007,-0.8376552104500453,0.9901429312656438,1.388832168492431,0.6589356430557703,-1.224757223881264,-0.5616197005704625,-0.2778440430541571,-0.15895119358224954,0.26203252424968126,0.1271735194541569,-0.8350126833939371,0.820968074843874,0.6905513130308683,-0.5986638348833911,1.4852550070497035
-1.2629067024049183,0.49898941901032695,0.5080907805600984,0.9242006446047151,0.49073948551661256,-1.4577854552282852,0.6872716696166782,-0.2778440430541571,2.0087049269089063,0.8329660971328814,-1.2773996968523975,0.802089007483627,0.6329024198021688,0.8256095927828049,0.21059394969419082,1.0679944704893687
0.09449253579797762,1.3939601709098806,-0.8758653940461449,0.459569120716999,-1.023025932335808,-0.5256725298402012,-0.6877453636982733,-0.6790412603952891,-0.28885149922527237,-0.5835273242201791,-0.4160828980804182,1.1636749461797138,-0.8501976192625074,-1.0652063238593565,-0.9153760633970315,0.4246392628512354
-1.1858911427905696,1.289353199908634,-0.8758653940461449,0.5060322731057706,0.49073948551661256,0.9631189482102106,-0.9449427943902781,-0.2778440430541571,1.5898142112518714,0.7967047145875658,-1.088322533123351,1.8703115489195012,-0.8501976192625074,0.8983332818822748,0.4954252451438526,0.5896392194623606
0.1156718146919234,1.411394666076755,-0.8758653940461449,0.1668512606677374,-1.023025932335808,0.3313535210027321,-0.8546763884262575,-0.614849705620708,-0.3757650393524583,-0.7133481824197218,-0.41627944526431426,1.163881550235188,-0.8501976192625074,-1.0652063238593565,-0.8476808013438287,0.022482830449802368
-1.1185025281280145,1.3718764770318397,1.4270998807761541,-0.1537444908147856,2.1390618294003594,-1.7413031367004936,-0.3959252019515749,-0.2778440430541571,1.1304296178539106,-0.9269025060446843,-1.7286629529044395,1.063980311319531,0.8816071339229179,1.7063775027976085,-1.1441488539397442,0.042793890482095635
0.5854667283394506,-0.8376552104500453,-0.8758653940461449,0.691884882660857,-1.023025932335808,-0.05961606714615925,0.09373913725051226,-0.2778440430541571,-0.5666618873832039,0.8783456559385243,1.485314563284773,-0.8350126833939371,-0.8501976192625074,-1.0652063238593565,0.4950392884228778,0.7461583241700911
2.3760784893730578,-0.8376552104500453,-0.8758653940461449,0.3201796635506842,-1.023025932335808,1.9729079507139682,-1.9836247260310682,3.6057450208080004,-1.284753842445686,-0.9063774481808391,1.485314563334451,-0.8350126833939371,-0.8501976192625074,-1.0652063238593565,-1.0190619045601657,-0.08819798417226157
1.5481612235188094,1.2196152192411365,-0.8758653940461449,0.1807902063843694,0.843951416348844,-1.1354297351982396,-0.8101614484987948,-0.6790412603952891,-1.077919415016496,-1.3749294138005799,0.11945680900335695,0.6007328946749079,-0.8501976192625074,0.2635829786153575,-1.6126109417255865,-0.06718845921561307
-0.637155280538335,-0.8376552104500453,1.0647832642781152,-1.073714908112464,0.2889040964696231,1.4602458417505233,0.32249646743330534,-0.2778440430541571,-0.018225862505932725,-0.0016685794579971416,-0.2760750090247419,-0.8350126833939371,1.3171574139363464,0.6425911875475749,0.8530910153995385,-1.0482809086507605
0.3062853247374365,-0.8376552104500453,-0.8758653940461449,0.459569120716999,-1.023025932335808,0.5100084983687809,0.6996369307076399,-0.614849705620708,-0.4424970220201214,1.1869410974709136,1.4853145632716553,-0.8350126833939371,-0.8501976192625074,-1.0652063238593565,1.1359908370938878,0.35310102846758806
0.5748770888924775,1.3590911805761317,-0.8758653940461449,-0.33495078513099513,0.5748375642861915,-0.3612581666120247,-0.21786544224172538,0.7331729446454954,-0.772918190105948,-1.1328443409838262,-0.21977236115977716,0.9573196471722072,-0.8501976192625074,0.26435772457978535,-1.0871242716786895,-0.5048491150061898
0.1041194807497712,-0.8376552104500453,-0.8758653940461449,0.459569120716999,-1.023025932335808,-0.7690575714693114,1.5070884799474442,-0.2778440430541571,-0.29634286633226986,1.5501880278678302,1.4853145632605131,-0.8350126833939371,-0.8501976192625074,-1.0652063238593565,1.3946584798188857,0.5312018423330978
-0.3916681842675986,1.9228065243050714,-0.8758653940461449,2.1322426067127767,-1.023025932335808,-0.5256725298402012,-2.2185646867593425,3.6057450208080004,0.663750742110504,0.06217292371066964,-0.8914322634325345,1.663346853572579,-0.8501976192625074,-1.0652063238593565,-1.0991924613507327,2.2143374038577717
-1.1493087519737537,1.9309426220496126,-0.8758653940461449,0.1668512606677374,-1.023025932335808,0.8802644659534908,-0.48371855569740385,-0.2778440430541571,1.3437641178347723,-0.03663385227935991,-1.3667816287918901,2.1630187609534812,-0.8501976192625074,-1.0652063238593565,-0.06882195298842682,0.06585866778252325
-0.8037014282043642,-0.8376552104500453,0.6869165784024781,-0.7670581023465716,0.23844524920787583,0.4375108263941519,1.6381602475116395,-0.6790412603952891,0.30827625392678026,0.7157475648516253,-0.13299882485297906,-0.8350126833939371,1.1411049989488837,0.808315544754647,1.574989238598445,-0.7748677498153983
0.09449253579797762,1.3939601709098806,-0.8758653940461449,0.459569120716999,-1.023025932335808,-0.5256725298402012,-0.6877453636982733,-0.2778440430541571,-0.28885149922527237,-0.5835273242201791,-0.4160828980804182,1.1636749461797138,-0.8501976192625074,-1.0652063238593565,-0.9153760633970315,0.4246392628512354
0.3351661595928173,-0.8376552104500453,-0.8758653940461449,-0.1909150127258034,0.3225433279774547,0.3546563441374336,0.6007148419799456,-0.2778440430541571,-0.6070311615967444,0.7780131346263102,1.4853145632731253,-0.8350126833939371,-0.8501976192625074,0.8195686473557038,1.037020487214158,-0.12371628947320294
-1.2532797574531247,-0.8376552104500453,1.2544941106848138,-1.1201780605012355,1.6681125882907173,0.38054836984265816,0.6996369307076399,-0.2778440430541571,1.0130772396186656,0.6625608734789646,-0.7996981754168924,-0.8350126833939371,1.9614653642987994,3.0746853672877466,1.5341143811228126,-0.8293781307694362
-1.272533647356712,1.8356340484706992,-0.8758653940461449,0.9242006446047151,-0.5184374597183344,-1.8850038793644903,1.2189778965280351,-0.2778440430541571,2.039270416770727,0.5241233670206467,-1.4224076183566656,2.2214910054311345,-0.8501976192625074,-0.4768407327754418,-0.02964617760588874,0.9637374153459783
-1.2937129262506577,0.7465592503799439,0.7755519738547881,-0.18626869748692654,0.23844524920787583,-0.4026854077403846,0.010891887941067718,-0.2778440430541571,1.5682651789696038,-0.09085285341871907,-1.4986932310853045,0.928002615010878,0.757807269419998,0.366488358044014,-0.09269879732211164,-0.017757332348086626
0.6913631228091801,-0.8376552104500453,-0.8758653940461449,0.9706637969934866,-1.023025932335808,0.018060009969514405,0.019547570704741533,-0.614849705620708,-0.5703021614333306,0.8692982335899172,1.4853145632891798,-0.8350126833939371,-0.8501976192625074,-1.0652063238593565,0.3622460386735429,0.9260771376176884
1.0629631979484129,0.2909377766856254,-0.8758653940461449,-1.1248243757401124,1.0121475738880017,-1.5600589567639218,1.8829924171126837,-0.614849705620708,-1.1342954596202148,-1.1880819623643588,0.5350073083209237,0.16391962477802574,-0.8501976192625074,0.771886595783398,-0.7325841496454322,-1.2020089271652874
-0.3849293228013432,1.00807667788306,-0.8758653940461449,0.1668512606677374,-1.023025932335808,0.8802644659534908,-0.48371855569740385,-0.2778440430541571,0.07789054753548139,-0.03663385227935991,-0.41608289809284077,1.1636749461710088,-0.8501976192625074,-1.0652063238593565,-0.06882195298842682,0.06585866778252325
-0.637155280538335,-0.8376552104500453,1.0647832642781152,-1.073714908112464,0.2889040964696231,1.4602458417505233,0.32249646743330534,-0.6790412603952891,-0.018225862505932725,-0.0016685794579971416,-0.2760750090247419,-0.8350126833939371,1.3171574139363464,0.6425911875475749,0.8530910153995385,-1.0482809086507605
1.0283061961219557,-0.8376552104500453,-0.8758653940461449,0.1807902063843694,-1.023025932335808,-0.0855080928513838,-0.12883556238679994,-0.502514484765191,-0.8849308237926103,0.08733007620829301,1.4853145633015268,-0.8350126833939371,-0.8501976192625074,-1.0652063238593565,-0.05233778885339952,0.25795118370914
0.5854667283394506,-0.8376552104500453,-0.8758653940461449,0.691884882660857,-1.023025932335808,-0.05961606714615925,0.09373913725051226,-0.6790412603952891,-0.5666618873832039,0.8783456559385243,1.485314563284773,-0.8350126833939371,-0.8501976192625074,-1.0652063238593565,0.4950392884228778,0.7461583241700911
-1.2051450326941566,0.34789046089741527,-0.8758653940461449,0.459569120716999,-1.023025932335808,-1.0952970953551413,2.0981479600954187,-0.614849705620708,1.6214471130003936,2.2651502400726584,-0.4160828981328464,1.1636749461429736,-0.8501976192625074,-1.0652063238593565,2.1505551033590087,0.5695336302328645
1.6155498381813644,-0.5587032877800546,0.35259008678411596,-0.934325450946149,0.7093944903175179,-0.07256207999877154,-0.7594638780258511,0.1714968403679107,-1.2742686159852994,-1.4303473215014157,0.5934933496527537,-0.6165768768825836,-0.008526736889101865,0.3182923168017739,-1.2255934258038577,-0.9640107410446903
-1.371691180360186,1.5276246338559178,-0.8758653940461449,0.1668512606677374,-1.023025932335808,1.3411425235064898,-0.17458702842335913,-0.2778440430541571,1.9902271865080159,0.6066969682513206,-1.3665013520516156,2.1627241430706903,-0.8501976192625074,-1.0652063238593565,0.7013917549528184,0.057324117635322185
0.34479310454461093,0.8476793223478154,0.8812924456224561,-0.1444518603370318,0.3225433279774547,-1.3412713395547746,-1.0314996220270105,-0.2778440430541571,-0.6025703902291066,-1.286234324801719,-0.6587437629015099,0.43163813080689567,0.3053024367222054,-0.03385218749773404,-1.4981123691577292,-0.07524506747309948
-0.6207894741202861,0.3025607734635417,-0.49488869429498805,-0.019001348887349022,0.1375275546843812,1.2065039898393208,0.14814628605074387,-0.502514484765191,0.3073607131032961,0.5488001250949084,-0.24759748523216563,0.6225494371786897,-0.4240826675266375,0.4477837539514437,0.7778391136946666,-0.14392422746752953
-0.6227148631106447,-0.8376552104500453,1.8329566915314681,-1.06442227763471,0.9448691108723386,0.9191025045113277,-0.018784738677240294,-0.6790412603952891,-0.032295860481166956,-0.4977559474801498,-0.650508481418717,-0.8350126833939371,1.7778903964574813,1.160172326556287,0.10476712562664599,-1.0037051834178443
2.3760784893730578,-0.8376552104500453,-0.8758653940461449,0.3201796635506842,-1.023025932335808,1.9729079507139682,-1.9836247260310682,0.7171250559518502,-1.284753842445686,-0.9063774481808391,1.485314563334451,-0.8350126833939371,-0.8501976192625074,-1.0652063238593565,-1.0190619045601657,-0.08819798417226157
-0.964471408899317,0.671009771323488,0.9683728341370061,-0.10263502318713712,-0.4175197651948397,0.4491622379615026,-0.3291527920603815,-0.502514484765191,0.8283154551068183,-0.40673205231064957,-1.2838407451533487,0.686033601303416,0.7766806162529872,-0.4426205952057522,-0.36122073343507954,-0.17772179659966816
0.6817361778573865,-0.8376552104500453,-0.8758653940461449,0.459569120716999,-1.023025932335808,0.9631189482102106,0.402870664524557,0.7171250559518502,-0.6672621316895949,0.6283169806025831,1.4853145632887907,-0.8350126833939371,-0.8501976192625074,-1.0652063238593565,0.6180168223144744,0.19683811838459683
0.1715080954123263,-0.8376552104500453,0.7879920293568666,1.8070005399913756,0.8271318005949282,-1.9885719821853884,0.0566433539776269,-0.2778440430541571,-0.029197172071298745,0.6141424904742233,0.2232207148599388,-0.8350126833939371,0.7027839004452128,0.947597716444537,-0.48485364282939075,1.9153153184856728
-0.4667583548915887,-0.8376552104500453,0.962152806385967,0.6082512083610676,0.0029706286530548002,0.7184393052958374,-0.19560797227799331,-0.2778440430541571,0.30588868982845163,0.7165963425337486,-0.12969822728692268,-0.8350126833939371,1.1370436789507685,0.22776610088642102,0.47334080672924794,0.5074445328972448
-0.7661563428923692,0.7012295629460703,-0.8758653940461449,0.459569120716999,-1.023025932335808,0.07502246652100812,0.6439932557983119,5.050055003236076,0.685727833068832,0.869785922591247,-0.4160828981071658,1.1636749461609701,-0.8501976192625074,-1.0652063238593565,0.7329929824219787,0.40808402950098566
0.6817361778573865,-0.8376552104500453,-0.8758653940461449,0.459569120716999,-1.023025932335808,0.9631189482102106,0.402870664524557,5.050055003236076,-0.6672621316895949,0.6283169806025831,1.4853145632887907,-0.8350126833939371,-0.8501976192625074,-1.0652063238593565,0.6180168223144744,0.19683811838459683
-0.8296941795742068,2.5097678615898436,-0.8758653940461449,0.459569120716999,-1.023025932335808,-0.5541537581159488,-0.7087663075529076,-0.6790412603952891,0.7936510477169765,-0.5835273242201791,-1.3667816287836088,2.1630187609665392,-0.8501976192625074,-1.0652063238593565,-0.9220300912858083,0.43734830329288893
-1.1185025281280145,1.6496661000240387,1.6743459838799661,0.9242006446047151,0.6589356430557703,-1.9756259693327762,-1.1551522329366284,-0.2778440430541571,1.5955047861815022,-0.792782034191055,-1.8421309941319028,1.1451685792438009,0.9261896185562672,0.30038294928471043,-1.4553191469477373,1.0643547006950578
0.2100158752195007,-0.8376552104500453,-0.8758653940461449,0.0878639016068262,-1.023025932335808,1.3256073080833544,0.2668527925239773,-0.2778440430541571,-0.4620519067422866,1.138340003535803,1.4853145632665443,-0.8350126833939371,-0.8501976192625074,-1.0652063238593565,1.3746332268767147,0.010897204120227169
0.6913631228091801,-0.8376552104500453,-0.8758653940461449,0.9706637969934866,-1.023025932335808,0.018060009969514405,0.019547570704741533,2.1614350383799255,-0.5703021614333306,0.8692982335899172,1.4853145632891798,-0.8350126833939371,-0.8501976192625074,-1.0652063238593565,0.3622460386735429,0.9260771376176884
0.1695827064219677,-0.8376552104500453,-0.8758653940461449,0.1668512606677374,-1.023025932335808,1.5379219188661968,-0.050934417513741226,-0.2778440430541571,-0.4151068672810554,1.255015724464837,1.4853145632642946,-0.8350126833939371,-0.8501976192625074,-1.0652063238593565,1.4213675029490258,0.11316343975800496
2.1354048655782183,-0.8376552104500453,-0.8758653940461449,0.8312743398271718,-1.023025932335808,1.9729079507139682,-1.9836247260310682,-0.502514484765191,-1.1548535368050514,-0.5835273242174885,1.485314563329924,-0.8350126833939371,-0.8501976192625074,-1.0652063238593565,-0.8835049759684146,0.36435349626795305
-0.7526786199598581,0.70820336101282,-0.8758653940461449,0.459569120716999,-1.023025932335808,-0.09327570056295147,0.40534371674274994,0.7171250559518502,0.663750742085891,0.8416669166673473,-0.4132279469634217,1.160673913684523,-0.8501976192625074,-1.0652063238593565,0.6267506190087182,0.5075208445383912
1.190038871312088,0.2630425844186265,-0.8758653940461449,-1.6126874758222143,0.8944102636105914,-0.3340715396215401,0.9729092008178958,-0.614849705620708,-1.2625110823029155,-1.415849899598755,0.5786562572098738,0.11803725880523615,-0.8501976192625074,0.6279593489425038,-0.7629854744187738,-1.6427903898980902
-0.0499116384789262,0.3827594512311641,0.39924029491691065,1.295905863714888,0.49073948551661256,-0.888160889713345,-1.1551522329366284,-0.2778440430541571,0.04422620753877077,-0.12732606209786043,-0.44708394364938164,0.3055427573943415,0.1924644551060242,0.3775684299360327,-0.9101388909475496,1.3474323769163887
2.5204826636499615,-0.8376552104500453,-0.8758653940461449,-0.4232307746696614,-1.023025932335808,1.9729079507139682,-1.9836247260310682,-0.614849705620708,-1.4134513674792117,-1.2262382191462073,1.4853145633369664,-0.8350126833939371,-0.8501976192625074,-1.0652063238593565,-1.0943713093334724,-0.681595647660642
-0.051837027469284806,1.2765679034529263,-0.8758653940461449,0.1668512606677374,-1.023025932335808,0.5151869035098255,-0.7310237775166396,-0.2778440430541571,-0.24321814405915257,-0.5157195678159542,-0.416291980716384,1.1638947270911393,-0.8501976192625074,-1.0652063238593565,-0.6202520863256346,0.03698411881803097
-0.8037014282043642,-0.8376552104500453,0.6869165784024781,-0.5533276013582225,0.23844524920787583,0.32876431843220905,1.587462677038696,-0.502514484765191,0.3850021663475943,0.841519123983023,-0.13299882485297906,-0.8350126833939371,1.1411049989488837,0.808315544754647,1.5403111695516962,-0.5766273276858617
0.7780056273753223,-0.616818271669636,1.3166943881952067,-1.3060306700563218,0.8103121848410125,-0.3962124013140784,0.34104435906974806,-0.6790412603952891,-1.0607753210308843,-1.4170902647062902,0.01988299384642382,-0.6520884783748676,0.7388587777418181,0.48351399631789876,-0.9798295002747667,-1.3326751443914107
0.9801714713629877,0.26652948345200134,-0.8758653940461449,2.1322426067127767,-1.023025932335808,-0.5256725298402012,-2.2185646867593425,2.1614350383799255,-0.5053520086086182,0.06217292371066964,0.5346158326219382,0.1643311313926693,-0.8501976192625074,-1.0652063238593565,-1.0991924613507327,2.2143374038577717
-0.7661563428923692,0.7012295629460703,-0.8758653940461449,0.459569120716999,-1.023025932335808,0.07502246652100812,0.6439932557983119,2.1614350383799255,0.685727833068832,0.869785922591247,-0.4160828981071658,1.1636749461609701,-0.8501976192625074,-1.0652063238593565,0.7329929824219787,0.40808402950098566
1.1053217557363044,-0.8376552104500453,-0.8758653940461449,0.459569120716999,-1.023025932335808,-0.422104427019303,-0.19066186784160888,-0.6790412603952891,-0.8672879747060045,0.13117905706007965,1.4853145633040399,-0.8350126833939371,-0.8501976192625074,-1.0652063238593565,-0.19180490625055543,0.5530107771408679
0.1907619853159135,-0.8376552104500453,0.7879920293568666,1.295905863714888,0.8271318005949282,-1.1988651981760396,-0.36377552311507394,-0.2778440430541571,-0.16534449721605096,0.3730656356624872,0.22945327707492086,-0.8350126833939371,0.6951148559036356,0.9376579434062449,-0.4462828950379335,1.3964059739305252
-1.0607408584172529,-0.34832704609976994,1.6712359700044468,-2.8021441769747675,-0.06430783436260824,1.1145872985857748,0.08261040226864694,-0.6790412603952891,-0.09941355355890631,-1.1827730745226954,-1.1323488313347903,-0.27239735038676083,1.7121968509925771,0.05896692639548691,0.29734336927183824,-2.374749983975352
0.39100244031322023,1.6322316048571643,-0.8758653940461449,-1.2270433109954106,1.3821791204741491,-1.5600589567639218,1.322846089692114,0.1714968403679107,-0.8677934197446264,-1.446709332672956,-0.4159039598607329,1.163486852109805,-0.8501976192625074,0.9195631787221018,-1.059687611383039,-1.2853060492683417
0.6143475631948314,-0.3959813328892267,-0.8758653940461449,2.1322426067127767,-1.023025932335808,-0.5256725298402012,-1.2788048438462463,2.1614350383799255,-0.28885149921340286,1.030723295582516,1.0099651979509128,-0.33534077600326373,-0.8501976192625074,-1.0652063238593565,-0.2776490018705295,2.294662736750488
-1.272533647356712,1.1731232321294713,-0.8758653940461449,-0.005062403170717013,-0.5184374597183344,0.17341216420086172,0.5388885365251367,-0.2778440430541571,1.5944063563753548,0.7928869973412915,-1.092598922772962,1.8748067516578335,-0.8501976192625074,-0.3717095770051226,0.8985768694252029,0.0771659263996276
-0.6323418080624382,-0.8376552104500453,0.6853615714647183,-1.0597759623958318,0.4402806382548651,0.4556352443878088,1.6097201470024278,-0.6790412603952891,-0.0193720416730586,0.297113713780931,-0.039935557556874786,-0.8350126833939371,1.026592489092228,0.9851415205460757,1.2725318416534321,-1.0464849405478418
1.4037570492419056,-0.5819492813358872,1.1767437637968226,-0.6555465366135195,0.47391986976269684,-1.9497339436275516,-0.2895839565693032,-0.614849705620708,-1.1671082826249235,-1.4660588049489882,0.2188127940624036,-0.6448261442469836,0.48557841998000695,0.07026461848292306,-1.5028633795754411,-0.5340223624787982
2.1354048655782183,-0.8376552104500453,-0.8758653940461449,0.8312743398271718,-1.023025932335808,1.9729079507139682,-1.9836247260310682,0.7171250559518502,-1.1548535368050514,-0.5835273242174885,1.485314563329924,-0.8350126833939371,-0.8501976192625074,-1.0652063238593565,-0.8835049759684146,0.36435349626795305
0.06561170094259686,1.370714177354048,-0.8758653940461449,-0.8878622985573774,0.2552648649617915,0.7559827425684141,-1.0933259274818194,-0.2778440430541571,-0.5965101178466141,-1.0423143424880454,-0.4160828980810436,1.1636749461792757,-0.8501976192625074,0.11466280813412716,-0.771609549903322,-0.8243100248008043
0.16862001192678813,-0.8376552104500453,0.6107212384522466,-0.4929255032528188,0.47391986976269684,-0.22661963294485732,1.0607025545637248,0.1714968403679107,-0.5703680560859116,-0.2745383862731466,0.3239703433342354,-0.8350126833939371,0.578813475158701,0.6120290573530637,0.06697353477190893,-0.5633833951067441
-0.6227148631106447,-0.8376552104500453,1.8329566915314681,-1.06442227763471,0.9448691108723386,0.9191025045113277,-0.018784738677240294,-0.2778440430541571,-0.032295860481166956,-0.4977559474801498,-0.650508481418717,-0.8350126833939371,1.7778903964574813,1.160172326556287,0.10476712562664599,-1.0037051834178443
-0.7189843126285805,2.7108457058477953,-0.8758653940461449,0.9938953731878725,-1.023025932335808,-0.11916772626817602,-1.7734152874847178,-0.2778440430541571,0.7936510477265346,-0.5838445904545461,-1.3669684799469923,2.163215172883359,-0.8501976192625074,-1.0652063238593565,-1.165486388885366,0.9329590591037301
-0.27133137237017874,-0.8376552104500453,0.6122762453900066,0.4502764902392452,-0.13158629737827143,-0.30688491263105405,1.0359720323818011,-0.6790412603952891,0.03763126893636473,0.6660343357560342,0.1694067164902823,-0.8350126833939371,0.7690009611195234,0.06534516578416105,0.548418964977475,0.3297158771671778
-0.011403858671751844,-0.8376552104500453,-0.8758653940461449,0.4131059683282274,-1.023025932335808,-0.05961606714615925,1.0211337190726464,5.050055003236076,-0.21460042199740706,1.7533481217292448,1.4853145632533875,-0.8350126833939371,-0.8501976192625074,-1.0652063238593565,1.662500159571216,0.48299457247388067
0.05598475599080327,-0.6633102587813011,1.3166943881952067,-0.1444518603370318,-0.09794706587043983,-1.690813686575306,0.34104435906974806,0.1714968403679107,-0.40701198851133513,-0.5284960530958555,-0.20001500474459488,-0.6646699876919598,1.0241666308338375,-0.14343356449099093,-0.6721395474312598,0.08184550053619355
0.975357998887091,0.9197419023708961,-0.8758653940461449,-1.3106769852951987,1.6512929725368015,2.093305870243262,-2.0825468147587625,0.1714968403679107,-1.1368831387997342,-1.4714107911990455,0.13101224486351382,0.5885861935239896,-0.8501976192625074,1.1441303068568962,-1.046174859897025,-1.3670647256371564
0.3062853247374365,-0.8376552104500453,-0.8758653940461449,0.459569120716999,-1.023025932335808,-0.020778028588322426,0.9543613091814531,-0.6790412603952891,-0.4424970220201214,1.1869410974709136,1.4853145632716553,-0.8350126833939371,-0.8501976192625074,-1.0652063238593565,1.0820981645660461,0.4187879409952877
1.0475600860255427,-0.6051952748917198,0.5858411274480896,-1.166641212890007,1.314900657458486,-0.44799645272452754,0.8851158470720668,0.1714968403679107,-1.1363922530652097,-1.2827137204314358,0.4036812769003899,-0.6355428600830192,0.2472345431389217,0.980724431470901,-0.8156279659136246,-1.2871609297580413
-0.40610860169528895,0.9871552836828107,-0.8758653940461449,0.459569120716999,-1.023025932335808,-6.440802414248876e-05,-0.30071269155116853,-0.614849705620708,0.18818352146577447,0.13117905706007965,-0.4136638173538805,1.1611320865908976,-0.8501976192625074,-1.0652063238593565,-0.14241740624247937,0.4740849801851984
1.4133839941936992,0.39786934704245525,-0.8758653940461449,-1.4268348662671277,2.105422597892528,-0.4738884784297521,0.37443056401534547,0.1714968403679107,-1.2969797535701055,-1.512032856720384,0.5342579562025265,0.1647073195427583,-0.8501976192625074,1.5163819801976453,-1.048589376099646,-1.4634460829584208
-1.0934724712533512,-0.8376552104500453,1.4628650403446304,-0.023647664126225917,0.9448691108723386,0.656298443603299,-0.5504909655885972,-0.2778440430541571,1.1290558465678788,0.8411129052926303,-0.7842900255544744,-0.8350126833939371,1.942505940644215,1.6737755896676563,0.8252818841221371,0.20923380074711295
0.1041194807497712,-0.8376552104500453,-0.8758653940461449,0.459569120716999,-1.023025932335808,-0.7690575714693114,1.5070884799474442,-0.614849705620708,-0.29634286633226986,1.5501880278678302,1.4853145632605131,-0.8350126833939371,-0.8501976192625074,-1.0652063238593565,1.3946584798188857,0.5312018423330978
0.09449253579797762,0.5687273996778246,-0.8758653940461449,-0.23737816511457502,0.1543471704382969,-0.8363768383028959,0.6872716696166782,-0.2778440430541571,-0.457992522193808,-0.31909018113119875,0.07902426484092302,0.6432342797939428,-0.8501976192625074,0.19687862784087712,-0.2521349680006369,-0.1899766317466995
-1.2956383152410165,-0.8376552104500453,1.8438417400957872,-1.1015927995457266,1.987685287615117,-0.3871501923172493,0.8789332165265858,-0.2778440430541571,1.1283523922634568,0.20205774975164942,-1.1250026737451548,-0.8350126833939371,2.361746115869233,3.0791534607687607,0.8652169437449072,-0.788523197886809
-0.1173002531414813,0.48736642223241067,-0.8758653940461449,2.1322426067127767,-1.023025932335808,-0.5256725298402012,-1.2788048438462463,2.1614350383799255,0.32972138476595036,1.030723295582516,0.05926646725293443,0.6640030387780829,-0.8501976192625074,-1.0652063238593565,-0.2776490018705295,2.294662736750488
0.9224098016522262,-0.8376552104500453,-0.8758653940461449,0.3666428159394558,0.1543471704382969,0.5229545112213932,-0.536889178388539,-0.2778440430541571,-0.8040532461793617,0.28834065758851807,1.4853145632978955,-0.8350126833939371,-0.8501976192625074,0.3149881821412168,0.08649079794624859,0.3711536489307259
0.24852365502667503,0.045692544671591985,-0.8758653940461449,2.1322426067127767,-1.023025932335808,-0.5256725298402012,-1.2788048438462463,-0.2778440430541571,-0.018225862471163853,1.030723295582516,0.5346158326019236,0.1643311313874096,-0.8501976192625074,-1.0652063238593565,-0.2776490018705295,2.294662736750488
0.07812672937992864,1.4974048422333355,-0.8758653940461449,-1.7381379872718983,0.8607710321027596,0.41420800325945034,0.37443056401534547,0.7331729446454954,-0.8125210862298378,-1.4148398868531802,-0.47481859552242767,1.2254160151973503,-0.8501976192625074,0.6300079462471173,-0.6905443866984606,-1.7371284594043273
0.6143475631948314,-0.3959813328892267,-0.8758653940461449,2.1322426067127767,-1.023025932335808,-0.5256725298402012,-1.2788048438462463,0.7171250559518502,-0.28885149921340286,1.030723295582516,1.0099651979509128,-0.33534077600326373,-0.8501976192625074,-1.0652063238593565,-0.2776490018705295,2.294662736750488
-0.733424730056271,-0.7098022458929663,1.3166943881952067,1.1100532541598014,-0.7370924645192395,-0.3962124013140784,0.34104435906974806,-0.6790412603952891,0.8579581297243174,0.8848023355896737,-0.5557335591077799,-0.6797474014366832,1.4795206576805386,-0.7110789360813747,0.3021230733297431,1.0355383867948602
0.7491247925199416,0.545481406121992,-0.8758653940461449,-1.0272517557236922,0.49073948551661256,1.1443631281467825,-1.4395532380287497,-0.2778440430541571,-0.9943025972596425,-1.0932906778510627,0.29443931118118505,0.41679693723349615,-0.8501976192625074,0.3320071219224007,-0.7681613087301913,-0.941390974534014
-0.46387027140605047,-0.8376552104500453,0.9637078133237267,0.6221901540776996,-0.24932360765568193,0.7352691220042357,-0.18324271118703153,-0.2778440430541571,0.3065249015998036,0.718347493745956,-0.12920825958402782,-0.8350126833939371,1.1364407833827863,-0.09129769496033613,0.4739212983387369,0.5142704293982371
0.5084511687251019,-0.8376552104500453,-0.8758653940461449,0.459569120716999,-1.023025932335808,0.0698440613799635,0.6378106252528309,0.7171250559518502,-0.5701059374097724,0.869785922591247,1.4853145632813838,-0.8350126833939371,-0.8501976192625074,-1.0652063238593565,0.7307662103653323,0.4110002659679785
-0.4667583548915887,-0.8376552104500453,0.962152806385967,0.6082512083610676,0.0029706286530548002,0.7184393052958374,-0.19560797227799331,-0.502514484765191,0.30588868982845163,0.7165963425337486,-0.12969822728692268,-0.8350126833939371,1.1370436789507685,0.22776610088642102,0.47334080672924794,0.5074445328972448
2.3760784893730578,-0.8376552104500453,-0.8758653940461449,0.3201796635506842,-1.023025932335808,1.9729079507139682,-1.9836247260310682,-0.614849705620708,-1.284753842445686,-0.9063774481808391,1.485314563334451,-0.8350126833939371,-0.8501976192625074,-1.0652063238593565,-1.0190619045601657,-0.08819798417226157
-0.3916681842675986,1.9228065243050714,-0.8758653940461449,2.1322426067127767,-1.023025932335808,-0.5256725298402012,-2.2185646867593425,0.7171250559518502,0.663750742110504,0.06217292371066964,-0.8914322634325345,1.663346853572579,-0.8501976192625074,-1.0652063238593565,-1.0991924613507327,2.2143374038577717
-1.1858911427905696,-0.8376552104500453,1.3477945269504032,0.5060322731057706,0.49073948551661256,0.9631189482102106,-0.9449427943902781,-0.2778440430541571,1.5898142112518714,1.4153266311394557,-0.795724337553755,-0.8350126833939371,1.9565756354089388,1.1618956450602267,1.0626233285601567,0.7272222199216338
-0.5774682218372149,-0.2030395863758164,1.049233194900517,-1.9193442815881065,0.9785083423801703,1.3346695170801834,0.23841269201476575,-0.2778440430541571,-0.3583062914482765,-0.9465912558736014,-0.6529185879392668,-0.14711338577515706,0.9756120006449002,1.1474201686179546,0.12794319315343194,-1.8093178229182252
0.9994253612665749,-0.8376552104500453,-0.8758653940461449,0.1807902063843694,-1.023025932335808,0.9631189482102106,-0.4256018285698829,-0.614849705620708,-0.8726094172267292,0.11795331160084487,1.485314563300557,-0.8350126833939371,-0.8501976192625074,-1.0652063238593565,0.09874638115580417,0.08850225097302655
1.1438295355434787,-0.8376552104500453,-0.8758653940461449,0.1807902063843694,-1.023025932335808,0.8724968582419247,-0.4874281340246918,-0.2778440430541571,-0.9323542727414386,-0.030534668577260813,1.4853145633052585,-0.8350126833939371,-0.8501976192625074,-1.0652063238593565,-0.0706785312019114,0.07931607868968386
2.1354048655782183,-0.8376552104500453,-0.8758653940461449,0.8312743398271718,-1.023025932335808,1.9729079507139682,-1.9836247260310682,-0.614849705620708,-1.1548535368050514,-0.5835273242174885,1.485314563329924,-0.8350126833939371,-0.8501976192625074,-1.0652063238593565,-0.8835049759684146,0.36435349626795305
-0.279995622826793,-0.8376552104500453,0.660481460460561,-1.1155317452623585,1.1298848841654123,0.19671498733556322,1.4291873350743856,-0.6790412603952891,-0.39271264284651364,-0.14412078875672632,0.13537155390732822,-0.8350126833939371,0.8108805555553578,1.647916141180964,0.6877903844285126,-1.1006178923436025
0.3062853247374365,-0.8376552104500453,-0.8758653940461449,0.459569120716999,-1.023025932335808,0.5100084983687809,0.6996369307076399,1.1985617167612086,-0.4424970220201214,1.1869410974709136,1.4853145632716553,-0.8350126833939371,-0.8501976192625074,-1.0652063238593565,1.1359908370938878,0.35310102846758806
-0.25785364943766764,-0.8376552104500453,0.9637078133237267,0.2969480873562984,-0.04748821860869252,0.7223231091516235,-0.19437144616889684,-0.502514484765191,-0.018871747062505523,0.30328441740238854,-0.03575197499798882,-0.8350126833939371,1.0214446735221985,0.09168456157497738,0.22635780142935544,0.19764662817303846
2.1354048655782183,-0.8376552104500453,-0.8758653940461449,0.8312743398271718,-1.023025932335808,1.9729079507139682,-1.9836247260310682,-0.2778440430541571,-1.1548535368050514,-0.5835273242174885,1.485314563329924,-0.8350126833939371,-0.8501976192625074,-1.0652063238593565,-0.8835049759684146,0.36435349626795305
1.0475600860255427,-0.6051952748917198,0.5858411274480896,-1.166641212890007,1.3821791204741491,-0.44799645272452754,0.8851158470720668,-0.2778440430541571,-1.1363922530652097,-1.2827137204314358,0.4036812769003899,-0.6355428600830192,0.2472345431389217,1.0396001366602612,-0.8156279659136246,-1.2881126026577363
1.6155498381813644,-0.5587032877800546,0.35259008678411596,-0.934325450946149,0.9280494951184228,-0.07256207999877154,-0.7594638780258511,-0.614849705620708,-1.2742686159852994,-1.4303473215014157,0.5934933496527537,-0.6165768768825836,-0.008526736889101865,0.4929086500891009,-1.2255934258038577,-0.9673477593969732
0.4237340531493182,-0.8376552104500453,0.9217226260042114,0.6454217302720854,0.7262141060714336,-2.0028125963232624,0.49437359659767394,-0.2778440430541571,-0.47833984077827263,-0.19858496536454473,0.23016639898261068,-0.8350126833939371,0.6942373735106689,0.6865409027153184,-0.6786586568788006,0.7388942729478363
0.3062853247374365,0.8244333287919828,-0.8758653940461449,-0.6555465366135195,0.6589356430557703,-0.7587007611872222,0.37814014234263343,-0.2778440430541571,-0.6939169684204227,-0.8187161562519977,-0.015236413395032547,0.7423180617974381,-0.8501976192625074,0.5626484388231455,-0.6243095169236035,-0.5960674279699232
0.46031644396613397,-0.8376552104500453,1.270044180062412,0.7848111874384002,0.8271318005949282,-2.2216002135324096,0.22975700925109194,-0.2778440430541571,-0.4714822970237662,-0.35043510110077053,0.07155998533821542,-0.8350126833939371,0.8893994287012957,0.6829833921861506,-0.918564819469535,0.8892685747391105
-0.9259636290921427,-0.31229575608822946,1.0212430700208401,-0.5533276013582225,0.35618255948528615,1.123649507582604,0.0900295589232243,0.877603942888303,0.5830983545045151,0.12189834753017295,-0.7906995800721422,-0.18824377692182898,1.1932953686526708,0.6664171874295164,0.5852728579564371,-0.5627908201498075
-1.0607408584172529,-0.34832704609976994,1.6712359700044468,-2.8021441769747675,-0.06430783436260824,1.1145872985857748,0.08261040226864694,-0.502514484765191,-0.09941355355890631,-1.1827730745226954,-1.1323488313347903,-0.27239735038676083,1.7121968509925771,0.05896692639548691,0.29734336927183824,-2.374749983975352
-0.5370350530396817,-0.8376552104500453,0.6278263147676049,0.33411860926731624,-0.2661432234095977,-0.07126747871351001,1.1979569526733995,-0.502514484765191,0.3103214482982668,0.97608867727561,0.04481679990979855,-0.8350126833939371,0.9223063894057677,-0.02528719703468029,0.9854125091920928,0.22811407035901482
-0.7189843126285805,0.7395854523131938,-0.8758653940461449,0.1668512606677374,-1.023025932335808,1.3411425235064898,-0.17458702842335913,-0.2778440430541571,0.509593868321653,0.6066969682513206,-0.41636317485351854,1.1639695640323524,-0.8501976192625074,-1.0652063238593565,0.7013917549528184,0.057324117635322185
2.5204826636499615,-0.8376552104500453,-0.8758653940461449,-0.4232307746696614,-1.023025932335808,1.9729079507139682,-1.9836247260310682,-0.2778440430541571,-1.4134513674792117,-1.2262382191462073,1.4853145633369664,-0.8350126833939371,-0.8501976192625074,-1.0652063238593565,-1.0943713093334724,-0.681595647660642
-1.0703678033690465,0.03871874660484228,1.720996192012761,-0.8413991461686059,0.305723712223539,0.4491622379615026,-0.041042208640970954,-0.502514484765191,0.7353125870764311,-0.578795764036887,-1.32916238248527,0.08524285684367826,1.535724091056442,0.357755043800188,-0.17471765521917312,-0.7778335480627175
0.5084511687251019,-0.8376552104500453,-0.8758653940461449,0.459569120716999,-1.023025932335808,0.6783066654527405,0.5883495808889838,-0.6790412603952891,-0.5701059374097724,0.869785922591247,1.4853145632813838,-0.8350126833939371,-0.8501976192625074,-1.0652063238593565,0.8371564308495442,0.27414505406094725
2.0487623610120758,-0.5354572942242221,1.0367931393984384,0.8777374922159434,-0.36706091793309237,-1.9497339436275516,-0.9202122722083544,-0.2778440430541571,-1.1244288216348646,-1.2771506374148551,0.3786418221357742,-0.6320209710143059,0.2739224296729388,-0.6158421036640869,-1.7838973189720035,0.6313111595636536
0.8453942420378775,1.3358451870202992,-0.8758653940461449,0.4131059683282274,0.1543471704382969,-1.9238419179223272,-0.20302712893257066,-0.2778440430541571,-0.7591189991383656,-1.0243082348711305,-0.12210553288144853,0.8546554302195378,-0.8501976192625074,-0.13176555487439806,-1.3888416021280072,0.35243262258059566
2.3760784893730578,-0.8376552104500453,-0.8758653940461449,0.3201796635506842,-1.023025932335808,1.9729079507139682,-1.9836247260310682,2.1614350383799255,-1.284753842445686,-0.9063774481808391,1.485314563334451,-0.8350126833939371,-0.8501976192625074,-1.0652063238593565,-1.0190619045601657,-0.08819798417226157
0.8126626292017795,1.3590911805761317,-0.8758653940461449,-0.7995823090187112,0.9280494951184228,-0.3612581666120247,-0.21786544224172538,-0.614849705620708,-0.9769839787601827,-1.3991394484819835,-0.14342057175354017,0.8770611109789851,-0.8501976192625074,0.4855643808139149,-1.2054781191345512,-0.92677665503397
0.5873921173298092,-0.8376552104500453,-0.8758653940461449,0.1668512606677374,-1.023025932335808,1.2505204335382036,-0.23641333387816807,-0.2778440430541571,-0.6759610480099805,0.6066969682513206,1.4853145632848554,-0.8350126833939371,-0.8501976192625074,-1.0652063238593565,0.6724192097189167,0.09404405235142851
-1.00490457769685,0.24793268860733533,1.6105906994318135,-0.45575498134180104,0.6084767957940229,0.4478676366762426,-0.331625844278573,-0.6790412603952891,0.7656230761147839,-0.5559365269334425,-1.3338377252193954,0.25769057463519734,1.3396124502926474,0.6095669406439462,-0.36731760302917804,-0.46827430210857374
2.5204826636499615,-0.8376552104500453,-0.8758653940461449,-0.934325450946149,-0.6025355384879133,1.0666870510311088,-1.2046132773004756,-0.2778440430541571,-1.4796043009079778,-1.3906526341291965,1.4853145633369664,-0.8350126833939371,-0.8501976192625074,-0.7238090055733398,-1.10498742220448,-1.0531092522569283
-1.1878165317809282,-0.8376552104500453,1.3446845130748837,0.5199712188224026,0.5075591012705283,0.9682973533512567,-0.948652372717566,-0.2778440430541571,1.601332211594974,1.4304889900361284,-0.7955956978685059,-0.8350126833939371,1.956417346820121,1.1896678993021774,1.0693404832973885,0.7390829850885572
0.45646566598541677,1.0964114533952238,-0.8758653940461449,-0.37676762228088984,0.47391986976269684,-1.1781515776118596,0.20502648706916837,-0.2778440430541571,-0.7183948931747723,-0.9575610044230659,-0.12237109509734594,0.8549345806366756,-0.8501976192625074,0.26874124661188903,-0.9477431859215137,-0.3555481055449031
0.1156718146919234,1.411394666076755,-0.8758653940461449,0.1668512606677374,-1.023025932335808,0.3313535210027321,-0.8546763884262575,-0.2778440430541571,-0.3757650393524583,-0.7133481824197218,-0.41627944526431426,1.163881550235188,-0.8501976192625074,-1.0652063238593565,-0.8476808013438287,0.022482830449802368
1.190038871312088,0.2630425844186265,-0.8758653940461449,-1.6126874758222143,0.8944102636105914,-0.3340715396215401,0.9729092008178958,-0.6790412603952891,-1.2625110823029155,-1.415849899598755,0.5786562572098738,0.11803725880523615,-0.8501976192625074,0.6279593489425038,-0.7629854744187738,-1.6427903898980902
-0.6207894741202861,0.3025607734635417,-0.49488869429498805,-0.019001348887349022,0.1375275546843812,1.2065039898393208,0.14814628605074387,-0.6790412603952891,0.3073607131032961,0.5488001250949084,-0.24759748523216563,0.6225494371786897,-0.4240826675266375,0.4477837539514437,0.7778391136946666,-0.14392422746752953
-0.848948069477794,1.370714177354048,-0.8758653940461449,2.1322426067127767,-1.023025932335808,-0.5256725298402012,-1.2788048438462463,5.130294446704302,1.4431525759027413,1.030723295582516,-0.8914322634450439,1.6633468535594294,-0.8501976192625074,-1.0652063238593565,-0.2776490018705295,2.294662736750488
2.5204826636499615,-0.8376552104500453,-0.8758653940461449,-0.4232307746696614,-1.023025932335808,1.9729079507139682,-1.9836247260310682,-0.6790412603952891,-1.4134513674792117,-1.2262382191462073,1.4853145633369664,-0.8350126833939371,-0.8501976192625074,-1.0652063238593565,-1.0943713093334724,-0.681595647660642
0.1041194807497712,-0.8376552104500453,-0.8758653940461449,0.459569120716999,-1.023025932335808,-0.7690575714693114,1.5070884799474442,0.7171250559518502,-0.29634286633226986,1.5501880278678302,1.4853145632605131,-0.8350126833939371,-0.8501976192625074,-1.0652063238593565,1.3946584798188857,0.5312018423330978
-1.0703678033690465,0.03871874660484228,1.720996192012761,-0.8413991461686059,0.305723712223539,0.4491622379615026,-0.041042208640970954,0.1714968403679107,0.7353125870764311,-0.578795764036887,-1.32916238248527,0.08524285684367826,1.535724091056442,0.357755043800188,-0.17471765521917312,-0.7778335480627175
1.6155498381813644,-0.5587032877800546,0.35259008678411596,-0.934325450946149,0.9280494951184228,-0.07256207999877154,-0.7594638780258511,-0.614849705620708,-1.2742686159852994,-1.4303473215014157,0.5934933496527537,-0.6165768768825836,-0.008526736889101865,0.4929086500891009,-1.2255934258038577,-0.9673477593969732
1.6550203124837184,-0.2565053715542313,-0.8758653940461449,0.8312743398271718,-0.5184374597183344,1.965140343002402,-1.9811516738128754,-0.2778440430541571,-1.010840534108335,-0.584172895351181,1.0100602488408477,-0.33544069039870494,-0.8501976192625074,-0.6228438718517342,-0.8847292360393807,0.3560643064343182
1.4133839941936992,0.39786934704245525,-0.8758653940461449,-1.4268348662671277,2.105422597892528,-0.4738884784297521,0.37443056401534547,-0.614849705620708,-1.2969797535701055,-1.512032856720384,0.5342579562025265,0.1647073195427583,-0.8501976192625074,1.5163819801976453,-1.048589376099646,-1.4634460829584208
-0.5774682218372149,-0.2030395863758164,1.049233194900517,-1.9193442815881065,0.9785083423801703,1.3346695170801834,0.23841269201476575,0.877603942888303,-0.3583062914482765,-0.9465912558736014,-0.6529185879392668,-0.14711338577515706,0.9756120006449002,1.1474201686179546,0.12794319315343194,-1.8093178229182252
-0.22319664761121077,0.31302147056366647,0.3214899480289195,0.3201796635506842,-0.013848987100860922,-0.6939706969241608,-0.301949217660265,-0.2778440430541571,-0.04688034167168837,-0.2726623556767583,-0.455787253429672,0.31272557256501193,0.1947656163800529,-0.038638053565608205,-0.5607788042156129,0.39672351595730443
-0.8855304602946097,0.6047586896893651,-0.8758653940461449,0.1668512606677374,-1.023025932335808,1.4343538160452987,-0.11276072296855018,-0.614849705620708,0.7849305653246662,1.0182379539891273,-0.4157765176002831,1.1633528888527929,-0.8501976192625074,-1.0652063238593565,1.146329860922627,0.10852850532992153
-0.5707293603709592,-0.8376552104500453,1.0538982157137964,-1.0969464843068497,0.8775906478566756,1.3735075556380203,0.26561626641488084,-0.6790412603952891,-0.1024177577167912,-0.08230956619927686,-0.23453547285476084,-0.8350126833939371,1.2660438362221194,1.3641889369676021,0.7432641218224262,-1.0620680143571748
-0.25207748246659156,-0.8376552104500453,-0.8758653940461449,0.1343270539955978,-1.023025932335808,1.7916637707773964,0.13083492052339762,-0.614849705620708,-0.06977360282070903,2.1132961318114356,1.4853145632363631,-0.8350126833939371,-0.8501976192625074,-1.0652063238593565,2.4282282654283502,0.11742111277165669
-0.637155280538335,-0.8376552104500453,1.0647832642781152,-1.073714908112464,0.2889040964696231,1.4602458417505233,0.32249646743330534,-0.502514484765191,-0.018225862505932725,-0.0016685794579971416,-0.2760750090247419,-0.8350126833939371,1.3171574139363464,0.6425911875475749,0.8530910153995385,-1.0482809086507605
-0.848948069477794,1.370714177354048,-0.8758653940461449,2.1322426067127767,-1.023025932335808,-0.5256725298402012,-1.2788048438462463,0.7171250559518502,1.4431525759027413,1.030723295582516,-0.8914322634450439,1.6633468535594294,-0.8501976192625074,-1.0652063238593565,-0.2776490018705295,2.294662736750488
0.18306042935447853,-0.8376552104500453,0.9512677578216482,-0.339597100369872,0.5748375642861915,0.6498254371769929,-0.24630554275093694,-0.6790412603952891,-0.5438150870088989,-0.40991850425452603,0.13847225733908358,-0.8350126833939371,0.8070652013332009,0.6240806236183057,-0.22233017501310484,-0.4069082685160651
0.2774044898820558,-0.8376552104500453,-0.8758653940461449,0.5060322731057706,-1.023025932335808,-0.05961606714615925,0.47706223107032775,-0.2778440430541571,-0.4122638417125854,1.2620816905738834,1.4853145632701572,-0.8350126833939371,-0.8501976192625074,-1.0652063238593565,1.0181511715120988,0.6031802831917742
-1.0077926611823882,-0.2553430718764397,1.8220716429671495,-0.804228624257588,0.07024909166871798,0.4349216238236303,0.24830490088753462,-0.6790412603952891,0.6308077250706023,-0.4623873885235623,-1.1912937996298518,-0.2046031502712702,1.7053686555919543,0.1418494174410041,-0.018597821391048562,-0.7721859247912901
-1.0520766079606387,-0.34716474642197825,1.0570082295893162,-1.1062391147846034,0.7934925690870968,1.4006941826285049,0.281691105833132,0.1714968403679107,0.5898406214433193,-0.0026088692353427043,-0.8744251305250131,-0.2063259066553376,1.31748465627898,1.3093066877346295,0.852932534741719,-1.0572565100441664
-0.4272878805892347,-0.8376552104500453,0.5951711690746484,0.7337017198107517,-0.24932360765568193,-0.33148233705101704,0.9741457269269922,-0.502514484765191,0.294996110575215,1.0518599510594442,0.11600731718315747,-0.8350126833939371,0.8347078658621828,-0.032281916292551796,0.7566080974744803,0.6290165230528899
-0.1269271980932749,0.4524974318986618,0.46144057242730363,0.5989585778833139,-0.013848987100860922,-1.8073278022488166,0.20502648706916837,-0.2778440430541571,-0.06418115928936233,-0.40533082722880653,-0.5416080551668188,0.36549774345939195,0.2385921511424918,-0.10752034009897914,-0.8532141924730431,0.6627999664614568
-0.1317406705691717,0.4524974318986618,0.4692156071161027,0.6221901540776996,-0.030668602854776645,-1.8125062073898612,0.2099725915055528,-0.2778440430541571,-0.05352485858080139,-0.3965957048271403,-0.5467525288178061,0.36549774345939195,0.24492232422624188,-0.12348177316165211,-0.8532141924730431,0.6814117331006091
0.2610386834640068,1.5276246338559178,-0.8758653940461449,0.9938953731878725,-1.023025932335808,-0.09327570056295147,-1.761050026393756,-0.2778440430541571,-0.2892060693313962,-0.5838445904545461,-0.41589604691142895,1.1634785342687872,-0.8501976192625074,-1.0652063238593565,-1.160657631346335,0.9224833894644452
-1.3110414271638862,1.1033852514619735,1.1456436250416262,-0.37676762228088984,0.8271318005949282,-1.1600271596182028,0.14320018161435943,-0.2778440430541571,1.5254837554613523,-0.6129441920137245,-1.7306025553427187,1.065789333338126,0.881876163924707,0.7825386151933081,-0.6185359189702662,-0.19449206909570052
1.4037570492419056,-0.5819492813358872,1.1767437637968226,-0.1909150127258034,0.40664140674703364,-1.172973172470815,-0.2895839565693032,-0.6790412603952891,-1.0905161212798278,-1.3264177478698407,0.2188127940624036,-0.6448261442469836,0.48557841998000695,0.019232216579899247,-1.4178505132825419,-0.3444053513012979
0.38233818985660567,-0.8376552104500453,1.0912183822200323,1.2819669179982558,-0.06430783436260824,-1.451312448801979,-0.4552784551881909,-0.2778440430541571,-0.31166611722674087,-0.0034287103950082416,0.13221612234421223,-0.8350126833939371,0.8147632517243686,-0.11937288940375494,-0.7870036499873196,1.3582004547239583
0.7780056273753223,-0.616818271669636,1.3166943881952067,-1.3060306700563218,0.8103121848410125,-0.3962124013140784,0.34104435906974806,-0.614849705620708,-1.0607753210308843,-1.4170902647062902,0.01988299384642382,-0.6520884783748676,0.7388587777418181,0.48351399631789876,-0.9798295002747667,-1.3326751443914107
0.7491247925199416,-0.8376552104500453,1.332244457572805,0.5060322731057706,0.8271318005949282,-2.2216002135324096,0.0566433539776269,-0.2778440430541571,-0.6932695855922969,-0.6840128045686398,0.12990071031794884,-0.8350126833939371,0.8176123204442577,0.5636290742256012,-1.1335467757668576,0.5997905649149231
-0.637155280538335,-0.8376552104500453,1.0647832642781152,-1.073714908112464,0.2889040964696231,1.4602458417505233,0.32249646743330534,0.1714968403679107,-0.018225862505932725,-0.0016685794579971416,-0.2760750090247419,-0.8350126833939371,1.3171574139363464,0.6425911875475749,0.8530910153995385,-1.0482809086507605
-0.38589201729652245,-0.8376552104500453,-0.8758653940461449,0.1668512606677374,-1.023025932335808,1.8926426710277715,0.19637080430549456,-0.614849705620708,0.0789538600683043,2.4829386787913434,1.4853145632253513,-0.8350126833939371,-0.8501976192625074,-1.0652063238593565,2.8328082732325655,0.14515103983710897
-1.2340258675495375,1.9169950259161133,-0.8758653940461449,-0.37676762228088984,0.995327958134086,1.2479312309676807,-1.2169785383914373,-0.2778440430541571,1.3132522702123606,-0.18309306195512343,-1.4257396896116352,2.2249935711705575,-0.8501976192625074,1.221361761388387,-0.03960230098720555,-0.26931160985111285
0.9936491942954985,-0.8376552104500453,-0.8758653940461449,0.1668512606677374,-1.023025932335808,1.7088092885206765,0.13454449885068562,-0.614849705620708,-0.8726762866203697,0.11778711651824142,1.485314563300361,-0.8350126833939371,-0.8501976192625074,-1.0652063238593565,0.3257208753454054,-0.2223950684432541
-0.2694059833798201,1.1010606521063904,-0.8758653940461449,0.9938953731878725,-1.023025932335808,0.0646656562389189,-0.980802051554067,-0.2778440430541571,0.18750154002765473,0.12682037058436954,-0.41608289808939514,1.1636749461734233,-0.8501976192625074,-1.0652063238593565,-0.4471048345727142,0.9804389052048462
0.3322780761072791,-0.8376552104500453,-0.8758653940461449,-0.18626869748692654,0.3225433279774547,0.3507725402816505,0.6031878941981386,-0.2778440430541571,-0.6042208053653068,0.7849979053951406,1.4853145632729796,-0.8350126833939371,-0.8501976192625074,0.8213768740629199,1.0413321935179392,-0.11887480661905367
-0.46387027140605047,-0.8376552104500453,0.9637078133237267,0.6221901540776996,-0.24932360765568193,0.7352691220042357,-0.18324271118703153,0.877603942888303,0.3065249015998036,0.718347493745956,-0.12920825958402782,-0.8350126833939371,1.1364407833827863,-0.09129769496033613,0.4739212983387369,0.5142704293982371
0.9994253612665749,-0.8376552104500453,-0.8758653940461449,0.1343270539955978,-1.023025932335808,0.9631189482102106,-0.4256018285698829,-0.614849705620708,-0.8811107461299325,0.09682437678643885,1.485314563300557,-0.8350126833939371,-0.8501976192625074,-1.0652063238593565,0.09874638115580417,0.05275049968171138
0.3062853247374365,-0.8376552104500453,-0.8758653940461449,0.459569120716999,-1.023025932335808,0.5100084983687809,0.6996369307076399,-0.2778440430541571,-0.4424970220201214,1.1869410974709136,1.4853145632716553,-0.8350126833939371,-0.8501976192625074,-1.0652063238593565,1.1359908370938878,0.35310102846758806
2.0487623610120758,-0.5354572942242221,1.0367931393984384,1.295905863714888,-0.36706091793309237,-1.172973172470815,-0.9202122722083544,-0.2778440430541571,-1.064902204996611,-1.1636486407075202,0.3786418221357742,-0.6320209710143059,0.2739224296729388,-0.6158421036640869,-1.7071200741011,0.7490264090469392
-1.497804159228682,1.2998138970087587,-0.8758653940461449,0.9938953731878725,-1.023025932335808,-0.18648699310175898,0.3299156240878827,-0.6790412603952891,2.936582272288934,1.546862156045921,-1.3667816288060322,2.1630187609311835,-0.8501976192625074,-1.0652063238593565,0.967915618096396,1.0658817582996756
1.1053217557363044,-0.8376552104500453,-0.8758653940461449,0.459569120716999,-1.023025932335808,-0.41433681930773536,0.15061933826893678,-0.6790412603952891,-0.8672879747060045,0.13117905706007965,1.4853145633040399,-0.8350126833939371,-0.8501976192625074,-1.0652063238593565,-0.13304003282322438,0.4592819192691366
0.24852365502667503,0.045692544671591985,-0.8758653940461449,2.1322426067127767,-1.023025932335808,-0.5256725298402012,-1.2788048438462463,2.1614350383799255,-0.018225862471163853,1.030723295582516,0.5346158326019236,0.1643311313874096,-0.8501976192625074,-1.0652063238593565,-0.2776490018705295,2.294662736750488
0.739497847568148,-0.616818271669636,0.6324913355808842,-1.7241990415552664,1.0457868053958335,-0.07256207999877154,1.2066126354370732,-0.2778440430541571,-1.127409810271856,-1.3272478857985486,0.3146027505690153,-0.6334465211758677,0.35438996704445497,0.860535491893995,-0.5343544507581514,-1.7585910040238966
-0.48312416130963765,3.1385719872751148,-0.8758653940461449,0.1668512606677374,-1.023025932335808,-0.21755742394802963,-1.2256342211551112,-0.614849705620708,0.1911529196170563,-1.182960504737485,-1.3671151487670716,2.16336934642275,-0.8501976192625074,-1.0652063238593565,-1.388537154434415,-0.019479321825899173
-1.2051450326941566,0.8476793223478154,0.8812924456224561,-0.1909150127258034,0.3225433279774547,0.38054836984265816,-1.0438648831179724,-0.2778440430541571,1.3242895510883055,-0.3164493628008024,-1.4986303578654228,0.927820079909991,0.7579435778633545,0.37015758367059,-0.3607193130932332,-0.022681902691950598
0.5084511687251019,-0.8376552104500453,-0.8758653940461449,0.459569120716999,-1.023025932335808,0.0698440613799635,0.6378106252528309,-0.6790412603952891,-0.5701059374097724,0.869785922591247,1.4853145632813838,-0.8350126833939371,-0.8501976192625074,-1.0652063238593565,0.7307662103653323,0.4110002659679785
-0.25785364943766764,-0.8376552104500453,0.9637078133237267,0.2969480873562984,-0.04748821860869252,0.7223231091516235,-0.19437144616889684,-0.2778440430541571,-0.018871747062505523,0.30328441740238854,-0.03575197499798882,-0.8350126833939371,1.0214446735221985,0.09168456157497738,0.22635780142935544,0.19764662817303846
-1.334146095048191,1.5962003148456239,-0.8758653940461449,0.459569120716999,-1.023025932335808,0.9631189482102106,0.41399939950642234,-0.2778440430541571,2.0126295604178392,0.6283169806025831,-1.3667816287984778,2.1630187609430953,-0.8501976192625074,-1.0652063238593565,0.6201287465286606,0.19408516640237444
-0.029695054080159444,-0.8376552104500453,1.0119130283942814,-1.050483331918078,0.6421160273018547,1.0485626330374505,0.050460723432146005,0.1714968403679107,-0.5709868413577518,-0.5652066992931083,0.02989431227281337,-0.8350126833939371,0.9406682153523717,0.7760144212047677,0.05187436055471019,-1.0507896957209508
1.6155498381813644,-0.5587032877800546,0.35259008678411596,-0.934325450946149,0.9280494951184228,-0.07256207999877154,-0.7594638780258511,0.1714968403679107,-1.2742686159852994,-1.4303473215014157,0.5934933496527537,-0.6165768768825836,-0.008526736889101865,0.4929086500891009,-1.2255934258038577,-0.9673477593969732
-0.5370350530396817,-0.8376552104500453,0.6278263147676049,0.33411860926731624,-0.2661432234095977,-0.07126747871351001,1.1979569526733995,-0.6790412603952891,0.3103214482982668,0.97608867727561,0.04481679990979855,-0.8350126833939371,0.9223063894057677,-0.02528719703468029,0.9854125091920928,0.22811407035901482
0.11759720368228202,-0.8376552104500453,0.6200512800788057,-0.6509002213746425,0.5580179485322757,-0.14764895454392216,1.1324210688913026,-0.502514484765191,-0.5740148767915205,-0.30251577039793515,0.30247418703216444,-0.8350126833939371,0.605264070350688,0.727791904394226,0.13834526127938981,-0.7051191715589579
-1.2552051464434832,1.1975315253630954,-0.8758653940461449,-0.5068644489694508,-0.6529943857496606,0.3546563441374336,0.6810890390711972,-0.2778440430541571,1.3078031369546268,0.46731033534656485,-1.0923774117058254,1.874573906376882,-0.8501976192625074,-0.5627845039538277,0.9073448438947405,-0.40233765307222213
-0.8460599859922558,-0.8376552104500453,1.0710032920291546,-0.938971766185026,0.6421160273018547,1.495200076452574,0.3608287768152872,-0.502514484765191,0.308999355636437,0.32976502324519674,-0.4010163572129377,-0.8350126833939371,1.470895271867893,1.248720856531129,1.1775729836696656,-0.9100410383824211
-1.066517025388329,0.6721720710012796,1.1238735279129886,-0.30707289369773244,0.2889040964696231,0.43621622510889035,-0.331625844278573,-0.6790412603952891,0.9507885141879907,-0.4861189163172366,-1.3998183538752098,0.6889925002226998,0.9159251300155636,0.28531305121795586,-0.3595730669943003,-0.3422762314469801
-1.1185025281280145,1.370714177354048,1.4255448738383945,-0.1444518603370318,2.172701060908191,-1.7425977379857551,-0.4008713063879593,-0.2778440430541571,1.1344388865463895,-0.9225199543819125,-1.7280471464495377,1.0637405647026137,0.8811300398382994,1.7369828646281176,-1.1439333905693803,0.051761697389509954
-1.0077926611823882,-0.2553430718764397,1.8220716429671495,-0.804228624257588,0.07024909166871798,0.4349216238236303,0.24830490088753462,-0.2778440430541571,0.6308077250706023,-0.4623873885235623,-1.1912937996298518,-0.2046031502712702,1.7053686555919543,0.1418494174410041,-0.018597821391048562,-0.7721859247912901
-0.733424730056271,-0.7098022458929663,1.3166943881952067,1.1100532541598014,-0.7370924645192395,-0.3962124013140784,0.34104435906974806,-0.2778440430541571,0.8579581297243174,0.8848023355896737,-0.5557335591077799,-0.6797474014366832,1.4795206576805386,-0.7110789360813747,0.3021230733297431,1.0355383867948602
-0.6092371401781336,-0.2123379837981495,1.0196880630830805,-1.2316896262342876,0.5916571800401071,0.5397843279297886,0.08879303281412783,0.1714968403679107,-0.10247367589823182,-0.5967521116995497,-0.6529057001856187,-0.146780511923445,0.9752064856765862,0.7471886561531113,0.033103208613843006,-1.0826185520012344
0.22926976512308786,-0.8376552104500453,-0.8758653940461449,0.9706637969934866,-1.023025932335808,0.018060009969514405,0.5388885365251367,-0.502514484765191,-0.27092927162244335,1.6133501748847905,1.4853145632675935,-0.8350126833939371,-0.8501976192625074,-1.0652063238593565,1.1265958347694378,0.9471263821575499
-0.30213759621591807,-0.8376552104500453,1.0694482850913947,-1.8031864006161775,0.995327958134086,1.4783702597441786,0.3398078329606516,0.1714968403679107,-0.5682494418772582,-0.702024344731989,-0.11366918516005414,-0.8350126833939371,1.117320259635653,1.314201713220365,0.4266848551966505,-1.7085901288696514
-1.3976839317300285,1.4869441451332108,-0.8758653940461449,0.459569120716999,-1.023025932335808,-0.585224188962218,0.813397332744489,-0.614849705620708,2.2342747379502446,0.8416669166673473,-1.3696365799443218,2.166019793415777,-0.8501976192625074,-1.0652063238593565,0.6144539631737158,0.5241823211286394
1.8947312417833786,0.5431568067664088,-0.8758653940461449,-0.04687924032061172,0.47391986976269684,-1.5600589567639218,0.09992176779599315,0.1714968403679107,-1.2157015747122262,-1.3504187015323952,0.534295624240951,0.16466772412668348,-0.8501976192625074,0.0400516833385885,-1.4771714930259334,-0.28592749336625367
-0.40610860169528895,0.9871552836828107,-0.8758653940461449,0.459569120716999,-1.023025932335808,-6.440802414248876e-05,-0.30071269155116853,0.7171250559518502,0.18818352146577447,0.13117905706007965,-0.4136638173538805,1.1611320865908976,-0.8501976192625074,-1.0652063238593565,-0.14241740624247937,0.4740849801851984
0.3351661595928173,1.033647270794476,-0.8758653940461449,-0.1909150127258034,0.6589356430557703,-0.7198627226293853,-0.1782966067506471,-0.2778440430541571,-0.6070311615967444,-0.7810516616684385,-0.12926872405053638,0.8621851455157306,-0.8501976192625074,0.49052829111088536,-0.8344781157646215,-0.17465121842366463
0.8126626292017795,1.3590911805761317,-0.8758653940461449,-0.7995823090187112,0.9280494951184228,-0.3612581666120247,-0.21786544224172538,-0.614849705620708,-0.9769839787601827,-1.3991394484819835,-0.14342057175354017,0.8770611109789851,-0.8501976192625074,0.4855643808139149,-1.2054781191345512,-0.92677665503397
2.2894359848069157,-0.8376552104500453,-0.8758653940461449,-0.934325450946149,0.3730021752392022,-2.2216002135324096,0.3534096201607098,-0.2778440430541571,-1.4342902408012024,-1.2780304978639614,1.4853145633328722,-0.8350126833939371,-0.8501976192625074,0.12095087037057307,-1.1860366825972892,-0.6651036705233565
0.5748770888924775,1.3590911805761317,-0.8758653940461449,-0.33495078513099513,0.5748375642861915,-0.3612581666120247,-0.21786544224172538,-0.6790412603952891,-0.772918190105948,-1.1328443409838262,-0.21977236115977716,0.9573196471722072,-0.8501976192625074,0.26435772457978535,-1.0871242716786895,-0.5048491150061898
1.6155498381813644,-0.5587032877800546,0.35259008678411596,-0.934325450946149,0.9280494951184228,-0.07256207999877154,-0.7594638780258511,0.1714968403679107,-1.2742686159852994,-1.4303473215014157,0.5934933496527537,-0.6165768768825836,-0.008526736889101865,0.4929086500891009,-1.2255934258038577,-0.9673477593969732
-0.009478469681393237,0.29907387443016686,-0.49488869429498805,-0.9947275490515527,0.8607710321027596,1.1534253371436116,0.11228702888695495,-0.6790412603952891,-0.5711925315077648,-0.5653442759503751,0.030114879144404434,0.3882141637367418,-0.4914930929309751,1.0021488510897114,0.0503277168479062,-1.0522141913585121
-0.6198267796251065,0.3025607734635417,-0.49488869429498805,-0.019001348887349022,0.10388832317654959,1.2090931924098438,0.1493828121598403,0.877603942888303,0.306069217637348,0.5475038026547046,-0.24708235085386396,0.622116154740958,-0.42420933665616284,0.4034922463486873,0.7772293729829618,-0.14451210297810038
1.0475600860255427,-0.6051952748917198,0.5858411274480896,-1.166641212890007,0.9280494951184228,-0.44799645272452754,0.8851158470720668,-0.6790412603952891,-1.1363922530652097,-1.2827137204314358,0.4036812769003899,-0.6355428600830192,0.2472345431389217,0.6421891266320814,-0.8156279659136246,-1.2816827864790392
0.07812672937992864,1.4974048422333355,-0.8758653940461449,-1.7381379872718983,0.8607710321027596,0.41420800325945034,0.37443056401534547,-0.2778440430541571,-0.8125210862298378,-1.4148398868531802,-0.47481859552242767,1.2254160151973503,-0.8501976192625074,0.6300079462471173,-0.6905443866984606,-1.7371284594043273
0.9320367466040198,-0.8376552104500453,-0.8758653940461449,0.1807902063843694,-1.023025932335808,0.8466048325367002,-0.19066186784160888,-0.2778440430541571,-0.8430928032755949,0.1913129732745058,1.4853145632982343,-0.8350126833939371,-0.8501976192625074,-1.0652063238593565,0.1920589165922339,0.07931607868968386
1.437451356573183,-0.28556286349902205,-0.8758653940461449,2.1322426067127767,-1.023025932335808,-0.5256725298402012,-2.2185646867593425,2.1614350383799255,-0.7218525180050998,0.06217292371066964,1.0099651979734294,-0.3353407760006339,-0.8501976192625074,-1.0652063238593565,-1.0991924613507327,2.2143374038577717
0.3062853247374365,-0.8376552104500453,-0.8758653940461449,0.459569120716999,-1.023025932335808,0.5100084983687809,0.6996369307076399,0.7171250559518502,-0.4424970220201214,1.1869410974709136,1.4853145632716553,-0.8350126833939371,-0.8501976192625074,-1.0652063238593565,1.1359908370938878,0.35310102846758806
0.3380542430783555,2.2098945447196034,-0.8758653940461449,-0.30707289369773244,0.42346102250094936,0.9618243469249506,-1.998463039340223,-0.6790412603952891,-0.6347133088421403,-1.3506820497082788,-0.6803953166857386,1.4415116279701943,-0.8501976192625074,0.036756592645993784,-1.3698104885266567,-0.4999906536308522
0.5748770888924775,1.3590911805761317,-0.8758653940461449,-0.33495078513099513,0.5748375642861915,-0.3612581666120247,-0.21786544224172538,-0.614849705620708,-0.772918190105948,-1.1328443409838262,-0.21977236115977716,0.9573196471722072,-0.8501976192625074,0.26435772457978535,-1.0871242716786895,-0.5048491150061898
-1.0520766079606387,-0.34716474642197825,1.0570082295893162,-1.1062391147846034,0.7934925690870968,1.4006941826285049,0.281691105833132,-0.6790412603952891,0.5898406214433193,-0.0026088692353427043,-0.8744251305250131,-0.2063259066553376,1.31748465627898,1.3093066877346295,0.852932534741719,-1.0572565100441664
-1.2051450326941566,0.8476793223478154,0.8812924456224561,-0.1909150127258034,0.3225433279774547,-1.3671633652599993,0.6254453641618692,-0.2778440430541571,1.3242895510883055,-0.3164493628008024,-1.4986303578654228,0.927820079909991,0.7579435778633545,0.37015758367059,-0.3607193130932332,-0.022681902691950598
-1.0896216932726337,0.6558998755121968,1.1782987707345824,-0.3256581546532413,0.33936294373137044,0.4297432186825842,-0.331625844278573,0.877603942888303,0.9924378790420831,-0.49136028930925973,-1.4253067856128196,0.6736301760957847,0.9652710336282997,0.33824468194478235,-0.3581592756796752,-0.3551631593950261
0.07812672937992864,1.4974048422333355,-0.8758653940461449,-1.7381379872718983,0.8607710321027596,0.41420800325945034,0.37443056401534547,-0.614849705620708,-0.8125210862298378,-1.4148398868531802,-0.47481859552242767,1.2254160151973503,-0.8501976192625074,0.6300079462471173,-0.6905443866984606,-1.7371284594043273
