PC1,PC2,PC3,PC4,PC5,PC6,compressive_strength
-0.9419056600821551,-2.4861398531211427,1.9016853898681483,-0.9897328964300331,0.018550491801261764,-0.5124941320979535,61.89
-2.274086553351971,1.2595643692994891,0.2065556305854351,-1.229815254853863,2.0455430096378078,0.783732086183512,47.03
-3.079089291776301,0.42561188746971435,1.5189105361393795,-0.851403758566306,0.1164647766373616,1.5953103613533843,36.45
-2.911998215466127,0.9881764802348386,0.26818282129175175,-0.26661798936079106,0.15244992640616797,1.3219789235064527,45.85
-2.7684040239683863,-0.6059529347452215,2.0441117180326103,-0.6009105963854063,0.45217135588804785,1.8875225436959504,39.29
-1.0413184024859914,0.8063294745000782,-1.1705704915702433,-0.44778337261436596,2.1057950014898617,-0.8670172032065298,38.07
-1.5156672365918364,0.4493560536714437,-1.3452239064763323,0.6904597185887418,0.15042970822126422,-0.581372397530212,28.02
-2.2707268633366393,2.0365494753748545,-0.22831762702633338,-1.3928690556025787,1.704821335010433,0.4603092656758573,42.33
-2.8643454280777774,0.5174171489590632,0.53264622364504,-0.16251142985091646,0.3176680603276504,1.4971514970387085,47.81
-2.0876914038677192,0.05671054966745923,0.8824449519510268,-0.9427358210804491,2.377167246078742,1.2065969239270227,52.91
-1.116913947429258,1.1128053351629545,-1.5742284296708078,-1.1559128055487307,1.347007348482212,-1.2013805165988236,39.36
-2.468839775412779,0.7581353764506094,1.3024306797415577,-1.6991460356801529,1.9370364717805841,1.0545395109080518,40.56
-1.527174672855341,0.8334690596792792,-1.7580439706615443,-0.24358353324355886,-0.5327900968761692,-0.9808330528909572,28.24
-1.6374386371835699,0.6905695464719388,-1.744191266649218,0.1672448463108293,-1.4028791998019123,-0.8381802099846314,8.06
-2.945783838748208,-0.11290682681189106,1.799714004983582,-0.7230029789095934,0.2956975753336549,1.760729724977713,37.43
-2.873920180144283,-0.737850011685814,2.102225447271485,-0.2789227765674307,-0.22625010711352853,2.0371603434047016,38.6
-3.104013648199825,2.0486864788272285,0.586117336835899,-1.207519482050183,-0.4756663266588681,0.9287955886971349,30.08
-2.525870649158749,1.2498448548770003,1.031984123722028,-1.8167165613527656,1.7782988465388976,0.8737834031997781,37.72
-2.248297572068912,-0.17719318564395312,1.7866663289793383,-1.4342750012334406,2.1448396540945214,1.3534816555556426,42.23
-2.172683150526444,0.44726629919874594,0.6626500350399783,-1.0403741196010567,2.2945058675723793,1.079236748727935,50.46
-2.3736052349736303,0.27645916779892604,1.556746688085085,-1.5694904032959613,2.059460074204111,1.2158363359202786,41.54
-3.060294130280452,-0.24426383772113128,1.8577261930474607,-0.38866736172554645,-0.41410779695162603,1.9162299607385387,35.08
-1.488433036117463,-1.8053563315371661,-0.38986298782719325,0.7428042561269705,-0.5316486441340756,0.10436850227387619,15.05
-3.2204654492208347,1.948021466859236,0.6269064492419691,-0.8805980368482739,-1.1950917447332778,1.072259222503696,26.26
-3.2001097102966654,0.2983933117535862,1.5747963297037046,-0.5097606897311833,-0.6154362589749405,1.7533613776546155,32.82
-2.5144991651726176,2.1817640360856467,0.48721414563807247,-1.995591763415729,1.3770832977231948,0.4833459681933082,33.12
-2.236005555021218,0.8519565598366271,0.43524415205613176,-1.1370701986488578,2.1835584825461267,0.9372156665329022,49.19
-1.6231707966003721,0.7140593788532991,-1.7506461541738592,0.10187712012749742,-1.2633992465906978,-0.8627845379068602,14.59
-1.6279426659167326,0.3080701071054382,-1.3342780673509445,1.098522304227342,-0.6623169102733211,-0.4427104182410633,14.64
-1.6442653156325149,0.2812076624283598,-1.3268662858713083,1.1732810685880959,-0.8194284095764092,-0.41464210511327526,9.13
-3.1529989905758318,0.985345991973786,1.2122123529992064,-0.9795657964779185,-0.07873746514383101,1.3945635892142658,33.02
-1.3150391821722125,-1.276076716867138,-0.5796462508746291,1.7743608075265245,-0.12924779927281937,0.17051052569151048,9.87
-3.2767339250239784,0.8654509346805614,1.2640686170785596,-0.6367667597701752,-0.8202607138084115,1.5512355985320794,30.28
-2.877099272828059,1.8859219482626854,-0.23131383426547092,-0.4811991066452162,-0.19003763781100472,0.9305027474737043,40.86
-0.3875438977499148,-2.858109081120297,0.41698428514901725,-0.40029194388132167,0.020174618477566103,-1.3746740972185634,71.99
-0.34960939238335814,0.5192692185491448,1.7599630488622209,0.6807525593717393,-1.245067384449972,-1.3308523542460333,34.4
-1.2000868594525131,0.6994235896043223,1.2996233631375185,-1.7391580815842091,-2.21128828537839,-1.1176223950627988,28.8
1.3459513925990776,0.09680907118889864,2.0681749984061453,2.121432141769528,-0.5387351716770894,-1.6707001849410161,33.4
1.3267792192797108,-0.289626406267656,2.2510214044310874,0.866404708718712,-1.1257960641186975,-1.730023990016656,36.3
-0.5758621281994584,0.10373488071886322,2.5296562597037395,1.6739402083258725,-0.4283165491240122,-0.49173686394116733,37.8
0.9950149922741914,0.011090979863277685,1.3493531004104606,2.6285351353188897,-0.2858827096376039,-1.5781736645850213,28.1
0.9909545269549047,1.226822352116814,1.3385279831470218,1.9406556121869358,-0.8954499225361641,-2.0495050472258844,25.2
0.9115092997951922,-0.8174141696699174,1.3846901643819054,1.433314801356319,-0.8235225405977938,-1.9281780995378643,41.1
-0.01930387825076934,0.43191419228433775,1.695558999690239,0.46049779025845927,-1.405700599440303,-1.5660002971284868,35.3
-1.0747793690401102,1.6059348385556382,1.7774510473270837,-0.5633416157601637,-1.8024572287209364,-0.9691968836095671,28.3
0.24102903668406794,-0.8006426459880227,1.7535082615421673,-2.1608337653575376,-2.285074706816805,-1.4754953897279464,28.6
0.6822548096198575,0.12303774895202128,0.5462116193492491,0.24847193866485537,-1.6694105267538981,-2.497894043612068,24.4
-0.7933443905521785,0.7123814030903031,2.6697239907809016,0.6077111526842607,-1.044524369060138,-0.5035940835942618,39.3
1.4752670555181093,0.48371460148979123,2.4139266962951615,0.1321175181619153,-1.6090758719929834,-2.0659459033231182,40.6
-0.5310402566853063,0.5904518425322027,1.3160846546880105,0.5439042070142188,-1.3432451645233894,-1.2207678943760343,24.1
-0.33505600558675946,0.5448237360483223,1.7503515152465636,0.6095365670431935,-1.0941353581601012,-1.3570490775508228,46.2
-1.186290794855463,0.7226329470051989,1.2912216310539477,-1.8024968996132125,-2.0729225881286673,-1.1417601759369809,42.8
1.3572553628496353,0.11873088009081244,2.0599568949112697,2.0603178480010422,-0.41116324362458795,-1.6928678467938292,49.2
1.338283480479112,-0.26708826016786463,2.242537172929442,0.8049300379942688,-0.9956396488719889,-1.7525286597423178,46.8
-0.5619878457294034,0.12816665080759754,2.5200802010391135,1.6060212999715846,-0.2863556426378205,-0.5171285873920716,55.6
1.0070257676231167,0.034073026322162324,1.3411704465065235,2.5642573802458286,-0.15267124653087608,-1.60136063041638,34.9
1.0029647093465384,1.249042984925447,1.3303543543727785,1.8768228586168978,-0.7618953715493036,-2.0723932973199566,33.4
0.9244513429723543,-0.7920906970575158,1.3758347575382515,1.3649214440600734,-0.6799561161338936,-1.9527714921662322,54.1
-0.0051775100360816175,0.45724642101937135,1.686115946527369,0.390270497687079,-1.256363151069492,-1.5917301284554302,55.9
-1.0609013224181612,1.62879201827315,1.768628998627641,-0.6281711108244086,-1.662807110553435,-0.9936960655516046,49.8
0.2525611458416591,-0.778980382461058,1.7457564021344505,-2.217590985313426,-2.1608179759264257,-1.4970602299959104,47.1
0.6955958778312347,0.1481381511279675,0.5378101312003146,0.17969353321589743,-1.5226053577220828,-2.5224838871729225,38.0
-0.7793890767224346,0.7362682613460583,2.6601030175984155,0.540873952120863,-0.9028224775636351,-0.5288559128721461,56.1
1.4860818759054444,0.5045695644459218,2.405877456171256,0.07448808861976101,-1.485917813674525,-2.0870772048379607,59.09
-0.0051775100360816175,0.45724642101937135,1.686115946527369,0.390270497687079,-1.256363151069492,-1.5917301284554302,22.9
-0.51613598586703,0.6162914627747978,1.3066924817690038,0.4718302523442641,-1.1901995971855404,-1.2473911942839473,35.1
-0.2502886843750376,0.6763607432248183,1.6869955998864445,0.22713472939384918,-0.3068681450918262,-1.4752243245563834,61.09
-1.097824156712931,0.8405905871688056,1.2410656049796602,-2.117324514343631,-1.339501361385951,-1.254706715495591,59.8
1.4074174988374026,0.23605363630211232,2.0045333521120896,1.7193531903170793,0.25018892097474027,-1.7924039166441834,60.29
1.3893445130078357,-0.14284640307894042,2.1835828173244467,0.4732729173579707,-0.31566133249321715,-1.8526629294322592,61.8
-0.47904965725101695,0.2588751562523722,2.449583850861715,1.230317010539424,0.44598424130887804,-0.6426472339771759,68.3
1.063504706767764,0.15793176928205233,1.2919813887266232,2.2000631926952687,0.534537516204207,-1.7055559474911444,50.7
1.0594844834937822,1.3568509374695297,1.2813230584642123,1.521796758650401,-0.0668331321327507,-2.170357444022848,55.5
0.9856931129904123,-0.6461663990494075,1.3218287284085388,0.9891851904208069,0.06496033411122908,-2.0575425256814834,68.5
0.0731383864932885,0.588773122423636,1.624703717864012,0.015858744333487513,-0.475212310503375,-1.7050292501971822,71.3
-0.9730103711652245,1.7350760203402473,1.7110209936247622,-0.9629764663002229,-0.9270106837333114,-1.1098051215490552,74.7
0.3139448963257553,-0.6554687476264468,1.6962267242824394,-2.498071627726573,-1.5011590912734705,-1.5962245338231247,52.2
0.761379829361715,0.2821945169048641,0.4958434061312335,-0.1845333463498977,-0.7512625209620073,-2.6195954326620505,67.7
-0.6936995376927051,0.8573460935574814,2.588001787796317,0.18283664952266476,-0.1648141457923895,-0.6536458230485999,66.0
1.5333060540631054,0.6129277385137383,2.3493267777417324,-0.23009855980514268,-0.8377497976684107,-2.179167380217884,74.5
-0.4269991600943207,0.7483054243449583,1.2498649483186461,0.0865621343402204,-0.3909288711861841,-1.3686753134045113,49.9
-0.12454050370813775,0.8355310410074668,1.5776920880515186,-0.27282133648732687,0.6701761959921007,-1.5790404056576681,63.4
-0.9479469111257183,0.9809998440644063,1.1632537589567864,-2.474875347141187,-0.3931272077892996,-1.3655183217696596,64.9
1.449540278056883,0.39110383861341835,1.9045308108181387,1.2362647514332847,1.0741738376253462,-1.8792749832385307,64.3
1.4322238974743893,0.029538136965750954,2.0742048679366873,0.029449699210368597,0.5429010784090974,-1.9374510525224544,64.9
-0.3506654212235632,0.4297495027825913,2.313285199899336,0.7108833551444117,1.3411794781144621,-0.7830794071547535,72.3
1.1197519384268773,0.3229659654184413,1.2147158223207246,1.673845981788462,1.3794443801373026,-1.7965511501188354,55.2
1.1158884931894706,1.472980164191435,1.204516824951531,1.0233764639311693,0.8023898080609635,-2.242405192042901,66.1
1.0473891333116006,-0.4317028430399691,1.2361355482048748,0.47597671400150504,0.9848868920944754,-2.133089692607544,73.7
0.3945109404696247,-0.47395208634723807,1.6116666966687347,-2.815048796039536,-0.6394772735849339,-1.6894319807707856,54.9
0.8343968446949503,0.45641270607405293,0.44792915871589467,-0.6507943090908702,0.22215777615024912,-2.667734474107275,72.99
-0.5563249895842706,1.0003084829261781,2.446381863872808,-0.2865205917378772,0.7543949477189955,-0.7931059563864863,71.7
-0.29018487954180316,0.9055019887982694,1.1613174029870266,-0.4124418129347598,0.6018088431164429,-1.478307360975261,59.89
0.031135741795149635,0.9951860450803761,1.426443061772526,-0.8217538407349879,1.6812902222380668,-1.6332118397840811,64.9
-0.7385252008654937,1.1203894764638844,1.0613723526508878,-2.806432204375142,0.6461632071284356,-1.4433769178327185,66.6
1.4669260348275652,0.5678963459965207,1.756582104227366,0.6442545697980401,1.9502635730463442,-1.9216895802719962,65.2
1.4500451214248566,0.23591041349624822,1.9102143945065588,-0.48228915559237057,1.4690046480680186,-1.9740732653467463,66.7
-0.18406025185894406,0.6191552216715301,2.1084727095338307,0.10069322700359648,2.2577556325007024,-0.9099424020493445,74.19
1.1606190086479053,0.511596838205448,1.111955426993987,1.0219274790438773,2.257964853377945,-1.8416065973322409,57.6
1.1570606150131273,1.5718047760102545,1.1025830303272097,0.42240194573826817,1.7258043081076515,-2.252681061744102,68.1
1.0934251741527257,-0.16563087290675768,1.123009842140904,-0.11869665660091587,1.937749324301876,-2.1422985173628395,75.5
0.4860870329314046,-0.24249156162963337,1.4902255677003988,-3.1090877172440337,0.3346255931098748,-1.7475234630654233,56.5
0.8993937508503375,0.647420089331327,0.40339374531663275,-1.153437939290137,1.2543739975829173,-2.6262916568619605,76.8
-0.3729913431951773,1.1402005208944106,2.231478342652797,-0.8087713284826067,1.7184602204434252,-0.9189162910792914,73.3
-0.11657742539510962,1.0596562288471203,1.0476360885624583,-0.9535334905230931,1.6280523835067187,-1.5410868798523056,67.8
0.4313553267766452,-0.475969912262475,-1.0651009863240195,1.5001345840494877,-0.512085449362639,0.847258818288921,11.58
0.46766495922120105,-0.40575176232816573,-1.0815653205310292,1.3095885390091455,-0.12023962075472255,0.7731578011914282,24.45
0.512896889619853,-0.3107655828777314,-1.0890241007999608,1.056560081055144,0.3684546198299917,0.6743983309783665,24.89
0.5963307943237895,-0.11263256291414524,-1.062963093694334,0.5420508228946802,1.2716013472810421,0.47255052558375354,29.45
0.6998725719710313,0.1810180719618783,-0.9476475389333124,-0.196014883586369,2.3959754429154714,0.1810523469089324,40.71
0.13880679196050444,-0.26368420422358435,-0.7971110809833981,1.544216992354503,-0.44314255568904665,1.1920692124537577,10.38
0.17633620016449564,-0.19396331330264094,-0.814603198238093,1.3527414099823465,-0.050033588845041145,1.1163972135558209,22.14
0.22531139023899552,-0.10117352163589444,-0.8252840880058923,1.0981400214374593,0.43963071956606203,1.0130174272562171,22.84
0.3223998218676561,0.08802627922642403,-0.8111140422014302,0.5796563980746595,1.3424364987945716,0.7946066841064083,27.66
0.45685562247833755,0.3602080030469326,-0.7231157731585708,-0.16500387041642992,2.4613484589961283,0.4660744698321383,34.56
1.5189301926517633,-0.7862086991046227,-1.3023119417708904,1.2832919926918365,-0.7828543528313239,-0.1179089844476932,12.45
1.5502387572972731,-0.7175749627258288,-1.3175980279585824,1.1005689950625415,-0.4041275311927525,-0.18596427690790163,24.99
1.581632626483632,-0.622762579307515,-1.3228434675598553,0.8595466639783845,0.07080995766012527,-0.27007301346811496,25.72
1.6163133583533877,-0.4187212247854769,-1.290118191574535,0.3724565135629267,0.959107389283492,-0.42361226652366196,33.96
1.6101595347283044,-0.10224891646661954,-1.159119445224552,-0.32541524250463544,2.092956561952321,-0.6116793675478965,37.34
1.4813908973640824,-1.1634936733047085,-1.1994047667538252,-0.3353721811499037,-1.4043973962402678,0.1821934233246921,15.04
1.5125193695693369,-1.0944102721906313,-1.2149376745481375,-0.5106225467450438,-1.027794607364925,0.11388622165373329,21.06
1.5441293038160606,-0.9965935522854327,-1.221506467690977,-0.7309714644674251,-0.5510648898014594,0.02733831492339033,26.4
1.580562924236048,-0.7792400617434709,-1.1942728906134816,-1.145228786014361,0.3550015060670861,-0.13739604995585103,35.34
1.5792600283299705,-0.4287710570653174,-1.0760561486174143,-1.6793118767578457,1.5437513977617436,-0.3540295291466279,40.57
0.6890907251827767,-0.9398205880447288,-1.0222220158236812,-0.1716700607576879,-1.2186579400381081,0.9074224513362589,12.47
0.7241510895281574,-0.868590181874307,-1.0387500297185617,-0.35444531121336004,-0.8277538479921566,0.83379074036007,20.92
0.7659258920328256,-0.7689879898309311,-1.0468404678192191,-0.5851716596042135,-0.3348000422949406,0.7352447541270126,24.9
0.8372281346907636,-0.5519037960378288,-1.023564744516161,-1.0203638360761838,0.5934807099477309,0.5324839296796512,34.2
0.9137702858906731,-0.21229879104026372,-0.9146371389040092,-1.581208072468303,1.7866675615718524,0.2365953752161975,39.61
0.06423181321398566,-0.6702716212985526,-0.7638485492673621,-0.03775209662805594,-1.0552388755325661,1.492610406652067,10.03
0.10170024235844886,-0.5996995389178282,-0.7813569647163738,-0.22178118616660583,-0.6632852917461722,1.4165359474136667,20.08
0.15113890455855716,-0.5028666448590259,-0.7925011828191978,-0.4550580660730147,-0.17028834436644552,1.310517893191997,24.48
0.25080761003493285,-0.2969391283165195,-0.7804876058032016,-0.8978228487491351,0.7538846490952261,1.08052248745002,31.54
0.39228688103215414,0.01585269440726958,-0.6975146165611982,-1.4737066235206604,1.9324674068767482,0.7229548635604814,35.34
1.6887134568829447,-1.0485578932044317,-1.0078609244454546,-0.35449664948685833,-1.465790575749136,0.11367698330029573,9.45
1.7187192265438551,-0.9810713048705884,-1.0238553384087439,-0.5267907850257797,-1.0952357321053947,0.046723797901430865,22.72
1.7477986825186755,-0.8863315356080061,-1.0327015730981368,-0.7434083683098447,-0.6255619163885602,-0.03768880075303461,28.47
1.776038620369659,-0.6776994645658104,-1.0148378284331676,-1.151125289073573,0.2700771273199274,-0.19729129813606264,38.56
1.7565498229544354,-0.34344594787692956,-0.9186881683040555,-1.679004808865649,1.4542648497249693,-0.40545815332028107,40.39
1.0691665748739723,-0.6855597503260389,-1.3852170510512858,-0.3562134697942755,-1.2378867689327875,1.1919482323456,10.76
1.101093899006792,-0.6194129232925045,-1.39997661858869,-0.5280803562310448,-0.8689735778267355,1.121704759945281,25.48
1.1367346810234196,-0.5288012475414854,-1.4048273779442315,-0.7441659304521466,-0.4028549920732595,1.0260119576947295,21.54
1.1900333768902962,-0.33538500523784603,-1.371938311675889,-1.1509721823642942,0.4816875259987565,0.8232430479190472,28.63
1.2298630904225671,-0.03643804627312418,-1.2403282706920575,-1.6780434250239453,1.6425971042731085,0.5126298982241005,33.54
-0.36796350577903203,-0.4423197479165295,-0.8742003313716308,-0.054326415434327556,-1.5157098837608485,-0.6120908690894977,18.0
-0.32672274561832854,-0.36872829812042174,-0.8918973864723301,-0.2480357563431416,-1.1012504456971923,-0.6839972575952535,30.39
-0.2688317797054176,-0.26929984582164523,-0.9011939231999126,-0.4931006896951787,-0.5770940561004861,-0.768352884490583,45.71
-0.14280617595332978,-0.0632257041429352,-0.8797963453491985,-0.9546783386452873,0.4096054943810973,-0.9075795350006512,50.77
0.05155445311983998,0.23676792894679557,-0.7752915348276109,-1.5430299534518668,1.6662250077840488,-1.0460278375073084,53.9
-0.39295604942482504,-0.4536771653920445,-0.8929165779732241,-0.0524508050698043,-1.5091503997325628,-0.6067066555573956,13.18
-0.351549488142979,-0.37992651883454404,-0.9105550955023788,-0.24645443742067366,-1.0941040172272112,-0.6787364537080834,17.84
-0.2932293704371416,-0.28018944199337187,-0.919585536363212,-0.49189627006478653,-0.5692826994413211,-0.7632696663178796,40.23
-0.16576483891644683,-0.07324795360210469,-0.8971278789267526,-0.9541340913382763,0.4183033946961342,-0.9028797691805582,47.13
0.03161101978214783,0.22832141457855049,-0.7902402397648546,-1.5430871104824628,1.6750260841464624,-1.0419065415230706,49.97
0.24045955074990724,-0.5993147991484415,-0.6335894938192992,-0.054145889116222964,-1.1105101421420385,1.4299432141280228,13.36
0.2770559331244035,-0.5294618020039588,-0.6514875575003262,-0.2369612965198,-0.7208070367661613,1.3545993030872245,22.32
0.32408095080857297,-0.4341353489388004,-0.664217481388477,-0.4686165360228441,-0.23013224741597138,1.250066921723189,24.54
0.4152919650712035,-0.2327283514090517,-0.6584621809977061,-0.9082874379830281,0.6917076332861135,1.0244280554417426,31.35
0.5380289585874243,0.07121481924037104,-0.5900016366039422,-1.4806735310228318,1.8725714357715488,0.6751630821944374,40.86
0.6997184779753851,-0.3677053984843992,-0.5630271944772902,1.442418708385048,-0.5894421659867052,0.8290570124282826,19.93
0.7362891278167097,-0.29523091996194933,-0.5818243210583804,1.244907891101632,-0.18307951044725546,0.7522242439814335,25.69
0.7795959926865101,-0.1979154075741715,-0.5952874558802359,0.9829357297724373,0.3235628584517071,0.6498974544810895,30.23
0.8524278120218739,0.0023243140554513615,-0.5899296110490918,0.4529786868753143,1.2565566444862073,0.44170678021092985,39.59
0.9279694396816234,0.2918656036497956,-0.52171746122818,-0.29670761892057185,2.405388538623497,0.1449856961737995,44.3
0.5264823836579061,-0.5154406303204576,-0.6844544229010591,1.5212018636049143,-0.5082711407005519,0.8144020345899093,13.82
0.5628585699163245,-0.4442136995462366,-0.7024620956316034,1.3282677577550086,-0.11187188857653214,0.7395240716950306,24.92
0.6074138914217205,-0.3475381447294689,-0.7144813088361652,1.0718644355528992,0.3822287550429615,0.6399507436633725,29.22
0.6872091066738688,-0.14520482870482868,-0.7049424792491515,0.5504955361053396,1.2936533138036148,0.437299596075959,38.33
0.7811269493814402,0.15517405191838154,-0.6274944244074011,-0.19567821649967196,2.422937090053144,0.1469321593291197,42.35
1.7748364239677703,-0.8952326824966117,-1.0550336923303982,1.219164406345679,-0.8355055035873764,-0.3284536996091389,13.54
1.8052158799384321,-0.826394284512337,-1.0711380477485342,1.0370846254502437,-0.4574564453336386,-0.39564326235053865,26.31
1.8336916041817026,-0.73059403742462,-1.0792026756102955,0.7973518733517608,0.017036854937973633,-0.47720520406837347,31.64
1.8575546692121863,-0.5224257239832235,-1.0572129670058015,0.314052940637094,0.9059012615006682,-0.6215406361155003,42.55
1.8262833361988868,-0.19574491781971962,-0.9512714848398194,-0.376372608557346,2.0437699131687834,-0.7885822684106613,42.92
1.9378139325690689,-0.7861368819335066,-0.8895615160802348,1.2093768714370092,-0.8790690916011842,-0.36717398048752486,13.33
1.9672588823382087,-0.7187914840614182,-0.9060492213913194,1.0302302886048063,-0.5067294337574653,-0.43321660643161924,25.37
1.9937640038651476,-0.625842462734812,-0.9160918430752216,0.794463407601733,-0.03886303863785265,-0.5132023119654138,37.4
2.0114569623770064,-0.4257068056695534,-0.9022966013859297,0.3188213409089574,0.8402974356138398,-0.6543200316521849,44.4
1.966573816049784,-0.11393535735779745,-0.8156438071512812,-0.3632509658096747,1.973924275082212,-0.8169259658465641,47.74
1.5275310668810085,-1.274853545149053,-1.005800815633099,-0.3391487977291473,-1.3920553116804442,0.11801298399741385,19.52
1.558818447342482,-1.2045345674886074,-1.0220990156725331,-0.516403035897023,-1.0111426979131224,0.049134535724979944,31.35
1.5901203540066144,-1.1041685475792435,-1.0306905697452697,-0.7391627869355532,-0.5291851227116815,-0.03766388754506656,38.5
1.6244294441960725,-0.8792369007847664,-1.0105702280566664,-1.1572460843048327,0.3852926000044545,-0.2012931947982102,45.08
1.6173888332433053,-0.5140919123466536,-0.9089871130636717,-1.6939096160278608,1.5798817997009833,-0.41284351123850616,47.82
0.9408102250782077,-1.0646440768039223,-0.7757116446274911,-0.19508042964318362,-1.2546169205867357,0.7030422005773498,15.44
0.9751614426725856,-0.9924951154419196,-0.793200160970989,-0.37888814359661954,-0.8611930596188861,0.6296875591506356,26.77
1.0141236562430858,-0.8907028732648962,-0.8041891098131159,-0.6107009896753202,-0.36488564918296645,0.5329683827632922,33.73
1.0743165935099774,-0.6665208891008215,-0.7915012440466268,-1.0470650491126459,0.569763202800085,0.3382194789756455,42.7
1.1246757104380187,-0.3121873393598941,-0.7069592348363881,-1.607107886065616,1.7701394218131379,0.06232865523741719,45.84
0.35104753589891274,-0.8120100286118045,-0.49208779840679945,-0.06365828953021652,-1.1038050235199697,1.271709878231548,17.22
0.38793021176761205,-0.7399842362216675,-0.5107579524029536,-0.2498915228826443,-0.7067947634926274,1.1954472160410032,29.93
0.43447796859275295,-0.6400824606634141,-0.5251659483392905,-0.4856891715888792,-0.20727435412748188,1.0906693982342015,29.65
0.5221186857498012,-0.4249235093792855,-0.5247709670967087,-0.9319432594788777,0.7286409705439936,0.8677460748159431,36.97
0.6344590550655936,-0.09412139966984841,-0.4683245937249114,-1.50862144133688,1.9189984161267029,0.5298700338794223,43.58
0.41926267874603446,-0.7831310692472289,-0.44228530962098367,-0.06979704629934085,-1.1255538839548649,1.244552034466523,13.12
0.4557180376043568,-0.7115762829090778,-0.46107055222559185,-0.25511622601308165,-0.7303567481556703,1.1687732056874505,24.43
0.5012180903816987,-0.6125566888797394,-0.4760874393809745,-0.4897407872621752,-0.23287415100256673,1.0648756595978104,32.66
0.5853912234920458,-0.3998190059099493,-0.47821621322303637,-0.9339113119456258,0.700337722511939,0.8443132950197548,36.64
0.6903189525171451,-0.07331762055307546,-0.4276590119412986,-1.5086043523532462,1.8903914585549095,0.5105457021891682,44.21
1.565407089287623,-0.6769419075696411,-0.9992007709264242,-0.4145421031696816,-1.3459087703081773,0.9473569212109362,13.62
1.595479822381678,-0.6115152300559522,-1.0150907947910028,-0.5845166915383598,-0.9803358262047247,0.8786150734269264,21.6
1.6256655087561802,-0.5219831279708338,-1.0241393505064285,-0.7979102535537935,-0.5176181133220893,0.7865137728709116,27.77
1.6591149147598863,-0.3309641880977452,-1.0076122266929566,-1.1989858206596793,0.36363640470069825,0.5955660864518738,35.57
1.6527411780905013,-0.035309317244070784,-0.9147186855327729,-1.7179348703832922,1.5285612611388222,0.3104525579930682,45.37
1.187906351509905,-0.5142080881779906,-1.018637729792847,-0.35969141125280596,-1.530868968275928,0.326265682817491,7.32
1.221384388138674,-0.4439995048913582,-1.0352509976977402,-0.5430569505583888,-1.1360996869952855,0.2542199588301238,21.5
1.2573874787604762,-0.34875887185396753,-1.0432988510002812,-0.7730739176660075,-0.636040594379741,0.16196716636536343,31.27
1.3064062261747735,-0.14930377237454429,-1.0195406227210808,-1.2022927660154363,0.31179746657586993,-0.015870139804525413,43.5
1.3309730830523472,0.14789147592554852,-0.9095149615641709,-1.7453975839367568,1.5414678466475373,-0.2526289856359859,48.67
1.8091523176170896,-0.6297050466974771,-1.00322598543632,-0.4763661622754521,-1.658994539420348,-0.16637545920179841,7.4
1.8391180468362358,-0.562599107703239,-1.0193816899520176,-0.6506525623147441,-1.2826224206119192,-0.23333437818503827,23.51
1.8670722786742764,-0.47096729339460586,-1.0281467173405965,-0.868846217764849,-0.8044188416921995,-0.3158102344973271,31.12
1.8899279023883677,-0.2764858593146332,-1.0093408926988796,-1.2762595741590377,0.11001170840767843,-0.46566157228746974,39.15
1.8569584302242763,0.02105882363166454,-0.9108926056194662,-1.7958586710779247,1.3218103082689192,-0.6479933701269367,48.15
1.438798953924351,-0.8051092265195031,-0.04856921092356816,1.3978657247741852,-0.6770644592747473,0.09546213830672237,22.5
1.4714955471289832,-0.7334884483590024,-0.06880036589412239,1.2071823760311033,-0.28359518422079943,0.023927356823823066,34.67
1.5045563681510787,-0.6342224351595147,-0.0886174588978374,0.9547082397624426,0.20832479488783806,-0.06593754549861132,34.74
1.5421384641776363,-0.4205253128695176,-0.10874256192722118,0.44356097438929226,1.1208954044119706,-0.23395802741107655,45.08
1.5400718405298628,-0.09176892718128409,-0.09952596311244398,-0.28508743003771686,2.2637794127049036,-0.44709406857826267,48.97
1.9143473548742427,-0.7984132053132623,-0.0462684232491342,1.2620727946623618,-0.8203940342096802,-0.25068181957166114,23.14
1.9444239201955622,-0.7294038803844047,-0.06590695634946797,1.0785596138029236,-0.43980412434253,-0.31859003981041745,41.89
1.971392654966741,-0.6339697045972057,-0.08538854707481304,0.8366275389405052,0.03765949338610826,-0.4015482023669662,48.28
1.9890116246674623,-0.42839523586708383,-0.10610774977862557,0.3482816995295838,0.9309386652794113,-0.5499345247264027,51.04
1.9428087823804052,-0.10950055450598528,-0.09964817488910283,-0.34966828698833385,2.070950568512727,-0.7250428472012234,55.64
1.2708295153839568,-0.7678293461372876,0.002405400831687292,1.4329220959181164,-0.633214727350523,0.24230521538099456,22.95
1.3043752929000092,-0.6957620420898696,-0.018150929154158113,1.2405922714662843,-0.23689081922980373,0.1696713822437573,35.23
1.3396622292089115,-0.5961067991951539,-0.03867749173409503,0.9856518631239854,0.25810924347224407,0.0773220897219146,39.94
1.3849048468320746,-0.3823704440356255,-0.06104185609678378,0.469070958043947,1.1743201314284593,-0.09856236609846752,48.72
1.3998601602122946,-0.055537007627851645,-0.05665299654981888,-0.26704625679098487,2.316230934041219,-0.3279972616769233,52.04
2.380361940140247,-1.0133410716048428,-0.3918411300436913,1.0735167431292816,-0.9523837305026703,-0.7781743035947768,21.02
2.4079680116550004,-0.9465483695968964,-0.4097013744373605,0.8980883471328094,-0.5864581293356745,-0.8417614290763819,33.36
2.429645927419907,-0.8530452201347511,-0.42510852832957624,0.6681251618984706,-0.12590973378749637,-0.9161191711711105,33.94
2.4304794354339956,-0.6477035633992153,-0.4324935476539063,0.20615994367594984,0.7429517792093674,-1.039009993674079,44.14
2.3466414629698953,-0.3191881317501137,-0.39614349677126887,-0.45451259961934204,1.8734300292579773,-1.1620400184201356,45.37
2.1218107137827955,-0.7413049279142938,-0.2887747425068268,1.1866982086146134,-0.9057119976115103,-0.40694468314489274,15.36
2.1505105519281558,-0.6745378946730898,-0.3071423988948884,1.00874344760606,-0.5355457132492645,-0.47246618355824455,28.68
2.174976875034481,-0.5826978289428326,-0.32370406805992813,0.7747081726059318,-0.07014115295454981,-0.5515818968758387,30.85
2.185442727248684,-0.3857057169391587,-0.33486843269416977,0.3027930285665747,0.8056231915356337,-0.6904632178859229,42.03
2.1238512084462577,-0.0798405025795165,-0.3070699022622825,-0.37421028540630974,1.9384283006959073,-0.8490022607956444,51.06
2.557818452067546,-0.827427766199229,-0.11621250408055125,1.0868740228153082,-0.9739487700316826,-0.7566693374091975,21.78
2.5849667063524575,-0.7608608987031293,-0.13502963902966994,0.9104722690843993,-0.6060608556632195,-0.820640101083289,42.29
2.604758227978358,-0.6687886490508027,-0.15338802700997053,0.6791376492654584,-0.14297207040222873,-0.895553090871104,50.6
2.598046135133737,-0.4697550922004114,-0.17170020416337445,0.21433357152264146,0.7305617024333073,-1.0196764039739141,55.83
2.4961959689158406,-0.1574254999892677,-0.16100332438683293,-0.44997150927865653,1.866050101855053,-1.1446839772215245,60.95
2.265258855303917,-1.378784708342187,-0.36448012694049187,-0.43375322264142174,-1.5098237194285928,-0.4432677465980572,23.52
2.2930634212121555,-1.3113877996999386,-0.38231683092767643,-0.6031260425536981,-1.1449103548566284,-0.5074421424173731,42.22
2.3159318303766145,-1.2148862393270985,-0.3979789616283628,-0.8156618598613106,-0.6819383248944171,-0.5847995326255977,52.5
2.3218648510438795,-0.9968718136594386,-0.40670350483361595,-1.2149038827023178,0.20333665160312006,-0.7203464028098435,60.32
2.2504117451611623,-0.636404780162045,-0.37375615607730794,-1.7312303955683181,1.3815645120570694,-0.8747722284681712,66.42
1.6042922177689525,-1.2631656405150722,-0.12630033128896456,-0.2588342424615951,-1.3486020766184152,0.1810855861605321,23.8
1.6358219409483108,-1.1914569930442447,-0.1459027379140812,-0.43970063873484205,-0.9606604795697026,0.11068872655280243,38.77
1.6665498446113822,-1.0890443639221452,-0.1645978057931384,-0.6674433167571182,-0.4703692110241301,0.02156912074548061,51.33
1.6971247527596411,-0.8597919699772935,-0.18159913647608872,-1.095586581557071,0.4568181808591013,-0.14741773624309173,56.85
1.6802124244936545,-0.48968184004713544,-0.16594918513784326,-1.6451514172128678,1.6582485348190104,-0.36731791242016065,58.61
1.0555102534245662,-0.9926575327578552,0.24162992805033154,-0.13121580175909459,-1.2210241753916036,0.7624834172453956,21.91
1.0896300327788393,-0.920315336074372,0.22032297232502374,-0.3163474788148889,-0.8253932376751526,0.688463297017221,36.99
1.1273755562662153,-0.8187162261285083,0.19696068623708804,-0.5502702522776804,-0.3266455990721193,0.5904243100272641,47.4
1.1824747754312972,-0.5963520734827537,0.16357453834260652,-0.9917110885078791,0.6110920597346646,0.39185300352498603,51.96
1.2206096820015857,-0.24779740145209145,0.14235236691082317,-1.5600138776971013,1.811283095227305,0.1086455157039592,56.74
2.187440866955398,-0.8272155794363256,-0.511061091953958,-0.5073627021305254,-1.4273935794600572,0.5413546323924457,17.57
2.2151001964224597,-0.7627359601697603,-0.5282042334995762,-0.6736044087644643,-1.0690378018414413,0.47528873391875237,33.73
2.238691711166403,-0.6736923790808224,-0.5423160189391224,-0.8818672135604078,-0.6147282164527283,0.3892560673024362,40.15
2.2487131761370835,-0.48109106977767274,-0.5459914900480722,-1.2725066398674894,0.25404835230356737,0.21777197358412267,46.64
2.1877669474329533,-0.17681097905664694,-0.5015292588363434,-1.777628839609185,1.413330656830882,-0.025801575272881277,50.08
2.3150751397025133,-0.752023097416497,-0.3854322360440209,-0.518292918033147,-1.4663982775793212,0.4839095774191002,17.37
2.3420546437608807,-0.6886969883235762,-0.40275775894421784,-0.6822353026433892,-1.1128503364736375,0.41893436516976346,33.7
2.364326244264064,-0.6017394386312093,-0.41806825036077877,-0.887644719034354,-0.6642668856890576,0.3346674032249832,45.94
2.37037156493424,-0.4148185117767609,-0.42697199333769165,-1.2733846015144397,0.19553757061802401,0.16755741255539944,51.43
2.300532616336913,-0.1209215261902035,-0.39543295642755494,-1.774038578364898,1.3492762803760032,-0.0685826687878314,59.3
0.6238886666355942,-0.7812965378440299,0.09349858120480728,-0.1624690441293755,-1.6484674138398316,-1.3584556869874613,30.45
0.6605952331605559,-0.707551788762397,0.07220647144723032,-0.35280457097640266,-1.2398065408516954,-1.4264059949788341,47.71
0.704709646486933,-0.6053729657352142,0.05026667660415108,-0.5928484964054571,-0.7216919037834625,-1.5000462943233348,63.14
0.7809845236337324,-0.386154388578827,0.023790436109448053,-1.0433583698301745,0.2588553821894807,-1.6021807315431447,66.82
0.8647961841247069,-0.05241184070136349,0.019705484053697642,-1.6157925669095259,1.521180582280745,-1.65942707703263,66.95
2.267156731566132,-0.8743823513387865,-0.45645619117713654,-0.5577890132939659,-1.7162234642916547,-0.7200934487847637,27.42
2.295649673362293,-0.8063274915785331,-0.47444868067453333,-0.7321399837005952,-1.3389311444946508,-0.7853403696721237,35.96
2.3185733433063085,-0.7118030568663624,-0.4892271455038608,-0.9498396279786835,-0.8591885686727242,-0.8618558922126074,55.51
2.322265120176003,-0.5067263173358235,-0.4930526748453699,-1.3545073093051858,0.059162509207336,-0.9888490984337672,61.99
2.2442528648361546,-0.18480305130157124,-0.44765987862359446,-1.8666129493635621,1.2778206190968702,-1.1171887660368087,63.53
1.8055475636389238,-0.4644904526461854,-0.42037234320496775,-0.1151454207925969,-1.4885871477564632,-0.05720454498118518,18.02
1.8384789365809016,-0.3895947264828951,-0.4401284109104708,-0.31166545121326494,-1.0676886031451998,-0.13249580463195704,38.6
1.8676498914292088,-0.2881809768057086,-0.45545240015026356,-0.5596539518460234,-0.5358744584974767,-0.22557423292488626,52.2
1.8855340900698403,-0.0777281133752424,-0.4556465061698675,-1.0241796806068926,0.4623319487146546,-0.3941936358482711,53.96
1.835420645139054,0.22805447527329845,-0.39953646933605497,-1.6097385514816127,1.7246272342764888,-0.5954156406200346,56.63
1.8614635058690556,-1.0918695655366295,-0.6101940224464295,-0.36028174988192907,-1.4807452808183177,0.013148676698682384,15.34
1.8909681706882089,-1.0240820393813925,-0.6274978874318555,-0.5329407792181569,-1.1093129894155362,-0.0536287489097562,26.05
1.9182235051108605,-0.9286376067023651,-0.6405965605344855,-0.7499633484014432,-0.6384521995435477,-0.13714398911017553,30.22
1.9393756083722786,-0.7177232984769139,-0.6387306615990747,-1.1582092867504985,0.2595238297107803,-0.29295898351564803,37.27
1.9030442268276062,-0.37865397059379385,-0.580272567522478,-1.6861175974964338,1.446566944879688,-0.4917234057862376,46.23
-2.1401762506929143,-1.2408804780036264,0.21892948150552635,0.7470101486821501,-0.38523977804048987,0.9827600869725325,16.28
-2.0966684633693027,-1.1710656221710551,0.19855795223454067,0.567003205468742,-0.009679358554367785,0.9113206273446981,25.62
-2.024418115933312,-1.0716737921615898,0.17620929277745542,0.33319402643457247,0.4585981179770072,0.8152783669731138,31.97
-1.8351381586066526,-0.8494954513126938,0.14417315876466424,-0.12896513033860993,1.3265470005016662,0.6158402575602131,36.3
-1.4794898488088526,-0.48940136355402997,0.12378852293557317,-0.7715535602687907,2.4185738562925834,0.31944334089948784,43.06
0.4231416400777712,-2.216243739817838,1.3449442416566444,1.0789231688457828,0.6573683105501927,-1.5942056671147076,67.57
-0.04126009530529992,-2.709451724302597,1.3888627738947927,-1.988214380641553,-0.38821826560791056,-0.44037907368529705,57.23
-1.5405358463703482,-1.6670042486863745,1.6091236042327335,-1.1674554270222157,0.03701944625166991,1.2064143976990342,64.02
0.31761026526036173,-0.761875114478139,2.937317465177219,1.909489886349033,1.1758019147583951,-0.5233723611629344,41.37
-0.13370289792122353,-1.137430533783267,2.0045514398378947,1.9968282919535065,1.1080740143069896,-0.5316658379421605,60.28
-0.8236691881387606,-1.2495498070144755,2.562134350017768,0.4338087936166042,0.5429831229566511,0.14732956645901496,56.83
-0.44568546080340576,-1.179810941756781,2.2354388550468163,1.5395420914968967,0.9990636435546459,-0.2594666907413065,51.02
2.602433404831894,-0.08345567694925926,2.00671818089721,0.1616502668753554,-0.22583580415503218,0.16588938473020956,55.55
-1.7562470400063854,-1.9177650869601734,1.3797711417896192,-1.6616019082823446,-0.39071896965838476,0.4654219230951556,44.13
-1.8828993468560495,-1.4961684729357654,1.1176282140653853,-1.8208967842084856,-0.5751522659273411,0.2853652452661562,39.38
2.0989267108350735,-0.06066942338496777,2.342668151093147,-1.3185441083698028,-0.789860539905909,0.7321911923662068,55.65
2.0675113410810257,-0.1271824722511078,1.6156984669629826,-1.4347827463120706,-0.8369670954366569,0.7887133371444144,47.28
1.2592691284875928,0.18927603273407687,1.6379402272813286,-1.283284299871621,-0.6400704827200423,1.5176045460816237,44.33
-1.3870621688668965,-2.3792326752018678,0.283446505455818,-1.3080711745357256,-0.19662794538998707,-0.2945684002151348,52.3
-1.9623738894686447,0.04015315664163104,-0.9800420550799275,-2.153493890017687,-1.1493699535882065,-0.6828589929151182,49.25
0.32910532095930867,-0.7567066935779615,2.942269377128869,1.9061683744828835,1.169880430948413,-0.526341990896812,41.37
1.0075782428000322,1.8419700561413743,-0.8464182517814095,1.7197492950001183,0.4180956650369845,0.5080852931340915,29.16
1.1089353901587025,1.9203576481029248,-0.6024207753018267,1.7229703256606446,0.3815438883566064,0.41641429472120184,39.4
-1.0854140109868502,0.7521730601586964,-0.19877481188044235,-0.07183645928643606,-0.34395157981305763,-0.7776944355747817,39.3
1.3794998256576188,1.6761483710243608,0.7061045958329336,0.748992407952163,-0.13922988486747176,-0.7297306549197802,67.87
-0.1395480185921415,-1.9928559218799957,2.139985533758833,-1.2125892322635776,-0.2962525996164232,-0.6670406180563868,58.52
-0.5792154722780635,0.24034214962447953,0.6707156340257214,-1.4795678460834947,-0.975524648733277,-1.673602815126645,53.58
-0.34051519530513713,-0.8290880357786855,1.2998703849707953,-1.795633111642503,-0.9053755320284795,-1.3788324620880452,59.0
1.4856153196405235,1.905893591047914,1.29909399214235,0.5380817515017869,-0.15097858290348468,-0.16095478777789984,76.24
0.05158341832273064,-2.193862054627852,2.452124249613519,-1.2620283698108719,-0.2397523517522248,-0.9111942148910164,69.84
1.1410434301498245,-0.8298700962467677,-2.0105867925785956,1.1029365276979373,-0.5818916315353516,0.5165163975853543,14.4
0.9199432013284371,0.6851932171145588,-0.6807799453071325,-0.4579487971607098,-1.715919937088033,0.4578970016583101,19.42
0.09678620541099128,0.482955543751547,-1.0019592506802657,-0.34393550810792645,-1.5390087615039514,0.6298527217652848,20.73
0.8361653256505074,0.6693527987937108,-0.6932616565427056,-0.446183562834575,-1.7109926399903175,0.4383432842418953,14.94
1.826066276117158,-0.5907098041198605,-1.4344582010457498,0.5312753714391825,-0.9318183452387467,0.5637751795917412,21.29
1.6582101737925632,-0.0995466477624926,-0.9822942153261564,-0.05104506815226075,-1.2888085005015304,0.7925920053875634,23.08
1.6816347110775798,0.15923225659183157,-0.8050139877866939,-0.3229246835399106,-1.5020138942006636,0.6434501985121308,15.52
1.4569329654564318,0.44575931673149016,-0.490892392954244,-0.5044811262736631,-1.6404122572639586,0.7318446800403746,15.82
1.5744333761839218,-0.9410508921531204,-0.9692201257370548,-0.29756136559254276,-1.435759468017332,0.2758260136980478,12.55
0.3793485779410932,-0.40485432821906336,-0.6452526817965164,1.5609770170533512,-0.4664712111609849,0.9804506606683391,8.49
2.2107478236602747,-0.6506386201546953,-0.3464145594739075,-0.4671753605130534,-1.4385248755584956,0.6364023685203813,15.61
1.3986423204005702,-0.6762754026242803,-1.2606138759369183,1.337902214673685,-0.750794599358767,0.04421139658001679,12.18
0.20773888934072557,-0.8169272755919885,-0.5369905951953293,-0.18009145108621052,-1.1442178087166992,1.31996873892534,11.98
1.1729373006534798,-0.7627859185047385,-2.0233704720552312,0.9251770216411704,-0.21262150095551421,0.4479697981245706,16.88
0.9553356555065354,0.7529027723388301,-0.69899304873541,-0.6462278455718616,-1.3089723218551412,0.38323687385868993,33.09
0.13714225510528705,0.554517536548557,-1.019392027371158,-0.5411431774639933,-1.1143579692061796,0.5510422574145641,34.24
0.8721360378235843,0.7376252073658335,-0.7115228805087994,-0.6359181703969534,-1.3009875959389,0.36318863153188824,31.81
1.8555994437992451,-0.5247816197419475,-1.4490696790020001,0.3563463522730045,-0.5634319322778096,0.49545815064643084,29.75
1.6890374156042185,-0.03326846265197236,-0.9986663115692228,-0.22917770435064833,-0.9084659364632742,0.7214587880466014,33.01
1.712896022993352,0.22592712467840895,-0.8222202956546689,-0.5035976612232851,-1.113458781737285,0.5714060043377707,32.9
1.4886370465915038,0.5106271666790916,-0.5090325904285173,-0.6822863077611335,-1.256224333497806,0.6604134212513728,29.55
1.6049675755133985,-0.8734776972428234,-0.9854041537322392,-0.47108249199412316,-1.0630514584656345,0.20793908808644032,19.42
0.416135200579844,-0.33432343644088114,-0.6633568819547034,1.3686565861484277,-0.07173211049359482,0.9052509713881682,24.66
2.2381446531323004,-0.5872737573835585,-0.3639276634621732,-0.6320987560656435,-1.0832567436906413,0.5706396164019109,29.59
1.4304631007438275,-0.6077537152038419,-1.2760739281991393,1.15430721199837,-0.37080158105694794,-0.02464468735025173,24.28
0.24392079028423763,-0.7473631679745217,-0.5550359800412783,-0.35985125430840803,-0.7599553791001283,1.2461475840980807,20.73
1.2079864529749837,-0.6699478597112853,-2.0213594669490047,0.6919434831316442,0.24947868501076184,0.35886173654006104,26.2
0.9954798365431302,0.8358076758181207,-0.7109789607312478,-0.8813794080534724,-0.7924313598881537,0.28665225996976207,46.39
0.19015618074614504,0.6436667908709128,-1.0266233609110997,-0.7879633450716982,-0.5775138301350584,0.4476760328256972,39.16
0.9136050294338264,0.8213099863431865,-0.7233039437302197,-0.8729085266920126,-0.780706886402249,0.26612473387446745,41.2
1.8831951992222948,-0.43505954922485796,-1.4533738662193867,0.1305300404809482,-0.10001897676574341,0.40634146573168756,33.69
1.718853975854143,0.053762788171688086,-1.0075292395075324,-0.45506661664106496,-0.42794369765701423,0.6270931269753046,38.2
1.7427200717794125,0.31168608088082994,-0.83296012152337,-0.7306293834562486,-0.6212815059804965,0.4768499660005338,41.41
1.5208574444078338,0.5920409564346399,-0.5234484351938371,-0.9045165600044233,-0.7684452118551769,0.5660585856180186,37.81
1.6353711970315858,-0.7792519428199737,-0.9946120734325208,-0.689584500280586,-0.5909168086908425,0.12127471265360247,24.85
0.46234560478093767,-0.2394089573832861,-0.675878264833262,1.1127912473517654,0.4200582159706367,0.8040319692789734,27.22
2.2614604152041125,-0.5008288513037926,-0.37964589357064804,-0.8390170360242672,-0.6327083633332762,0.4844334642836427,44.64
1.463289858761182,-0.5138088928040686,-1.281731529223637,0.9117498875560941,0.1054363228044502,-0.11088538448711636,37.27
0.2906528606254954,-0.6510047221352027,-0.568922505899621,-0.5868188416617974,-0.2756713032497058,1.1445434381170916,33.27
1.2584737944910027,-0.46925062112424193,-1.9622074782641994,0.22325667694399598,1.1123300182846005,0.18223303383439446,36.56
1.0574002690198636,0.9840169034391748,-0.7005823579824035,-1.3160114074117568,0.18734742064428792,0.09803882094965831,53.72
0.295567359437214,0.807105751643346,-0.996422477884835,-1.2439020366286127,0.4301830477221189,0.24261122555905634,48.59
0.9797651850782887,0.9711006850697249,-0.7117719551466097,-1.3107160808370033,0.20507372192726436,0.07717817615933804,51.72
1.9059143274289025,-0.24522343559064458,-1.4183607347230527,-0.3125812819793675,0.7730845215878809,0.22870641664285055,35.85
1.747609646192216,0.22850841228508204,-0.9884588141851081,-0.8852160935361435,0.4816903895872259,0.4348226318919289,53.77
1.769881360644288,0.47829419852531385,-0.8200434954200697,-1.1560133949466675,0.312811309436198,0.2874580497699451,53.46
1.5580944059559878,0.7444382404204518,-0.524976991749198,-1.3176775585826597,0.1616782180884852,0.3751002159242483,48.99
1.6681287843127082,-0.5736113181167568,-0.977840173284857,-1.101706843219427,0.3081810553660961,-0.04578975744261392,31.72
0.5486995543270923,-0.04296678749439705,-0.6684078317469706,0.5915307262075338,1.3267780714376947,0.5944804379799592,39.64
2.271100347501308,-0.31668869846854625,-0.3898588315473553,-1.2283219957980158,0.2298848546911858,0.31079423697203146,51.26
1.5030645683956678,-0.3136801843240847,-1.250398755677414,0.4205986407117186,0.9950336957281588,-0.27181137040251774,43.39
0.38212064513369653,-0.44313980776915823,-0.5682262628651421,-1.015647998329468,0.6366284076476444,0.9271588055494075,39.27
1.2911199886895477,-0.15476116821331592,-1.7687894625262583,-0.445889530081588,2.2142302414721753,-0.06512505142538796,37.96
1.109073958853306,1.157586929191011,-0.6210370694640679,-1.8551845122332533,1.454087642643658,-0.1566124523886023,55.02
0.44027016841015837,1.0058619472471424,-0.8723880713894333,-1.8052721670831435,1.7028240900372753,-0.038028921622204205,49.99
1.0403724907548906,1.1467615777242703,-0.6295900940797765,-1.852781806828426,1.4758407481872857,-0.17641146612538364,53.66
1.8734711410980656,0.04497915168091583,-1.281745876451572,-0.9246608288975353,1.905540481420173,-0.022278676855877155,37.68
1.7276452406400093,0.4766745376012514,-0.889327975203714,-1.450361730900355,1.6656693675588836,0.15629930540819498,56.06
1.7450517538622683,0.7032693747248518,-0.7350966592829838,-1.6990837593655381,1.5300101697087032,0.020340490560833157,56.81
1.5574530774750341,0.9390437377019697,-0.4737663602293996,-1.8393611945656174,1.3850314843360239,0.10131260998643413,50.94
1.65890230708062,-0.24792585155351166,-0.8842205105876245,-1.6366531590707125,1.4933186910872556,-0.2702301893637685,33.56
0.6580620872056769,0.2448722314902528,-0.5957402164176078,-0.1569115879072667,2.4499146911334044,0.28731992916395455,41.16
2.2096497380753437,-0.03062095545132661,-0.3612943024567436,-1.7348593749767416,1.384470329573035,0.060119630542111724,52.96
1.508540730872261,-0.007237935846341361,-1.1226763589962738,-0.28447710199731885,2.127591843457958,-0.4763342897596634,44.28
0.5071568186339087,-0.12061166451838982,-0.511741281799787,-1.5711568378537455,1.8128582392952481,0.5931065462372795,40.15
1.010379182190652,-1.0270127705762129,2.132005694869981,-0.4467121516697839,-0.17098142172274156,-0.061206510063102515,57.03
1.010379182190652,-1.0270127705762129,2.132005694869981,-0.4467121516697839,-0.17098142172274156,-0.061206510063102515,44.42
1.010379182190652,-1.0270127705762129,2.132005694869981,-0.4467121516697839,-0.17098142172274156,-0.061206510063102515,51.02
0.8714170218796794,-1.1063947581522207,2.062188705385627,-0.4360007339169343,-0.11105619799418825,-0.015648997670292007,53.39
0.9354646895841555,-1.2079606574995658,2.209705467038937,-0.01836844961185003,-1.0788428695256813,0.10322931595253718,35.36
0.9354646895841555,-1.2079606574995658,2.209705467038937,-0.01836844961185003,-1.0788428695256813,0.10322931595253718,25.02
0.9354646895841555,-1.2079606574995658,2.209705467038937,-0.01836844961185003,-1.0788428695256813,0.10322931595253718,23.35
0.9486092229224321,-1.1818866956863723,2.2000724695058698,-0.08690477998770756,-0.9325697786770031,0.07671994732930405,52.01
0.9486092229224321,-1.1818866956863723,2.2000724695058698,-0.08690477998770756,-0.9325697786770031,0.07671994732930405,38.02
0.9486092229224321,-1.1818866956863723,2.2000724695058698,-0.08690477998770756,-0.9325697786770031,0.07671994732930405,39.3
1.0714195336570382,-0.7900901110008458,2.0056207510854085,-0.9001265521189772,0.774052889798062,-0.23212693101938037,61.07
1.0714195336570382,-0.7900901110008458,2.0056207510854085,-0.9001265521189772,0.774052889798062,-0.23212693101938037,56.14
1.0714195336570382,-0.7900901110008458,2.0056207510854085,-0.9001265521189772,0.774052889798062,-0.23212693101938037,55.25
0.939906006664178,-0.8600621775742915,1.9357822479177982,-0.8979006323411268,0.8471164938992408,-0.19174059147997896,54.77
1.9684436551570759,-0.5976666336657904,1.2322491712583123,0.8074183854961825,0.03454281499572232,-0.514118666719405,50.24
1.9362970751537796,-0.6184665327675222,1.2085862359068245,0.8183183030365156,0.05268780680036755,-0.5043172046210385,46.68
1.7396479810898118,-0.7396344247536059,1.0654247383163602,0.879501279981365,0.15993957372093148,-0.44425717355376354,46.68
1.9126882498057187,-0.7547419537707319,1.288657638703019,1.215553457370841,-0.7912546010209062,-0.37033120761764093,22.75
1.8798669911024137,-0.7769389200216331,1.2650721726790906,1.2293399448250955,-0.7780946620531266,-0.3595165204811745,25.51
1.6790221952464672,-0.9060810545943876,1.1220086630831534,1.3065915717388623,-0.6981655667239737,-0.2937127992698598,34.77
1.9241079385847546,-0.7313317284447819,1.2805295339725922,1.1522810484335175,-0.6579926879668548,-0.39422212380540217,36.84
1.8913742983076376,-0.7533602001057,1.2569044362214852,1.1656476807236409,-0.64398847217938,-0.383565349433541,45.9
1.6910350790697635,-0.8815590572235247,1.1136367265058806,1.240572342079861,-0.5594012833663233,-0.3186413131497803,41.67
1.9878729893897311,-0.40225299013135496,1.1575944895141896,0.3389195377823757,0.898341112644991,-0.6534856026025447,56.34
1.9567851526708975,-0.4208076094029227,1.1343370896464653,0.34635324671999357,0.9205731079783097,-0.6447613817764524,47.97
1.767306264811248,-0.5289231848618043,0.9943605682367628,0.3881829466400726,1.049596077886602,-0.5910327133616046,61.46
2.2693381910727153,-0.8624260014460812,0.6912051349936837,0.7531367701514038,-0.025303644751972495,-0.9135594490978374,44.03
2.2060992775724464,-0.9060829524836234,0.6366376242027356,0.7728737057301401,0.01010901873676535,-0.8977342399389144,55.45
-0.6602210815823311,-0.1437583166969386,1.9708463790851432,0.24997245328389858,0.4151758995128778,1.953696038421418,55.55
-0.41870050722956115,0.10995151575695367,2.378240122892823,0.5941746819014901,0.6751971371177866,1.979144511430416,57.92
-0.7472186380114963,-0.28642815871675936,2.033303156128326,0.6295023287938648,-0.3642932065276037,2.121561542185482,25.61
-0.7348485995169216,-0.264501775801688,2.025189623480725,0.5698119977766657,-0.23802396323298125,2.0974783439822473,33.49
-0.5417810408296577,0.023897877148952806,1.8733884219103993,-0.17396206795730207,1.226240952042655,1.7286390909877698,59.59
-0.5074815966987901,-0.03687185997421611,2.4503826729615157,0.9982711221802635,-0.13963985215945393,2.157171274399137,29.55
-0.49459776876265044,-0.013964932612150673,2.4415605343651188,0.935295195775479,-0.0071165488444757405,2.1317833598110156,37.92
-0.3026321419560595,0.27619917766338026,2.25746568476971,0.1354939333355575,1.5111724627693426,1.7392174218691003,61.86
1.001801750146462,0.19599102993517484,2.1454513585719384,0.8822660552703354,0.5782605605469409,1.2706417533325984,62.05
0.8480792517538617,-0.3655476725342528,1.8668807058907912,0.8996890935900761,-0.5523580152549492,1.2612156633552034,32.01
1.3398748589870355,0.08429652505966963,2.254573207076591,0.8381700679619545,0.5668739785677465,1.008255459990273,72.1
0.9409910804102516,0.06353906991884536,2.21185242535152,1.2549720701492626,-0.15622110384509294,1.4261450746237045,39.0
1.0626461655809403,0.3707095729775102,2.022066236106512,0.37581050671433575,1.4717125026327866,1.0412453014533505,65.7
1.270268484452264,-0.07869610116336864,2.33471642888178,1.289757045247119,-0.33191143185938715,1.1913148386482633,32.11
1.2832095654870932,-0.053366558070048704,2.324949816856233,1.2199854786469555,-0.1856540182029544,1.1638919868101956,40.29
1.3851063236070662,0.2685745053315245,2.1216156292544235,0.3212069246739694,1.4793082631725019,0.7851390645614582,74.36
-0.006548252490612871,0.3026817748293922,-0.9967641553704268,0.5055659575592919,0.31287223019147786,1.8983942002332985,21.97
-0.09351545860594207,0.15209816634914639,-0.9713625002446874,0.9267107911449918,-0.5423579713837188,2.0842184200367058,9.85
-0.08032085825730395,0.17589332428316612,-0.9783242808964147,0.8609911382387223,-0.40379057915120475,2.0577110622215398,15.07
0.0974676118207466,0.4676674070581454,-0.9776223694306023,0.030924750378267096,1.1953327039766715,1.6492796950551196,23.25
1.152600680945339,0.47187343059986386,0.4781897257483873,1.2058219976261364,0.6916047640134562,1.4197852531066844,43.73
1.0766449847264068,0.3070679930469107,0.5309048241475918,1.6895271186699403,-0.25160870164363525,1.6211720667541438,13.4
1.090396941818239,0.3334430610342688,0.5220490407126548,1.6156520939272436,-0.09767919003549075,1.5918904703545287,24.13
1.2076132767695265,0.6451702931173494,0.4292894088421442,0.6421303884318763,1.6370120789148228,1.1621165660778539,44.52
2.072977361756136,-0.5759892496606811,0.9777885401070164,0.28089387187448517,-0.025132650280665844,0.11746839710812076,62.94
2.072977361756136,-0.5759892496606811,0.9777885401070164,0.28089387187448517,-0.025132650280665844,0.11746839710812076,59.49
2.017329526280832,-0.7403219344125673,1.0331673611490086,0.6997941259138839,-0.8877455726512528,0.2768281485114687,25.12
2.017329526280832,-0.7403219344125673,1.0331673611490086,0.6997941259138839,-0.8877455726512528,0.2768281485114687,23.64
2.0291365428243022,-0.7158608681916818,1.0248380082056323,0.6340498372196861,-0.7485760640357939,0.2514654573423622,35.75
2.0291365428243022,-0.7158608681916818,1.0248380082056323,0.6340498372196861,-0.7485760640357939,0.2514654573423622,38.61
2.0859357837906227,-0.3719905879691816,0.9104149201112587,-0.18511838831093158,0.8741853304423064,-0.05420810847385314,68.75
2.0859357837906227,-0.3719905879691816,0.9104149201112587,-0.18511838831093158,0.8741853304423064,-0.05420810847385314,66.78
-2.2838965996460012,-0.18246079068961785,1.7418451563738904,1.162889801380019,1.1754550103921344,1.576733350153425,23.85
-0.5759209898657673,-0.1335127964574098,-0.6245345457605519,0.8292676012488281,2.8877255411462572,-0.3663928624140972,32.07
-1.0584151831100057,-0.8047455768739408,-0.663551052441984,2.604486175749837,0.2155368821114419,0.16102648539780526,11.65
-1.7006982583988715,-1.4224722520812627,0.6399404334456079,1.4916389786281448,-0.05635018650697773,0.5248364388760819,19.2
-1.0898608129820233,-0.6218462280862691,0.47667824135892584,-0.178585774551766,2.741391908695422,-0.0793893301641532,48.85
-1.5713239658829707,-1.2224450397728435,0.584403832734126,1.0036921847348244,0.8974178778641492,0.3406361423920109,39.6
-1.863157017469862,-1.4265392314647312,1.712642159701217,0.33265851311307787,0.7767785323423143,0.612440393495968,43.94
-1.9754173285929024,-1.5939256217879192,1.7765089631397428,0.7172226080113067,0.007189978862059856,0.7661733043263036,34.57
-1.364141711215281,-0.8225514447448511,1.4525817602695186,-0.7173671207735443,2.592123340328197,0.168337597920586,54.32
-1.9912843003901974,-1.6211982178490736,1.7861510059093846,0.7885913265522002,-0.14301116073378392,0.7940754284951675,24.4
-1.3836158623982082,-1.1283109711598098,-0.140354754677019,2.0807873026813004,0.06721007003136102,0.32488495317754496,15.62
-0.3423656013598899,0.10411275596789815,-0.9220707606033792,1.2980421358653194,2.917881161688124,-0.456282903446861,21.86
-0.7402505277811811,-0.4638270404295547,-1.0044605288876176,2.9765296176189455,0.50670273381045,0.00598170926692563,10.22
-1.0433595146139545,-0.7782429649092624,-0.6712243019901842,2.5320169265834407,0.3647860457440714,0.13374856717890118,14.6
-0.6546719697823087,-0.3243148868702055,-1.0223725875273757,2.580461489764826,1.2270784799705692,-0.12731675239469992,18.75
-1.2613150175564076,-0.9353901143903148,-0.18097940658293218,1.585487928033682,1.0121779558283632,0.14574295245152255,31.97
-1.367674053157747,-1.1004985054517518,-0.14871780950196772,2.0059393514956954,0.22217428736633169,0.29643828830744856,23.4
-0.9471968755386586,-0.6252438416326977,-0.6941957657346916,2.1191559653364687,1.1251544773245845,-0.008789032637703316,25.57
-0.8287487021414411,-0.3807484568353554,-0.177691171102517,0.3264751531917893,2.831433967150274,-0.24372897284773537,41.68
-1.684359501683597,-1.3941984519497967,0.630853843186552,1.4167432616324154,0.09982722925168665,0.4960126252797703,27.74
-0.7542477055400643,-0.4886714957837371,-0.9973718790227076,3.0454015627553384,0.3653283579831604,0.031737482559179346,8.2
-1.8874996586134152,0.9332023754418316,-1.2413912650821086,-0.6306889748862126,-1.5557270328907848,-0.9306712984968771,9.62
-1.9712303892488494,-0.09418423156008308,-0.782982531221167,-0.3969174116717701,-1.2605259955428594,-0.5903221023946301,15.69
-1.924783177825872,1.437731572884665,-0.7756000106627483,-1.0097811896027362,-0.7933868353313368,-1.0694512406313894,27.94
-1.983583521069125,1.6220140002158903,-0.5302702904612548,-1.0185852751321043,-0.7999495909405465,-1.0714636079136526,32.63
-2.0698121451548284,0.03510870154491811,-0.4925599059322572,-0.3933653691681356,-1.2506272271205714,-0.5768123376497563,17.24
-2.1598044064415363,0.17006034924391894,-0.1932911284785549,-0.3891686023782307,-1.2367717258873285,-0.5608968269741091,19.77
-1.7481527158872394,-0.07158038334392323,-1.0809488930976032,-0.7834028488883381,-0.4478877409110424,-0.7369777377124402,25.75
-1.5902792232716092,-1.8945614493349425,0.37375249218702483,-0.3283690581452516,0.2735126284862877,0.06462662439259002,33.08
-1.6664475029119796,-2.0626706380350446,0.22992830148095914,0.025339683432336318,-0.5367031024655089,0.17195503114369073,24.07
-2.1610055222455578,1.7764322328998479,-0.1359095688997886,-0.6865081804443103,-1.5615780252008238,-0.9474811443995513,21.82
-1.7795305309071692,1.0561351576657285,-1.2551826588424173,-0.9859127841293642,-0.7754139002698976,-1.0539777334108686,21.07
-1.4316044387095592,-1.9625458084524714,-0.845928502737329,-0.1006622061738816,-0.738102832894656,-0.04933846043694724,14.84
-1.947201001264155,0.18350732667411515,-0.5188124590799027,-0.7797869684997528,-0.4155039112548069,-0.7148013620980744,32.05
-1.7107142828182522,-0.38660946484060305,-1.3711303896218656,-0.40879241755722046,-1.276974635625772,-0.6435682251913687,11.96
-1.6974411039110577,-2.0691948402667157,0.4147520209281774,0.04372934450492189,-0.5021192907942417,0.20857564770959897,25.45
-1.2904801691876373,-2.0437483392321134,-0.29437437823662305,-0.3015641141885139,0.04284949985468738,-0.2924064583785123,22.49
-1.331445263301535,-1.7938298593187614,-0.8660933767297512,-0.4630433675518375,0.026230727003710746,-0.18631148607702344,25.22
-2.102631422552992,2.1226931750965528,0.18757968924926519,-1.0364896385099482,-0.81101069611347,-1.055482678796103,39.7
-1.864042885782569,-0.22177594559664998,-1.065062578159291,-0.4041475878096686,-1.2681111443952144,-0.6017145942518539,13.09
-2.210674277467156,0.647763534292544,0.5194412739900168,-0.7669707933552429,-0.3581718314219848,-0.6493313608756313,38.7
-1.6683472609290342,0.4798572928043965,-1.733088155347233,-0.6018289847823399,-1.5273361408247716,-0.928051884361495,7.51
-1.1527639045213356,-1.6807484622663589,-1.497760425427731,-0.5278469358682976,-0.10992833757866936,-0.31438717458682813,17.58
-1.5590861591909697,-2.024371995723798,-0.31667095165723613,-0.032238710235385604,-0.6380187500004855,0.06173762199851212,21.18
-1.5671557093756563,0.6069908317789611,-1.7397347215364816,-0.9491338215374472,-0.7662962489195845,-1.0488359626755663,18.2
-2.092715044396681,1.5097242950841132,-0.5047334419792779,-0.6689433669860662,-1.5692412651543957,-0.9499844353563791,17.2
-1.6020717666721356,-0.2384870420307496,-1.3822809352970176,-0.7765977473467434,-0.48144491604931533,-0.774413842800408,22.63
-2.2393699423152986,0.3063342390697453,0.1111363178804203,-0.38561884808402397,-1.219284478823775,-0.5426821917878815,21.86
-2.0342486648015057,1.3216383273588923,-0.7539651228331856,-0.6570088683053618,-1.569333004981625,-0.947026291784077,12.37
-1.8600185432128014,0.4788063213268579,-1.3225760806851532,-0.9106444422637053,-0.4527988813243679,-0.6302473993992911,25.73
-2.0536011661158593,1.8829112735813918,-0.16685726018057023,-1.0294237259085395,-0.8070101440713685,-1.0670155758333038,37.81
-2.206974306535213,2.0219572432091244,0.2231685219880021,-0.7024953786641019,-1.545699677908721,-0.9385089915520958,21.92
-2.113159949335768,0.4500507196888194,0.073574239261074,-0.7731601919145601,-0.3826204946241968,-0.6816279200432677,33.04
-1.378418153481552,-2.1970271867040685,-0.26638942767963897,0.02917890332982876,-0.65090231690821,-0.16932780130334382,14.54
-1.8516037244415418,0.05549873681980777,-0.803870399974694,-0.7805764243596639,-0.43110693660416355,-0.7271824634385775,26.91
-1.6353633256293312,-0.4553372361036618,-1.5828211994535553,-0.4168625946005217,-1.272014406953008,-0.6167978423959908,8.0
-1.454738602876265,-1.8512932327160065,-0.34548202920772575,-0.40165427550185123,0.13694488150864537,-0.07924000752187708,31.9
-1.2460849545507793,-1.841129646716681,-1.487082770832459,-0.1782358074847329,-0.8518152863151287,-0.18370393155967887,10.34
-1.1992487275528418,-1.710389001103247,-1.3459377493686635,-0.5096113490493486,-0.07457292955444807,-0.282686736204425,19.77
-1.559689422177496,-1.887975620022398,0.19197295273531095,-0.34675102243874145,0.24010917336778181,0.028499876272838683,37.44
-1.2944966591095166,-1.8732211250867228,-1.333131365650095,-0.15611402721812923,-0.8234941512406745,-0.15021550896545854,11.48
-2.33724202004945,0.5089847257779061,0.5651382484688364,-0.3825694113787177,-1.1872870375626485,-0.5108524485316615,24.44
-1.5282401796570089,-0.3063399803000118,-1.5904484787939996,-0.7838927142342906,-0.477965629678184,-0.747887281550915,17.6
-1.9908817838671635,0.32744625532710886,-1.3132436297047396,-0.5041981481788184,-1.338520756427643,-0.4830586285374203,10.73
-2.0349499403226683,0.3164445837066962,-0.22516764258080735,-0.7769434520887916,-0.39912652677898103,-0.699599878804474,31.38
-1.8184559871942645,-1.3116053355288793,0.03487923917106596,1.214910585746509,-0.24106729933275234,0.6411946710843794,13.22
-1.8018360417920238,-1.283134673360953,0.02623228132757037,1.1395046920176692,-0.0832002526526298,0.6119820622830845,20.97
-1.7682154379559347,-1.2297672394430499,0.012483506948439974,1.0045384308757437,0.19116168037019146,0.5597892907349001,27.04
-1.6852005409667272,-1.1114649210724863,-0.009532822206398865,0.7272984985658049,0.725204321407372,0.45291586687155583,32.04
-1.1811823451005117,-0.521123624653808,-0.02989728718070285,-0.4240171523256566,2.6058168794904644,0.012952188794896569,35.17
-1.107504630238589,-0.907419117393932,-1.3297264561489675,2.033061905899996,-0.10564420089325567,0.12015574063483624,6.47
-1.063532318253867,-0.8323443412497191,-1.345556484092829,1.8319759427780078,0.3012203512851645,0.04566543208172495,12.84
-0.9962229162196236,-0.7273058559416865,-1.348913691759363,1.5605869698231978,0.8043894084775101,-0.047981127256875734,18.42
-0.6208090146509111,-0.22462136734557822,-1.191941025691827,0.35345990715571846,2.6038806246072674,-0.3987726756813208,21.95
-1.195439099599242,-1.0765217805380063,-0.9007321109477943,1.6430328249717319,0.29067233509546525,0.06723963502728969,21.26
-1.1230935987586403,-0.9635708312274425,-0.9095203043511529,1.3633678702614305,0.8117181787958654,-0.030105785154067467,25.97
-1.241847130566722,-1.155651662856026,-0.882708659186185,1.8511717801774108,-0.13129076828864267,0.1446071866155695,11.36
-0.713453934691704,-0.40841412133880484,-0.802651553049892,0.14326836545292018,2.652691507942055,-0.39259468402483233,31.25
-1.3318250264809293,-0.9206400339877979,-1.0891625485052263,1.8751063575024447,-0.13193503348466995,0.32331459396941153,9.31
-0.8075284147788047,-0.23139847099947344,-0.9855096817973301,0.2092773890968236,2.5941682344125927,-0.22897306922603566,26.94
-1.556635714698287,-1.269040290611951,-0.41457903570293375,1.4989660322551208,-0.2008253871454469,0.397661562496885,12.54
-1.4268220518355743,-1.0674816494321,-0.45047837434461563,1.000794703251656,0.7738331547798545,0.21224375880531923,27.53
-0.955635706231442,-0.4777160945782395,-0.4038515079342773,-0.2011739943679951,2.6587182503812725,-0.19510898866474824,32.92
-1.0704195152202822,-0.8996742635624141,-1.3413040756248567,1.9649622468775274,0.04310614938103011,0.06455299921662004,9.99
-0.8259659635238893,-1.7677108228356178,-1.991725103311758,0.21447867339966387,-0.7806453873784418,-0.547018009692888,7.84
-0.7427608929674748,-1.6154270396593902,-1.9961440650705544,-0.12767937642101004,-0.06691843993319932,-0.6680021866295104,12.25
-0.9428031627309196,-1.8182757987331941,-1.7403882215707758,0.23349682323700793,-0.7411083434884446,-0.4602414127964397,11.17
-0.8557552912667264,-1.6613298707033926,-1.7477342981852275,-0.11643881916630884,-0.012699043292067924,-0.5848857506241883,17.34
-1.3920257190724175,-1.9743079989570165,-0.5542704327722636,0.28041424907859874,-0.5577967600852196,-0.08458610229995074,17.54
-1.2904407650647076,-1.802070650151487,-0.5791666577546454,-0.09412216095824272,0.21578500522002236,-0.22314237184075883,30.57
-1.1826613283758105,-1.900689690764099,-1.1787581250712296,0.26457301578707004,-0.6528781010083579,-0.26593627466132774,14.2
-1.0878551431834664,-1.7352960229674081,-1.193776466856588,-0.09932010649251825,0.10142501125640847,-0.3979897081397961,24.5
-1.303250528418392,-1.9298599767597473,-0.869315911416022,0.2756606123804123,-0.604344185806335,-0.15889961751383666,15.58
-1.2047105525238158,-1.7609592081774663,-0.8890904559367366,-0.09402386806171187,0.16045334539346642,-0.2945751514490606,26.85
-1.6020496117116658,-1.9885483291489419,0.11311424312781775,0.28768086060694287,-0.4541803015091549,0.1342104799176953,26.06
-1.4958254891926768,-1.8142587773609378,0.07699857369806679,-0.09026887278410464,0.32423071310176976,-0.009173131863599998,38.21
-1.5905105596241194,-1.804450475484648,0.4163531017113437,-0.09259571511859174,0.37625528163351657,0.10220287882951327,43.7
-1.698238613702866,-1.9784082292916858,0.45822222069779206,0.28501596439382676,-0.4006784527898849,0.24737064192011055,30.14
-1.0658497400262537,-1.8618525143609186,-1.4657227794222634,0.24955856134168872,-0.6977619970989934,-0.36255188604887006,12.73
-0.9746475901397212,-1.7001573944949462,-1.4766110064682876,-0.10833235259474103,0.04560917653805594,-0.4911833395729268,20.87
-1.5250693136945657,-1.9628737860101675,-0.22001630198532143,0.28959596131467297,-0.5032340083644994,0.05698393128668727,20.28
-1.4208104317961046,-1.790070390395379,-0.25047382739486745,-0.08646548555776411,0.2721810212704637,-0.08440546835977603,34.29
-2.690698163888855,2.079976716548616,0.15340308075725795,-1.0478854773414592,-1.5556695595147956,-0.11801180570628594,19.54
-1.865361652577915,1.1340336487534797,-0.1587012144351864,-1.571710326375119,1.8112240945840374,-0.26300903299171186,47.71
-1.282126898923417,2.0168158920885197,-0.9265703088744204,-0.7721008986110627,1.8076023988785708,-1.0437731944580417,43.38
-2.115988990966566,1.6459498452652777,-1.2222837349762519,-0.2189530824997608,-0.33756274433281247,-0.2786437126167973,29.89
-2.514610213833816,1.7164093763063872,-0.6307653619758407,-0.4145695611402167,-1.5250143630800956,-0.09521485693424385,6.9
-1.329874108422945,1.7311468650716915,-1.4074268053937877,-0.6392654744520406,1.8621570393492146,-0.6194354074309003,33.19
-2.006257188543907,0.6083088983004198,-1.2437639274372156,1.1295016703795748,-0.7541264605738076,0.17049829851899556,4.9
-0.8751170193578163,1.3513002894662947,-1.9458074095601117,2.5673863606229883,-0.2845459847933384,-0.6396514558442662,4.57
-0.4546442935794847,1.6856251484880407,-1.7466512549531445,0.9146275692012427,2.324510578114895,-1.0305259155243163,25.46
-1.825454891912348,1.5337571343911214,-1.6041471409168913,0.42609532135682227,-0.0738850764323924,-0.3001423777729383,24.29
-2.3798685582338055,1.851163525050794,-0.6618987684228947,-0.843591282123368,-0.593987528494437,-0.2590926391218802,33.95
-1.779868695339507,0.4032499431196252,-1.18873493879915,1.123825543250428,-0.8258135084718857,-0.30384577569793964,11.41
-1.5275350461313615,1.4856607892994094,-1.8458992640574912,1.0491620983946193,0.18006016058067095,-0.321574783739951,20.59
-2.8869810462357495,0.9005260062496712,0.8226544749764082,-0.8010937543874985,-1.2042970718288315,0.3642410085841635,25.89
-1.0857729533518805,1.6888021595056,-1.626203113858863,-0.07869336762513471,2.050876935301016,-0.6334458132034972,29.23
-0.7067453838217249,1.730161633361153,-1.6009918968689734,0.3902263179913196,2.1993314968916096,-1.0434905041606672,31.02
-2.233703060697554,1.5300670446078763,-1.2084103557604065,0.15900820257952503,-1.1318025243346264,-0.13907691553095783,10.39
-1.7896653108891394,1.8667358051122729,-1.0555293128229497,0.2993260551653568,-0.18103030616569438,-0.789561514365465,33.66
-1.4305328354038627,1.6508849253521622,-1.543014069842004,0.972562504621085,0.09589927552805225,-0.8014226626369978,27.87
-2.629711045473461,0.6935159428158005,-0.12869153432516928,-0.22311870579004764,-1.0545412490395691,0.28621332101815244,19.35
-1.4036147732087003,0.4936750388853531,-1.571438617190134,1.6756789276840045,-0.4010650779449883,-0.3839891333432259,11.39
-2.249568642272456,2.0736536172235636,-0.24867313415562947,0.055619716540740896,-1.4071099293881413,-0.6049638276356591,12.79
-2.1168938222942995,2.2037266017080217,-0.28660722146877093,-0.38757650840005875,-0.46505022716053696,-0.7621624694068485,39.32
-0.8634463162802398,0.7494508313369701,-1.6854007393727803,2.7993321874790733,-0.06305416291028164,-0.4281432186301883,4.78
-2.413958306444865,0.8685390561836124,0.38657464513462314,0.42328992850223446,-1.0362158668051415,-0.1656366303649091,16.11
-2.756671070527348,1.0280578360392703,0.7739480499822621,-1.1657172300729168,-0.4022031785802621,0.21488033256919079,43.38
-2.1526272556508093,0.4840120769959075,-0.5711428793633656,0.37147742424326813,-0.9117054517386749,-0.2509183793123317,20.42
-1.4198664794331382,0.4667881632333759,-1.564194544216408,1.7514663045655778,-0.559032656422217,-0.3556787850160685,6.94
-2.3133671039146257,0.6187134740831965,-0.8006608459661578,0.42149530930408974,-0.8373634921547267,0.20791075447885318,15.03
-2.1706080013833082,0.4556148057771754,-0.5626364866002168,0.4503394199005632,-1.078979568644491,-0.22091886379448797,13.57
-1.3382473995587638,1.0827332485600274,-1.0981737189271183,-0.4950734859534098,2.1767474742061546,-0.3801864391345658,32.53
-2.4985866940907098,1.7407115955168284,-0.638401134309883,-0.4840077891627111,-1.3758291681835932,-0.12203689609399856,15.75
-0.8612934232661572,1.374451649055448,-1.9521480514648129,2.5000719864754473,-0.14516052876812316,-0.6645052330162131,7.68
-2.26003816783403,1.0335564989491803,0.33332700645736013,-0.071411932852023,-0.009604276566501752,-0.34606387528508964,38.8
-2.184857393876489,0.757273817434905,-0.8211202750210536,0.016707223226124196,-0.0035958488416167893,0.054119548523819436,33.0
-0.7756977128072329,1.4848806934922305,-1.9565135331512793,2.118399692769777,0.5727626753478976,-0.785899994099495,17.28
-1.2944578026860696,0.6325179444007331,-1.5778599804035824,1.2541133318565691,0.41230659960290816,-0.5245946516335518,24.28
-1.8694253035252153,0.7714613736017474,-1.2635683564464921,0.6436413794567317,0.22181645842292916,-0.008682626160479563,24.05
-0.982822910198873,1.8321004201646303,-1.349877955711014,-0.1806128156247968,2.0248387538151698,-1.0526371076223564,36.59
-1.5828993139957706,2.308984892978036,-0.2719989903273052,-1.3387872743447196,1.521150112865866,-1.0174465648655988,50.73
-1.537538259299993,1.5343122748390055,-1.5349033551516045,1.3744732678373763,-0.6971170682513228,-0.6699267201185944,13.66
-2.903874871946057,0.874833931127036,0.8316836424516009,-0.7298202627975111,-1.3578599722015694,0.3922659840266937,14.14
-1.4295157163255068,0.9743205073603096,-0.5184517199696973,-1.1269385634480595,2.0219331849127182,-0.723732134787902,47.78
-1.646534398687441,1.3453858039446367,-1.8350556165963663,1.5077861134280268,-0.7317070582707352,-0.15979577694086539,2.33
-1.9052657549198464,1.7525891770312172,-1.0390830058940759,0.6955949289062853,-0.9909312436831177,-0.656067617429539,16.89
-2.395887675562158,0.8963419130256186,0.3772102217867752,0.34501187724173243,-0.8701561064204307,-0.1954808939704081,23.52
-2.33071513371585,0.5915209144596071,-0.7926413834854161,0.4973630144728987,-0.9981781917970496,0.23718841456016382,6.81
-1.5964159355805494,1.0734045072125624,-0.7176189690199483,-1.0408081027790703,2.0041687792238823,-0.3306640889916839,39.7
-0.7609276758168093,0.8959168273854886,-1.6994264272060648,2.3330048673735835,0.8141375737403503,-0.581492483254451,17.96
-2.020424412949964,0.6305071105428564,-0.5959498928404612,-0.0484280691176008,-0.044429516815044846,-0.40136242444346887,32.88
-1.0894809824790685,1.5334261122180328,-1.815999389306899,1.5879454592228983,0.3536857633211459,-0.7947343523918797,22.35
-1.9894772565153591,0.6350965828006265,-1.2512926083235913,1.054186939077673,-0.5958453780679366,0.14170312471727517,10.79
-1.6312883210681726,1.369819150133657,-1.8417334638830252,1.437335741982595,-0.5840919776362201,-0.18639623850318235,7.72
-2.5786309596175143,2.180285388368019,0.11866901427360121,-1.3786221061885273,-0.8169304768670732,-0.24736595416441262,41.68
-2.7057789163211092,2.057291539848902,0.16118248210481512,-0.9829445676126534,-1.6961087480355763,-0.09276926420849121,9.56
-1.5533213196692366,1.5091490599945339,-1.5278036373506119,1.4474919900885936,-0.850197378498974,-0.6427588983077019,6.88
-1.636089931507799,1.3118281847618902,0.2617496887149529,-1.1406748534468607,2.0417519975641496,-0.6760385520317189,50.53
-1.7626522139884082,0.4311406965983807,-1.196513324883136,1.0458928623824637,-0.6620527671369887,-0.3331863094291108,17.17
-1.641570037634271,0.5759117447040848,-1.2090543512933019,0.6209931887823809,0.1838689589892511,-0.4792871781983632,30.44
-2.647225203325969,0.6665475680041678,-0.12011357524697715,-0.14827075437071027,-1.2146114440538112,0.31538918229829055,9.73
-1.953386649863441,1.3914260369901097,-1.5897354485602448,0.885043419269322,-1.0114570236977494,-0.13429146724040403,3.32
-0.43144315211685963,1.173065378891677,-1.5101676111925104,1.0686692166036602,2.568827311988186,-0.8549797937249026,26.32
-1.1237173840273602,0.9239221933456769,-1.040183337618956,-0.5461213076124786,2.1880196176466713,-0.7861953224317699,43.25
-1.200769573294353,1.394168527577185,-1.804595328867834,2.054948317094258,-0.5536428963709993,-0.6412716993552355,6.28
-0.8489282097474623,0.9641750975718002,-1.366285831046809,0.025942750213896224,2.337888826367485,-0.8195407415715622,32.1
-2.4963000563157762,0.8299135498086386,-0.1617552270202074,-0.6134849541326549,-0.22142111117351904,0.1318414563463245,36.96
-2.12206961364269,1.296934981648658,0.6411470194494426,-2.0183749006710654,1.5974275449274065,-0.17941700331303312,54.6
-2.2334939476173346,2.098005810779837,-0.25670587885096896,-0.015181700759858823,-1.2558807935550143,-0.6317633249342601,21.48
-1.9216227614615182,1.7272403462059165,-1.031485743644614,0.7691755664525625,-1.1465868013466356,-0.6284839228465484,9.69
-0.8492153069141101,0.7736718935729286,-1.6920561888927832,2.7298898489836128,0.0801014266432742,-0.45383783673930067,8.37
-1.57733116747528,1.827863314308629,-1.0768437864597904,-1.1985808723670712,1.6410630900893082,-0.601785797571424,39.66
-1.18588867828155,1.4185258900049782,-1.8112883969385836,1.9842016830092002,-0.4064051233657545,-0.667464091055248,10.09
-2.2499070051235304,1.5050946064177395,-1.201090711362294,0.2304549282643884,-1.2840092021295684,-0.11169490037342877,4.83
-1.9374992942977254,1.4163828036070925,-1.5967201175445165,0.8133920701430052,-0.860138451610876,-0.16153566581279977,10.35
-1.8200299282175316,2.005430690111368,-0.5985006025093451,-1.7235237995681625,1.3892616142575676,-0.5806052603659888,43.57
-2.0372516002446788,2.2961747479150523,0.07549631167313411,-2.156291973765276,1.105255475180001,-0.5577984373204287,51.86
-1.3964941849153085,-1.5132271395636274,-0.6734461148938667,1.23351000395907,-0.3653990575065812,0.13254124291266786,11.85
-1.3813353463091775,-1.4864459161761616,-0.6810474301391318,1.1628208034273229,-0.21714261192629983,0.10555050777441402,17.24
-1.2808118948706293,-1.3235743417479515,-0.7038515711919748,0.7765618031410507,0.5456821222691709,-0.03517158345237418,27.83
-0.8688272878961479,-0.7427158121876121,-0.6348637368307022,-0.3209183819155064,2.375440433728229,-0.38672189764251774,35.76
-0.6670925992302081,-0.47820886429018394,-0.5637398274555626,-0.7466978377418874,2.973353502623364,-0.5070995605833117,38.7
-1.4390884274290392,-1.6476864780906009,-0.5099479433275386,1.046093815886959,-0.42357810182181427,0.12046207916428787,14.31
-1.4242354137453885,-1.6213834001355902,-0.5175354229451131,0.977012395141802,-0.2783012801990913,0.09403284831768856,17.44
-1.3256085414241296,-1.4602650355816853,-0.5428690974149968,0.6018422934372338,0.47046918115270925,-0.043692463460778486,31.74
-0.9178368814160216,-0.8744796043286271,-0.4989438374931938,-0.4534504607399584,2.284883062838575,-0.3889470067044381,37.91
-0.7157416816882515,-0.6027799842436907,-0.44272397840380623,-0.8615625795234291,2.8871951179164053,-0.5081122074835147,39.38
-1.466954533205484,-1.837477657552124,-0.43628678398157766,0.6867609657448468,-0.5626141732981093,0.0693481942021148,15.87
-1.4527151125212663,-1.812133593539822,-0.4436602641817208,0.6206700886505359,-0.4229219111789717,0.043990554252829606,9.01
-1.3584946456550473,-1.6556148274838267,-0.4697784498297998,0.2657846388628265,0.2995956460609063,-0.08772528119696225,33.61
-0.9659700246976141,-1.071355487049008,-0.4410939934193068,-0.7127677994172676,2.0857172612734085,-0.4176886639922156,40.66
-0.7677956993794075,-0.7924676131765347,-0.39398792129002247,-1.0881934900389754,2.6970735015499137,-0.5323689115688407,40.86
-1.2534199658488947,-1.8355964775899385,-1.4861974221603138,-0.1808889187869944,-0.8524315410002293,-0.1745797072819545,12.05
-1.1601134877175139,-1.675502889518329,-1.4969111261731747,-0.5300888414356456,-0.111317351600816,-0.30526545064644156,17.54
-1.4420171956806875,-1.952533888557982,-0.8378621222906817,-0.09092832328627164,-0.7323523190757076,-0.035549824831439744,18.91
-1.3415291181186761,-1.7837179887875438,-0.858150771290402,-0.4539258605050725,0.03284700100185234,-0.17291308701274824,25.18
-1.717667972695804,-1.804253454747026,-0.45915555461089025,-0.05421691213731651,-0.6196342536445283,0.29007066473194965,30.96
-1.8246631984753696,-1.426414723816838,1.6557977455302706,0.42070514553378907,0.7920085340510381,0.5727721933537429,43.89
-1.3345718616432052,-0.8263406450598731,1.4052989546546801,-0.6362013226286516,2.5983278166231196,0.13638643428731104,54.28
-1.5987061542393477,-1.8858725738473638,0.37767667731298665,-0.3250582435268788,0.27590907682342586,0.07621061785363605,36.94
-1.384207715944147,-1.9453739200670868,-1.0307839492180935,-0.16449683749723235,-0.7894437579677328,-0.08995632097171545,14.5
-1.265455045131194,-1.8004140686142696,-1.0499941762544494,-0.5272767839570295,-0.0372935928116831,-0.25252724469642907,22.44
-2.1494339304152703,-2.189348563820946,1.2493688471511795,-1.2884632088516352,-1.0990897195832654,0.7070574617591263,12.64
-2.1436994769461455,-2.1789606044226337,1.2458368334819754,-1.3164941410854574,-1.038962879418499,0.6961206613125942,26.06
-2.1312613278958183,-2.1571741532692927,1.2385538962655187,-1.372247192076301,-0.9185368782466165,0.6739918749951391,33.21
-2.1064487791105497,-2.115907020947037,1.2251384467581887,-1.4686096414012144,-0.7077150002100436,0.6345387771996517,36.94
-2.0458372327886134,-2.022299141093093,1.1960194001615532,-1.6552550150356877,-0.289223584707678,0.5535543244839515,44.09
-1.6295045406514146,-2.6789167814161874,1.615455361957173,-1.5273897646456314,-0.9448097894014613,0.033434046160089624,52.61
-1.6048123290087293,-2.634938005865912,1.6007166710418745,-1.626519584030738,-0.7269585419430848,-0.005936826848295071,59.76
-1.5461417144992666,-2.532735681179556,1.567017132177241,-1.8174737998322854,-0.294685214688436,-0.08380057889207412,67.31
-1.1881462323947674,-1.9343599383771792,1.3759176394729404,-2.4921984909429877,1.4040300277071183,-0.38638190416149604,69.66
-1.9325652513298706,-1.222167058260762,0.11163426518695431,1.0271262996248334,-0.11571257962465824,0.7656196993718738,18.13
-1.9001982111332258,-1.1714339066930035,0.09807316415871738,0.898280691850222,0.1476155936571194,0.7151331299295396,22.53
-1.819931459208587,-1.059622843571144,0.0753903017876461,0.6343949446543667,0.6614222504173253,0.6106994927601533,27.34
-1.612289039868975,-0.8100898660206663,0.047760401825824854,0.1095467826079851,1.5957382986630997,0.3994407724200038,29.98
-1.3223113325065208,-0.5017488226317001,0.0405563648861266,-0.46392351331397896,2.501442173729795,0.1639462177796594,31.35
-1.6934638770223964,-1.719133931437637,0.5925596239206437,1.0922781501506118,-0.3285067956194751,0.39670759101813746,6.27
-1.685671128906637,-1.7050358612394734,0.5878336785506321,1.0540562841736338,-0.24713409947726178,0.38190804672224743,14.7
-1.6686307751627505,-1.6753236342490414,0.5784394800778213,0.9765551851153649,-0.08466642337329719,0.3520671732726201,23.22
-1.634306052296512,-1.6187196000105326,0.5622507060941532,0.8381233306125747,0.19759969825393647,0.29929145794601375,27.92
-1.5501084603671293,-1.4902405437561665,0.531274372798153,0.5550333835858434,0.7462509506138559,0.19326060629996086,31.35
-1.4927626710683417,-1.8063732791477938,-0.3857509073377234,0.7350210220055089,-0.5338538597498732,0.10809721793787747,14.99
-1.461123470533268,-1.4131181917606597,-0.3134131283719953,1.5068912847996272,-0.20033780446735758,0.2532482447894507,13.52
-1.675565635053377,-2.0521140572140872,0.23088463218796096,0.029820109664992635,-0.5338785523822219,0.18470148781945245,24.0
-1.568558077443407,-1.877444885405049,0.19289226877250684,-0.3426076459280848,0.24342138416347045,0.040933534100063805,37.42
-1.3766782733775438,-2.2095392977519968,-0.2855206363183675,-0.01627980052954375,-0.6732095488998074,-0.17601349456333493,11.47
-1.2868897633999956,-1.7803058569765475,-1.0481563840339447,-0.5198833116070314,-0.036814294559312,-0.22408818896358323,22.44
-1.5460518011778783,-2.0392021416349886,-0.3155100345039249,-0.03798943482160457,-0.6402130592564993,0.04361602822287081,21.16
-1.4414487909386795,-1.8651387090625213,-0.3443829572716551,-0.4086052997862032,0.13745196246480457,-0.09754750868694545,31.84
-1.4578348209215302,-1.9021036841449412,-0.7752931826832269,0.06869128472822764,-0.6525483849796663,-0.001586941714486974,14.8
-1.3519769869581988,-1.7260379068975542,-0.7964704576571665,-0.31137795505588356,0.14098691507589273,-0.14481613936508808,25.18
-1.1398674545704663,-1.6915445985432944,-1.4982344746841052,-0.5307724179741566,-0.10739598479781853,-0.33122585865489856,17.54
-1.5927851503438066,-1.8088781106890068,-0.794099556567808,-0.05789058106482436,-0.7050717848181075,0.16472090972017175,14.2
-1.491505894411156,-1.644800773864471,-0.8151159623571553,-0.41696574378619733,0.05048248632616055,0.025869438424342306,21.65
-1.0620649921085439,-1.0348950472657739,-0.7357370882666207,-1.3398349586045932,1.9197525117322627,-0.3284783458053661,29.39
-1.4859298504136564,-0.7785726478286344,0.24410340619265777,2.455408025533982,0.308186448014834,0.6047868055436889,13.52
-1.4454243821709345,-1.3855850958839198,-0.3215001178292353,1.4338619514454087,-0.047864948284901114,0.22536349813812734,16.26
-1.3400718897311814,-1.2188588414647765,-0.35048773360927404,1.0311434418487517,0.7335984231928308,0.07853345127221117,31.45
-0.9053476305498351,-0.6343176057011536,-0.32515349394433857,-0.12975648145708632,2.5722459945485294,-0.29630928065825934,37.23
-1.4782724925167976,-1.7806476098146453,-0.3932588254463072,0.6678947209158963,-0.39209108295269113,0.08233231928752975,18.13
-1.3818970513857387,-1.6218208768403892,-0.420267815064499,0.30689545882533326,0.34046096907774037,-0.05187736000822611,32.72
-0.9792625918384357,-1.031864692351635,-0.39568648809898643,-0.6890252331015314,2.140253284378331,-0.38987571703420226,39.49
-1.6669756760638068,-0.9902695601385124,-0.5202196268998559,1.2593979280305436,0.19736369328404152,0.5504112599208365,18.13
-1.6548234170018912,-1.4963462921579223,1.0477005739197294,-2.331643835938519,1.365907692307409,0.1977177251771392,47.22
-1.6421278964516197,-2.701751059788392,1.6231922712070972,-1.4698900989872496,-1.0692414019831948,0.05596129603524405,41.64
-1.2812767876204394,-1.8845434637320357,-1.336908352008962,-0.15950465618720264,-0.8251104805916228,-0.16720470535476722,13.71
-1.1857426269391362,-1.7207348983549735,-1.3495837685942973,-0.5143935015592002,-0.07313616076044727,-0.2999367753444832,19.69
-1.4557474558558587,-1.832270383718849,-0.3056372396970734,-0.34354931336633443,0.1850233962353976,-0.0718774696134775,31.65
-1.855288609068031,-1.4375038320989724,0.822307293677512,1.2461903445435454,-0.11504111318531297,0.6705663541839753,19.11
-1.7174817096123243,-1.2297737331738774,0.7613955770051946,0.7467636548899945,0.8692688664474559,0.47739653351007194,39.58
-1.194998391411735,-0.6077868371800457,0.62443502611219,-0.42879616861991887,2.7536274697498806,0.02565948632257943,48.79
-1.6548611501205182,-2.0749373375492692,0.23373349170023144,0.02424034176070565,-0.5363093642956834,0.1562678442472858,24.0
-1.5476444566669096,-1.8990343021989486,0.19557353131784064,-0.34958522175614204,0.24406790304029038,0.012404026453519167,37.42
-1.3028101135410284,-1.8638318530374152,-1.33393318661521,-0.1533886930230204,-0.8217450014356552,-0.13877738950039062,11.47
-1.3034070272412237,-1.244087785234953,-0.5802488374064522,1.7069191626873017,0.025226247052475947,0.1489015811164954,14.99
-1.201756650380505,-1.081641003550236,-0.6047583179308004,1.303742498345931,0.7981105570986442,0.00479120229224833,27.92
-0.7912523954551611,-0.5221823148979207,-0.5455534595406174,0.11510529547341339,2.616206224644729,-0.3571090470077742,34.68
-1.9461843105355237,-2.408420322392182,1.4478607602256717,-1.3637157319231326,-1.0412000399603056,0.43542163493795133,33.8
-1.9337268881030596,-2.386312716587233,1.4404075115448973,-1.4199306516123784,-0.9197129669592035,0.41322932628831766,42.42
-1.9090702427621746,-2.3441479909959004,1.426434695951297,-1.5170194017568814,-0.70703633822613,0.37397339460055157,48.4
-1.8494880196647494,-2.2475211819766185,1.395245374478475,-1.7047732185851525,-0.28493394349111834,0.2945448810077096,55.94
-1.4728856146049252,-1.694189137264064,1.2262051848204545,-2.380314769735869,1.3813022520410354,-0.039142281696728023,58.78
-1.7658038228297244,-1.068698932920009,-0.2684805132598032,1.117853164495792,0.17892570184386514,0.6175900899056346,20.77
-1.687754808697095,-0.9587550069679739,-0.2861342452772955,0.8519794355619752,0.6905391933124414,0.5148806387852386,25.18
-1.5908184674447614,-0.8820661819378837,-0.5344651827599397,0.9931303061163412,0.7061034663956383,0.4491847727494665,21.75
-1.5779305790782676,-1.9074454482724565,0.38107404783200144,-0.3319580405698333,0.27667671815762634,0.047863277564999356,39.09
-1.9511170212117916,-1.6197165665326283,1.7277622081304105,0.8753888137487509,-0.12218169818204366,0.7525684416413242,24.39
-0.06925948894367949,-2.0424374300573014,1.3583420621939166,2.3241337044008414,0.4910820841029239,-1.1278982019328538,50.51
0.0023752848989738087,-1.8888866172397356,1.3081968795034462,1.958147643758321,1.178056094646842,-1.239519022452067,74.99
-0.5475322806668215,1.361980180435718,1.0471367598260652,-0.316764214960514,-0.2151498216652454,1.4190649973791871,37.17
2.029959116105378,2.640156661647146,0.9943434045475318,-0.052968614660567834,-0.7181937752090942,0.3112661006946789,33.76
-0.3386981398532759,2.170752669370511,0.20503825197052483,-0.8730103036142159,-0.6559907229874321,1.688314656794105,16.5
0.4419699984259838,1.9984337956944402,-0.4836517445716835,1.2174034632109823,0.13578381195129482,0.733772604233675,19.99
2.0320930431143585,1.9307929618444384,0.6293862231756888,-1.1469634407060874,-1.1849731072578047,-0.045480463684629824,36.35
1.911010204790229,1.346358250541837,2.3038379483137374,-1.075457836412622,-1.006166065648266,-0.07850462830382754,33.69
3.1599300828162415,0.5109844333972714,-0.23423690199965103,0.223670628629677,-0.3980976418656262,0.2695856495755805,15.42
-1.7958684622454868,1.2768646866720847,1.0006667593034733,0.4183394446420284,0.11088422823545618,0.45564794468575176,33.42
-0.8472705198377213,-1.279123286041806,0.8984677413961774,-0.22411077835651666,0.07384125997696725,0.04424000263768418,39.05
1.56707093265572,1.6404867493484456,0.25551387418160926,-0.8393929032153519,-0.958235461208866,0.03884188295192739,27.68
-1.5663528965424025,1.8233617934025563,-0.3932445567228173,-1.1751160038058077,-0.9597653721662093,-0.5441223461382347,26.86
0.18055490384339914,0.6112886643481787,0.9819792348341678,0.8539512626985909,-0.016295971860549072,-1.5313441883179828,45.3
0.37960897633620116,-0.13970007059156103,0.8618812466452571,-0.4064443148641673,-0.10560937235857555,1.4099256801164977,30.12
2.3762563912919115,0.1744857799040969,-0.5804488628577174,-0.5735684327777255,-0.5008877979717106,0.9280057303648998,15.57
1.5385909534041295,2.1467775510647997,-0.16888912269931,0.2372982835137308,-0.44618302120309583,0.1444875682038872,44.61
-0.6116551134385951,1.5643479743692432,1.3450507120926771,-0.5103968578975545,-0.1695533876500558,1.5679962921769268,53.52
-1.246169978872598,1.2021459552826974,1.037452650368788,1.0569574927625591,0.32703504516704507,-0.5113616247079741,57.21
-1.0824943326545677,1.5847942922619247,1.9015440573727278,1.1351293687180297,0.3279230377686243,-0.4565748945865405,65.91
1.123945115409255,1.5204778530867962,0.9830598824760838,1.2685985996970368,0.2904301084061971,0.0896378682354075,52.82
0.29549992853202217,1.4720415808657212,0.43935526043848017,1.573612073913241,0.484595540718578,0.606214563708397,33.4
1.602057902517953,0.05747406842243543,-0.4735714124277601,-0.9913682776053795,-0.6379285561753425,1.110915763243509,18.03
-0.430729761093266,1.6171081065974016,-0.09398958397684609,-1.3422085489874918,-1.2598033443495915,-1.3985389920975018,37.36
0.6157645956844677,2.872199371641653,0.5753884723258476,-0.03114298286201373,-0.41538238871852345,1.3453670430009714,32.84
0.6997636684298835,0.032531090973098725,0.3382720823232411,1.2720041941814422,0.6794010576882316,1.158345005691922,42.64
-0.034966910229993424,0.5217611897613843,0.9135818618586583,0.6414134479112775,0.5261352697061921,2.2617992214891065,40.06
0.15489730376819472,1.1925888509826712,1.1813187486375265,-0.332732957662193,-0.2712188231300498,0.8009883208471064,41.94
-0.22679988847149343,1.0276365756674863,1.3027832420165841,0.9767011313679353,0.0867868722315197,-1.2736283489278541,61.23
1.1919125426691426,0.712975381359894,1.636987298893447,1.199285496895664,0.5870233675160383,1.6703032573849403,40.87
0.7741299952949262,2.536416602576972,-0.34847129515727937,-0.22042323737044925,-0.42494894237535846,0.8426177579870722,33.3
-1.020097242561457,0.6134446997233431,1.2151866963900768,-0.3098377604669942,-0.3171602030321458,-0.6354079829846685,52.42
2.421228379546948,1.093267274840024,-0.11106618159940726,0.9253537680555232,0.13584086131155607,1.3734569233970653,15.09
1.5180930092344855,-0.3659382659415707,0.7622444924967429,0.4527368350184829,0.187164245378185,0.5904552753051021,38.46
1.418734790696003,0.24572522084871248,1.1305363700470108,0.797962791342546,0.3459488482922632,1.1710240450328548,37.26
-0.28714026419934907,0.5392720324632744,0.3719078385365075,1.3015052089551322,0.30287961593177903,-1.1169113051730755,42.13
0.3869199250642321,0.619456749234067,1.0110457929942338,0.5470144044273981,0.2566558559757162,1.7997234448736277,31.87
-0.046160937861212385,1.5587392768272221,0.5713547702094776,1.2968367193639376,0.4745663731685721,0.8964722086905906,41.54
-0.06474037034597901,1.3583117718987079,-0.015651563243355385,-1.7022839076011755,-1.4609248970825512,-1.804528869066186,39.45
0.21390001897699965,2.6509162779844893,0.31181940179826584,0.9631852938574356,-0.3928158271434667,-1.4530268867260558,37.91
0.669617438228502,1.254349511323888,0.8874139308342223,0.6758216998476763,0.07977527233126956,0.3305595851048736,44.28
0.9443686312746897,0.6608166636378944,1.1062951167074129,1.5362339987669176,0.6894410722272243,1.4334630898193783,31.18
0.27503957225575454,1.9188010514442637,-0.6489633672458678,0.44887566651385813,-0.09827230053944913,0.8253919972770816,23.69
0.10158785685042086,1.265922710976796,-0.48066647324011563,-0.14614789078827817,-0.745095016002244,-1.5736766885263211,32.76
-0.014621739142991058,1.459944507184005,0.7497137925545277,0.7785792967401383,0.16946995660728723,0.9509505697955934,32.4
0.6713647039486068,-0.7763845499277575,0.6777150221216358,-1.0265636305325696,-0.2900100667824056,1.0732778576673767,36.8
-0.9052291410912318,1.0861924637468579,-0.4938450213697776,-1.345445586744789,-1.0741671766607126,-0.7489062601654242,18.28
-1.1074626776169716,2.566064852647311,-0.7164101971299455,1.8381279293103578,0.35065340343897555,-0.5703495571103001,33.06
0.27000571152870073,1.0830670625843988,1.0645378447730285,1.2320198901362656,0.5400893574813846,1.9983238857529906,31.42
-1.3789593701888458,1.8047780029984628,-1.185299431211303,0.35121256668840856,-0.2678250348195088,-0.7255876157968709,31.03
-0.2559512977237587,0.9892867698579049,0.9568826102688369,1.5035549339527612,0.3578080556971262,-1.088232423315396,44.39
1.1472752075782233,-0.01864952200966103,-1.2372999922487546,0.18353124754599723,-0.0941444801239598,0.7556381517548231,12.18
0.5609468963473321,1.1593554536981194,-0.49626229600042865,-1.4781422872266168,-0.974419211528576,0.3732992107417717,25.56
0.05964315490069715,1.8724202702922959,-0.6268076122421425,0.03328208911779343,-0.28580506742747763,0.9983626293383911,36.44
0.668273556905952,2.419646304381065,-0.06840433821554584,1.5723358358283122,-0.15678392598945837,-1.6937997801475828,32.96
0.2926320635275475,0.6534456911750703,1.0217112438181484,0.3922974693719378,0.24897049356372106,2.060886000585569,23.84
1.1287119025237973,1.9479824296036108,-0.49730416934091304,0.9381434308687668,-0.022104995189960362,0.1953603424710153,26.23
2.761527774624895,0.01075126934570026,-0.5795259369895785,-0.10848096730586318,-0.5206615803560389,-0.08536660928605203,17.95
1.0872792740675663,0.8774494449100451,1.3351769653299956,1.3298638300030448,0.6007935900033845,1.7359383638864285,40.68
-0.10966882875091426,0.7583119850962736,-1.0930881483175428,0.23550409158994642,-0.43607856904039394,-1.3889662755098682,19.01
-0.4588106129452295,1.1748613837030517,0.4360040182524535,0.25367087596727056,0.10593825040389583,1.0422326942684026,33.72
0.9271399964642943,1.2869137443055052,0.014570358131684339,-0.22821470632959123,-0.17305830236472025,2.595953700734889,8.54
2.2966673801388002,-0.04512680531031724,-0.17074242713207308,-1.8500138705752724,-1.109783039898504,0.8616678946424027,13.46
0.5744393225950271,0.1893594138166746,0.5244073954223513,0.3600696895100792,0.09564834589477217,1.2016423782790884,32.24
0.5161289108604273,1.1981518416611912,-0.9314546525862685,0.013066712861557299,-0.3345113121052272,0.24682610853553583,23.52
0.32554869073965054,1.847143631274247,-0.1141046111401641,-1.6498066884891454,-1.0024184154575626,1.165047951668014,29.72
0.9399601790326595,0.5984293927842133,0.5078400261929911,0.07835881668086438,-0.25086504858602576,-0.22360733667344598,49.77
-0.32549487728245646,0.9212413620129773,1.2360334814215945,0.3846589262677631,-0.1913561169592795,-1.1275202381747724,52.44
-0.20787372501340487,-0.017263196774195588,0.2055121680641229,0.3806494302681857,-0.09730847471812352,-1.4710243315852138,40.93
-0.7769389043815101,-1.357036820672394,-0.05629197611353493,0.844940109168984,0.5644918760343441,-0.3246801543850674,44.86
1.7239947184523285,0.2432621593327551,-0.9113380153929559,0.0971746922706517,-0.23120320701640404,0.8002718135182911,13.2
-0.2222996089135777,1.243597788639405,-0.14284150570715412,-1.8909608911569813,-1.5100799682813137,-1.5504661516701301,37.43
0.8311553528419587,2.64715527451357,-0.1548320158971885,0.9994753020333575,0.03006714576401861,0.8553368013764588,29.87
-0.7875660891221051,1.7055203065342173,1.4632772766828752,1.6455285077808752,0.46307338532989045,-0.41513224201545534,56.61
0.8479803579227998,-0.014903499478303188,-0.7470802659485549,-1.3558133863367943,-0.6680835685201233,1.5021171195487564,12.46
-0.20232307468546346,2.02100471381406,-0.5038569524061134,1.5187141716281944,0.05533670175212154,-0.9409989082257678,23.79
1.889632751495363,0.4279485374045108,-0.9155163283807508,0.045536352117054396,-0.1992292913525742,1.1565941073906354,13.29
0.7371705695210833,1.0063529392423831,0.7982739308088596,0.09224873432171432,-0.21189198839897014,0.20094043886992374,39.42
0.39597801294344187,1.4123894946250306,1.5969192362754483,-0.24715783187394139,-0.18796749492529616,0.7589235559358424,46.23
-0.9253691950177474,0.9903699827331776,-1.4759061809601812,0.31777980069445505,-0.25793092305126075,-1.1933671907633585,23.74
0.7605778956601769,1.4366528543221422,-0.8448499785046159,-0.0751071185925953,-0.40035643326607395,0.21250791014417336,26.14
2.556227252854886,1.190767134580721,-0.18076491915946202,1.2690704884610706,0.17545019264361186,1.043423547739729,15.52
-0.34241046310773066,0.8825574060932084,0.8561821228655524,-0.9502788924558414,-0.44016062995409944,0.9761391388789892,43.57
1.9431565516333174,-0.43361154183376505,0.7349677398876429,0.1620063738460761,-0.09717324530546112,0.15283890860091393,35.86
-0.873320550499397,0.15159194644341834,0.9864869676356883,-0.9944169934446553,-0.6236900887528902,-0.9291338331033213,41.05
0.5526757829090309,2.496954889337613,0.2091173676472998,-0.4935422409850823,-0.5772080297083454,1.1494694953850337,28.99
-1.2425623725073498,0.8207475715815893,0.5646898934108767,0.5287027249375288,0.07693336023870673,-0.3237177492523646,46.24
-0.7214016922616319,0.692259726955049,-1.662315883024823,0.26081783169490586,-0.2753531579602472,-1.6069557488147674,26.92
1.426896841043758,1.3185886373715672,-0.6013609087936508,1.4703920972954916,0.5063744424064017,1.855342328627267,10.54
0.009076737325130145,-1.1561427524692929,0.07942881145609679,0.6597845034610165,0.23531988509594876,-0.6704227469404366,25.1
1.3908255287239821,1.8548346816561325,-0.41450848056381967,-0.24172473325425486,-0.6195314141215515,0.08513716104971365,29.07
1.4753395869647736,0.8796583417114971,-0.7535456340226022,1.3258011298004382,0.3821315645505026,1.283655714883713,9.74
-0.17271168404829448,0.8398097590455668,0.23344813006420984,0.23909660756008938,0.0338576680270494,0.6418756954255131,33.8
0.18365305334367735,3.0579065692535905,0.8433984271497221,-0.6342861756647131,-0.564442858890611,1.9729645390646389,39.84
-0.05604319208034068,2.7212861129792536,-0.4182506325697145,0.7148025840294129,-0.08748688334801832,0.6769904775885242,26.97
0.002616302386507276,1.8152081070487063,0.07095435992394801,-1.5301411358248116,-0.9145885259130949,1.2485493743951517,27.23
0.5449159140706588,3.045809287513379,0.7171505527357109,-0.330524610814686,-0.5098930444965641,1.4838577590676558,30.65
0.4680682924691486,3.052714041764353,0.5194918865953383,-0.08081529171978141,-0.40854674537472013,1.320157280772397,33.05
0.7346287256308895,1.9234924403659226,0.1694922193330297,-1.6139114670090202,-0.8889855184128367,1.7773025661890838,24.58
0.5804524872029341,1.4176266234915973,-0.36782998329512223,-1.5426239398940935,-0.7485396360011057,2.025982656006377,21.91
0.18992589796652318,2.8436353469018627,0.4093171307193596,-0.5818481886194539,-0.5175235940517288,1.58635180031766,30.88
1.4299750803286517,0.09509435615244403,-0.931324653902032,-1.3027432320011374,-0.5798686934946446,1.5665965964437683,15.34
-0.2673675282783773,2.7527608845080596,0.5454706742935109,-0.8849692218333954,-0.5020714249379167,2.561118122271701,24.34
0.7825492461948063,2.221716196836863,0.3846578220559844,-1.3421515116079514,-0.7865846157594494,1.5529633401939278,23.89
0.09564672124382781,1.5272848113529658,0.22512565227038675,-1.2403145520113465,-0.48992956321857023,2.607952715731777,22.93
-0.11997418963136276,2.6954103952697896,0.5283537644110474,-0.9755371812468485,-0.5558677150304384,2.4217737775853343,29.41
0.6549474533363939,-0.7681253076694738,0.6801485238032983,-1.0238134817166737,-0.2892358000299156,1.0875483040960956,36.8
-0.9000125448374426,1.0932941107341099,-0.4857893881466385,-1.3478774116440952,-1.079657530917237,-0.7435572049532887,18.29
-1.0731248892014105,2.5822409905333568,-0.6841672097559321,1.8271881393682652,0.3304394454306027,-0.5698548026972582,32.72
0.20635515262186196,1.0702656593966442,1.0283676470205088,1.2477059817146567,0.5639226579034683,2.0274853900292333,31.42
-1.3588144629012817,1.8027622298340429,-1.1794841283696575,0.3484767763147472,-0.2744398004706259,-0.7416011714336307,28.94
-0.27041872849828896,0.9916916045285619,0.9550426190574905,1.5020701839749568,0.3564697562614223,-1.071410328776543,40.93
1.1241109986826308,-0.0158470334851348,-1.2487218598536156,0.18581818420555693,-0.08964720976952349,0.7699862055619447,12.18
0.544901171883432,1.1654170457227395,-0.4935396596409635,-1.4750420941192965,-0.9727451646863247,0.38916903695593974,25.56
0.10593003080745843,1.88077648087496,-0.5931777357441512,0.033295763177247695,-0.3017268619923257,0.9896759393935984,36.44
0.6317321588225158,2.415630986692074,-0.09365471318273191,1.5864283203491354,-0.13943494225169806,-1.695552961876432,32.96
0.29184450195420203,0.6444382837891363,1.0182899328254003,0.38831147449306375,0.25330642146562293,2.058959335757377,23.84
1.112353127334448,1.949597487807063,-0.4978308466539635,0.9380744252089485,-0.022664414605940722,0.20895122495221216,26.23
2.7638091314658175,0.015827819730670482,-0.5701968915426823,-0.10586361033147763,-0.5224907028218774,-0.0893811482170802,17.96
1.0671774688455582,0.8676646151995486,1.323210750151623,1.3394382673230363,0.6116175038174995,1.7423870129762797,38.63
-0.11022904494091906,0.7605611737095126,-1.0956591173277628,0.240618194022713,-0.4332567473444804,-1.3843051845471561,19.01
-0.4687288908994251,1.1746021789837704,0.43436052638814726,0.24991085127525606,0.10548092833117374,1.0583395294212625,33.72
0.9335113833249401,1.2853317141792964,0.01913140491261584,-0.2281183972957084,-0.17184600643963338,2.593066133755536,8.54
2.2776183826710543,-0.0648609714456596,-0.20314411919298006,-1.8600576351638387,-1.1023342690814857,0.8722741812605632,13.46
0.5351643216297292,0.16655034856997172,0.489311160843956,0.36774157792254897,0.11543031463894808,1.2111692548222275,32.25
0.5303495377310742,1.1930779431201655,-0.9259473753556754,0.012859075637773987,-0.3384953157691262,0.23601630985280259,23.52
0.3760355939482675,1.8532715072318533,-0.08546819618575725,-1.6485954024499838,-1.0189819852695765,1.131135929394218,29.73
1.0069755035580275,0.6101603082991025,0.5449740547053116,0.06911746683661354,-0.26968654008777604,-0.24281512220072227,49.77
-0.36581039192818376,0.9012545082738666,1.2080404031499348,0.40108495167005853,-0.1668973899763613,-1.1316060197691669,52.45
-0.18785870104815772,-0.008540719753272301,0.2187032356846116,0.3777645059927609,-0.10780762003411493,-1.4642175510942756,40.93
-0.7245686904820301,-1.3399093978813628,-0.01636990678306698,0.8393588982517958,0.5457004890663576,-0.34108764943871833,44.87
1.7354779577704058,0.24202157107423997,-0.9043873392120394,0.0876363276189213,-0.23830352026928664,0.7885341565407495,13.2
-0.22942428047165728,1.2358812315286958,-0.15123626620879743,-1.8979433215930857,-1.5095366772785739,-1.5544145320574974,37.43
0.892840547628065,2.6549938537905673,-0.11827860384264073,0.9909294914715322,0.007617426753817416,0.8185714777088199,29.87
-0.7700421872670229,1.706698701637416,1.4653032822291665,1.6465661842872756,0.46003364486596143,-0.42045453223662804,56.62
0.847365590254925,-0.008661020939342904,-0.7400518345314356,-1.3579224757540866,-0.6731214331163785,1.501859894696596,12.46
-0.19964800357198817,2.027557405456761,-0.4956877063784991,1.5102419369583395,0.04759234266955578,-0.9352812394796995,23.79
1.8825494911441392,0.43103453956769366,-0.9177759887062791,0.04634145494440034,-0.19887909019219896,1.159782821216325,13.29
0.7914752754964192,1.0242255934427578,0.8370322282858429,0.07929208436641208,-0.23387132046933914,0.18763253674346944,39.42
0.4005875060971609,1.412459781415367,1.5948928976838446,-0.24753696050440993,-0.18969182722351316,0.7547820859434693,46.23
1.0935494147897618,-0.6664409849073744,0.3971410113357057,0.08052363076257105,-0.36798580448377777,-2.9953985987016525,44.52
-0.8708663161357783,1.0051822627021647,-1.442247365449276,0.3131005297632124,-0.27487047485368715,-1.2071772470365114,23.74
0.8189021563574951,1.4512539373303754,-0.8001263424080041,-0.08296208739156175,-0.42642323089817114,0.19228311838115095,26.15
2.545496749653076,1.1937232086577048,-0.18149679754034304,1.2719823486789568,0.17610466180965914,1.0510732181383533,15.53
-0.33272002316246213,0.8729141857531317,0.8578010322949895,-0.9624196193478223,-0.4437374645224834,0.9668551307346495,43.58
1.9405197359663944,-0.4503599550018087,0.7206237504207542,0.16033411797991184,-0.0899093611554224,0.15362402297240452,35.87
-0.8876605642127179,0.15863096545180783,0.9884531594029854,-0.9915383070514525,-0.6222419870691838,-0.9103444399062754,41.05
0.5810512467269319,2.5013289428150722,0.231311125103908,-0.4987708133484887,-0.5848273737669826,1.1408968266833341,28.99
-1.3106473453907033,0.7964825223960476,0.5217800798399794,0.5379868911886541,0.1036416559870366,-0.3079148487838739,46.25
-0.6985920364362381,0.7037995557918846,-1.64682301259151,0.26449463569040604,-0.2837065347547358,-1.6078530972040783,26.92
1.4155690145603452,1.3101751183416759,-0.6125247066763118,1.4737022873502044,0.5156675832791011,1.8598839481963003,10.54
0.007709718044142524,-1.151513536599139,0.07721068641198275,0.6643465320693808,0.23703216414118333,-0.6673124920193689,25.1
1.4459531937090535,1.8572964037576796,-0.37467955712587014,-0.2402026642933473,-0.6319821570980015,0.057966770012445046,29.07
1.4743736708760453,0.8855328920885243,-0.7464894116658114,1.3208119647625802,0.37636574723252647,1.2852066671888926,9.74
-0.09123272457411122,0.851044755689805,0.2802029535997455,0.23325616219307568,0.009100398826013073,0.6059010881052164,33.8
-0.5436066679706469,1.361891587971998,1.0500020034975863,-0.3217583330532379,-0.21625151757957783,1.4122567852900696,37.17
2.0224326061366162,2.6391032529591474,0.9809799708358355,-0.0486328499320083,-0.712411089059209,0.31247501541540657,33.76
-0.3267047542765979,2.174023464708401,0.20898854946573184,-0.8757761430793974,-0.6616413766145662,1.6855309546055501,16.5
0.42813032360046854,1.9918759767961955,-0.5077869558225773,1.2259006371871406,0.14668667047816597,0.7427412651932299,19.99
2.0654824760386505,1.9313414946588088,0.6527953726643256,-1.153271300439362,-1.1948276609229866,-0.06905376961971098,36.35
1.9257200996002677,1.3457571621282578,2.3063620502189663,-1.0742963118131803,-1.0079882556830053,-0.08412029101416478,38.22
3.1453501922227223,0.5143314400702982,-0.24611137536880304,0.2331863018101465,-0.3921305751273145,0.28041326364496394,15.42
-1.7581635533158868,1.2759698960382417,1.0095830150614125,0.4153999109291302,0.10066448364271269,0.43141726126136504,33.42
-0.8895589452890257,-1.2939849543278186,0.8735299672636273,-0.21688308367101186,0.08823565288915429,0.05862975365811418,39.06
1.5639014662581543,1.6408189422988273,0.2522137128280059,-0.8440389790770566,-0.9599626484075142,0.04259620816345593,27.68
-1.5273905191319366,1.8335409638591857,-0.3706663279594504,-1.1758255781810445,-0.9701708198960675,-0.5511219195327927,26.86
0.18375164668479152,0.6060076809091453,0.9805536309973344,0.8515700129571543,-0.01706696296313957,-1.5346783902559538,45.3
0.3529907286635804,-0.15240543700917702,0.8429802923906667,-0.404744865968656,-0.09691416711552327,1.4154784437743109,30.12
2.3561615401426046,0.15321626136593056,-0.6155569573403383,-0.5733798698417336,-0.4871836833048059,0.9340043109354151,15.57
1.5454157365541172,2.1425061202674858,-0.17737189488629596,0.24402250649578358,-0.43881491077605644,0.1335398270107144,44.61
-0.6195066230033167,1.5653160446601528,1.3370208166285675,-0.5080284832346412,-0.17118983504259505,1.5696308950710371,53.52
-1.3133499676387514,1.1923191276117076,1.0048555039535756,1.0643827083743738,0.34633264994695806,-0.48165958210576193,57.22
-1.1433910704480792,1.5734914178468833,1.8712558335773974,1.1414461665498759,0.3463917961186968,-0.4347402917527768,65.91
1.1708307729013887,1.5373742662571426,1.015722094312727,1.2496151650622822,0.261441648106109,0.08686182964081694,52.83
0.33404042106735277,1.4740309201226256,0.4605343491719641,1.565580765357084,0.4675272491095403,0.5794036447395695,33.4
1.588977004114662,0.040948911897251,-0.5020943400077174,-0.9984419432319466,-0.6301883109097951,1.118606734168276,18.03
-0.47670429757385874,1.6184613094198879,-0.12038330698440193,-1.3444625091797764,-1.2518961030270401,-1.384757315758176,37.36
0.6434805775696342,2.8747969241306617,0.5993407794341108,-0.03573399753790655,-0.42643391208556286,1.3392873639820957,35.31
0.6996121501212942,0.04213721812977613,0.34472661532265414,1.2715881103432365,0.673239001489347,1.1621364482884544,42.64
-0.05762370917945143,0.5125009991182319,0.8973747718189783,0.6430495444284761,0.5412671914304427,2.2792396593469477,40.06
0.19158356839571913,1.1862232169264983,1.1995969816208663,-0.34037682177170586,-0.28121318814168617,0.7809202182299954,43.8
-0.240160059787875,1.0326980965078656,1.2951147866140431,0.9815416417323212,0.09214860175472865,-1.2724970671239801,61.24
1.181271631786295,0.7128121249863366,1.6309774955943679,1.202370282053706,0.5867765194810154,1.6709183893504302,40.87
0.8319338654731551,2.5473262239858685,-0.3066738519804195,-0.22746232172584294,-0.44456363729774395,0.8241949426627183,33.31
-0.9405215610721305,0.6244520127155825,1.2543492835937406,-0.30959245462283297,-0.33798714202980795,-0.6574373251490806,52.43
2.3864105185570073,1.0824839557185866,-0.14000701115133518,0.9330104900552859,0.15129973688572146,1.3954304557856512,15.09
1.528579810776721,-0.3648130557080566,0.7684350606737329,0.4483334997734709,0.18123988786371958,0.5790566991573093,38.46
1.4498304095574381,0.2703495196019738,1.1650899474584877,0.7837229607471828,0.3189817265230043,1.1568504724054434,37.27
-0.2968439563457584,0.5425188455951392,0.37141644082769315,1.307179879876089,0.3040901996055602,-1.1037437728512942,42.14
0.406494073617578,0.6212124164307906,1.0218903012285179,0.5490245660868179,0.2543847990890092,1.7885587686071083,31.88
-0.0647987261467003,1.5643790810512834,0.5562081382188785,1.3023902787501302,0.4793927488268457,0.9181742809870228,41.54
-0.05084368270407022,1.3651069503522784,-0.004223741043298114,-1.6958413826828151,-1.4646912209450822,-1.794235422183847,39.46
0.17602282405355793,2.6515399499164958,0.290431865551326,0.9730402925003139,-0.37922858418259536,-1.4415718644519204,37.92
0.6728114433271891,1.2435354055983843,0.8817125690431027,0.6780997266101807,0.08477636090821052,0.32413061105848273,44.28
0.9826719729064871,0.6731170351678756,1.132819581620733,1.5294550271237743,0.6703518263397757,1.4080549320081912,31.18
0.2914126875569712,1.9220534559270115,-0.6461188269533464,0.44332562750298543,-0.10617166208071344,0.8060046333291395,23.7
0.14993193392197512,1.271034112120784,-0.4495630627085348,-0.15006189362627137,-0.7553107595617695,-1.58901463242542,32.77
-0.05152067109546469,1.4450016971588189,0.7133407849867957,0.7864744302770075,0.18663440861061711,0.9566667304044936,32.4
