cement,blast_furnace_slag,fly_ash,water,superplasticizer,coarse_aggregate,fine_aggregate,age,compressive_strength
2.54610804253036,-0.828630532569293,-0.9397411317949329,-1.0648635670095972,-0.6943385820607976,0.9489054236871463,-1.3848960090726101,-0.14223780803547584,61.89
-0.20340696829899496,0.34669251887009556,-0.9397411317949329,1.919358240766291,-1.1787359198695098,-0.7309629846332067,-1.5194875865934887,2.0996393715903254,47.03
1.0772857060443737,0.24181661436669688,-0.9397411317949329,2.3561923413343626,-1.1787359198695098,-0.5829950841594796,-2.457401348855233,-0.1090658193575473,36.45
0.033160160287213275,0.5318028018555876,-0.9397411317949329,2.6597654756751954,-1.1787359198695098,-0.48016639182472964,-1.3717686409507277,-0.04433434917204355,45.85
1.7818386788179112,-0.828630532569293,-0.9397411317949329,2.0171472855000068,-1.1787359198695098,-0.697839106209424,-2.457401348855233,-0.18136103405412685,39.29
-0.7902754538458909,0.5833472219587923,-0.9397411317949329,0.3426309768162678,-1.1787359198695098,-0.09276728585794372,0.49780477651068056,2.2132980907023954,38.07
-0.6333149886256595,0.8255149564326651,-0.9397411317949329,0.8784869353931252,-1.1787359198695098,0.2897988746466508,1.0046509856581913,0.010106296851579448,28.02
-0.9184218930487111,1.0841885512028466,-0.9397411317949329,1.8088368959066496,-1.1787359198695098,-0.7683996484265028,-1.541537744619963,2.0219566308526034,42.33
0.428309662836238,0.07506466565203303,-0.9397411317949329,2.640204222849219,-1.1787359198695098,-0.48679233404748984,-1.3756713143805197,-0.04850543188937696,47.81
0.7494605595536328,-0.828630532569293,-0.9397411317949329,1.7509106027633332,-1.1787359198695098,-0.7880209004475696,-1.5530946426953538,1.9812416611074903,52.91
-1.3793699174537994,1.2155648873885256,-0.9397411317949329,0.07827777402913412,-1.1787359198695098,0.5080787967945001,0.030414948500151005,1.9241048453042386,39.36
0.7324126028020086,0.10915255647698352,-0.9397411317949329,1.7194340152831893,-1.1787359198695098,-0.7986828990357242,-2.457401348855233,1.9591175403086205,40.56
-1.3344762046855032,1.4970072701390034,-0.9397411317949329,0.47203867688016254,-1.1787359198695098,0.8979063856755818,0.3729345235550732,-0.1247845847763685,28.24
-1.3288475627956584,1.5322936897163526,-0.9397411317949329,0.5214072627177682,-1.1787359198695098,0.9467818241566426,0.4158786221685324,-1.1234298906694822,8.06
1.4672399280792374,-0.3074540749745626,-0.9397411317949329,2.2213462024239625,-1.1787359198695098,-0.628671234523229,-2.457401348855233,-0.13781931508259634,37.43
1.8271075836168529,-0.828630532569293,-0.9397411317949329,2.079442008521743,-1.1787359198695098,-0.6767381450799429,-2.457401348855233,-0.9742868269827701,38.6
-0.3869928866321373,1.7727508383533834,-0.9397411317949329,2.212704837301671,-1.1787359198695098,-0.6315983060423929,-2.457401348855233,-0.1396619296143144,30.08
0.3296652789946336,0.5876430590678188,-0.9397411317949329,1.7501492749058745,-1.1787359198695098,-0.7882787834390618,-2.457401348855233,1.9807065424420192,37.72
1.3960097466846166,-0.828630532569293,-0.9397411317949329,1.4862065311838581,-1.1787359198695098,-0.8776835565166063,-2.457401348855233,1.795187665919122,42.23
0.45974856300745665,-0.4427220284809323,-0.9397411317949329,1.8489713064960291,-1.1787359198695098,-0.7548050035397179,-1.5335305121987586,2.050166123022967,50.46
1.0909297084001925,-0.36927048395079787,-0.9397411317949329,1.6279358435319569,-1.1787359198695098,-0.8296758832226453,-2.457401348855233,1.8948057210563918,41.54
1.5120807561018872,-0.3000880805929982,-0.9397411317949329,2.2920565112554097,-1.1787359198695098,-0.6047196796285176,-2.457401348855233,-0.9642121180592284,35.08
0.8171813656268214,-0.828630532569293,-0.9397411317949329,0.5864279430135766,-1.1787359198695098,1.011153006880978,0.4724379596330955,-1.1218314553522166,15.05
-0.3684243492912704,1.8093876065792662,-0.9397411317949329,2.2830442120457537,-1.1787359198695098,-0.6077723968746294,-2.457401348855233,-0.9646391646157979,26.26
1.1188121256419545,0.257790789452118,-0.9397411317949329,2.4328648715527357,-1.1787359198695098,-0.5570239584949138,-2.457401348855233,-0.9575399333034512,32.82
-0.5429259607236168,1.4650861155286263,-0.9397411317949329,1.6220156121801137,-1.1787359198695098,-0.8316812307958127,-2.457401348855233,1.8906445357414952,33.12
0.13965563075724027,-0.04718705886397494,-0.9397411317949329,1.906727455498293,-1.1787359198695098,-0.7352413840873923,-1.5220075596494764,2.0907615026272417,49.19
-1.3291014252938675,1.530702204807192,-0.9397411317949329,0.5191806452176583,-1.1787359198695098,0.944577448544073,0.41394176131102856,-0.9611893670865519,14.59
-0.6135435958259623,0.8560194111370881,-0.9397411317949329,0.9459855798843738,-1.1787359198695098,0.33798849883383364,1.0684954414963697,-0.9297123011107382,14.64
-0.6126040101834394,0.8574690585121434,-0.9397411317949329,0.949193282947898,-1.1787359198695098,0.3402785893430639,1.0715294884483453,-1.1129134168359656,9.13
0.6223971499112713,0.7913609099668778,-0.9397411317949329,2.402016554251251,-1.1787359198695098,-0.5674731444405905,-2.457401348855233,-0.09929463628285075,33.02
0.5589934527236626,-0.828630532569293,-0.9397411317949329,0.8085934845681936,-1.1787359198695098,0.13297708759204543,1.306740776748075,-1.1163698507321982,9.87
0.6577719837903797,0.8159789507398122,-0.9397411317949329,2.480790678318649,-1.1787359198695098,-0.5407901502907471,-2.457401348855233,-0.9552689755518188,30.28
-0.8015755890051994,1.3681772458895867,-0.9397411317949329,2.4903785610821423,-1.1787359198695098,-0.5375424668322961,-1.4055630925033853,-0.08045303943626261,40.86
1.7572918507917585,-0.828630532569293,-0.9397411317949329,-1.9199454476027382,-1.1787359198695098,1.5044688819221834,0.05217301401725818,-0.2150929942817802,71.99
1.2441630926347478,1.4809429155405527,-0.9397411317949329,-0.4159629891426225,1.0075404536178343,-0.5228511351755294,-0.08004046664545496,-1.116715034012655,34.4
0.3860188746607007,2.0928219642387833,-0.9397411317949329,-0.3499141749790076,0.5204372215792872,0.9069990702268688,-2.220000068172106,-1.1243851367594824,28.8
1.2657490676102363,0.2720898147531268,-0.9397411317949329,-1.5532601807661932,1.8509716784057133,-1.6994858871713756,1.1755239015721222,-1.1300548904456729,33.4
1.3179208611972002,0.29141758046366034,-0.9397411317949329,-1.6318826233322872,2.2965408721654628,-0.6462378797890838,0.1874347151965127,-1.128745371710913,36.3
2.1150400778550464,0.5411195324851946,-0.9397411317949329,0.02709314621750325,0.6409143971951502,-1.628691925082022,0.13035316404426725,-1.1215920918780051,37.8
1.0507772615466728,0.22253840836001415,-0.9397411317949329,-1.2817223769349506,1.1440634650748636,-1.6711218598214146,1.840888274164507,-1.1266642192225031,28.1
0.3789553047248962,1.4712011690723328,-0.9397411317949329,-1.3899375874451625,1.565656435706678,-1.6712962994233438,1.2528817571193342,-1.1266850719501906,25.2
1.3939096688539843,0.27342849571244277,-0.9397411317949329,-1.7225469038910355,1.1737810819900618,-0.3228559103517854,1.1379372375559453,-1.1208179433698522,41.1
1.0884508857444433,1.452304155252235,-0.9397411317949329,-0.7269905464504486,1.3037230355148566,-0.27863548568421304,-0.120036672261417,-1.117713329018093,35.3
0.5135130977885856,2.357606471164586,-0.9397411317949329,0.10073674676186445,0.8790914459700164,-0.4410302138812042,-1.5686485119548932,-1.123487215516877,28.3
0.7622564909309524,0.684919141288386,-0.9397411317949329,-1.5760110984602926,1.6436412710535715,1.6103837351598604,-2.32559555951278,-1.1325367499361032,28.6
0.23446446403687987,1.5517771571008947,-0.9397411317949329,-1.8481718318084654,1.1744837625526523,0.5209407227738332,0.5167752467343901,-1.1192957773471488,24.4
1.729528111463285,1.2022385512697005,-0.9397411317949329,0.26801730528872214,1.0796839309882045,-1.1883505072216394,-0.8930680153580436,-1.1219957451691454,39.3
0.8395233883507276,1.0520619121226336,-0.9397411317949329,-1.9436408011030233,2.703229820205826,-0.6374273038171862,-0.5301808496316562,-1.1329652465304916,40.6
0.8870633621601244,1.5095028124416943,-0.9397411317949329,-0.11529041784142655,0.9052948095239477,-0.22736051268960739,-0.06142292870397657,-1.1155336760298122,24.1
1.2418327497321984,1.4791182334822457,-0.9397411317949329,-0.4178320581173935,1.0058131826031507,-0.5242736212463663,-0.08191870427043238,-0.9410889604394436,46.2
0.38464197344386286,2.090898646146347,-0.9397411317949329,-0.35151513673566354,0.5193185826663826,0.9048723928977731,-2.220156359667109,-0.964049381680469,42.8
1.2640594165375822,0.2714638600404455,-0.9397411317949329,-1.553958777305897,1.8492487523656884,-1.6998406639550183,1.1734579393258024,-0.9810273836987021,49.2
1.3161406851260786,0.2907580895077132,-0.9397411317949329,-1.6325596536422766,2.294494608628128,-0.6472253727104456,0.18587742007328614,-0.9771056440617648,46.8
2.112346943655693,0.540153969193311,-0.9397411317949329,0.025113160435872018,0.6396316905211031,-1.6291816022437426,0.12852900587862276,-0.955687366474287,55.6
1.0490642317036534,0.22188509262874817,-0.9397411317949329,-1.2826546449882272,1.142619813802769,-1.671527227790405,1.8382168289582084,-0.9708735132294714,34.9
0.3776605135473347,1.4697725562919561,-0.9397411317949329,-1.3908021360743745,1.563951670096766,-1.6717013424315073,1.250576998097086,-0.9709359548738649,33.4
1.3916839917524262,0.2726370964319288,-0.9397411317949329,-1.723307505464285,1.172091716706633,-0.3242924838128796,1.1353553900346507,-0.9533698747137618,54.1
1.0862933492215427,1.450542744301861,-0.9397411317949329,-0.7285772734896926,1.3018060010591073,-0.28021447902690066,-0.12184166025969313,-0.944076832798528,55.9
0.5120194200052306,2.355461676224588,-0.9397411317949329,0.09879644039416313,0.8777062327179984,-0.4422972846285706,-1.569246770209147,-0.961360994326968,49.8
0.7609449398520656,0.6841147096267288,-0.9397411317949329,-1.5766519161486874,1.6421412148527523,1.608293008191701,-2.3256656125490087,-0.9884606842251676,47.1
0.23302039381358253,1.5500051801951735,-0.9397411317949329,-1.8488667646860053,1.1727320244157626,0.5188234318425508,0.5145612679005157,-0.9488133866097122,38.0
1.7271301906615155,1.200820821876167,-0.9397411317949329,0.26588831505919197,1.0781073506803056,-1.1891428382819487,-0.8941600608108164,-0.9568957796631052,56.1
0.8381867889771365,1.0510741860098418,-0.9397411317949329,-1.9440809535953916,2.7011910397868064,-0.6383127377110575,-0.5311930119432365,-0.9897441375704569,59.09
1.0862933492215427,1.450542744301861,-0.9397411317949329,-0.7285772734896926,1.3018060010591073,-0.28021447902690066,-0.12184166025969313,-0.944076832798528,22.9
0.8849597996439893,1.5076056503872692,-0.9397411317949329,-0.11745395853446808,0.9036038264033752,-0.22906119829809682,-0.06336702626865628,-0.937553392920015,35.1
1.1926834050067816,1.4406337995391088,-0.9397411317949329,-0.45725265808836935,0.9693832484325043,-0.5542753253673263,-0.12153268056777707,-0.03846444348186574,61.09
0.35547499154695583,2.0501568824685323,-0.9397411317949329,-0.3854284066224191,0.49562238680071874,0.8598228581891374,-2.223467091874793,-0.13711721391094275,59.8
1.228160745971067,0.258164698820836,-0.9397411317949329,-1.5688013015664495,1.8126431150703006,-1.7073783237042741,1.129564084976918,-0.21057464527006067,60.29
1.2783439976985835,0.2767557815744967,-0.9397411317949329,-1.6469343570329853,2.25104835374943,-0.6681918163623097,0.15281293956499306,-0.19356996321549289,61.8
2.0553860252980147,0.5197319004188138,-0.9397411317949329,-0.016764369649313982,0.612501906140219,-1.6395384796830756,0.08994729525695026,-0.10109424056833594,68.3
1.0127326718070329,0.20802895362532506,-0.9397411317949329,-1.3024270691262814,1.1120014898572372,-1.6801246557368996,1.7815582880001015,-0.16659248933022341,50.7
0.35019905288717507,1.4394728490134459,-0.9397411317949329,-1.4091385045802372,1.5277949874264716,-1.6802919729726433,1.2016949464447042,-0.16686250703069228,55.5
1.3446305176523698,0.25590596974585356,-0.9397411317949329,-1.7393875318087597,1.1363765154522807,-0.3546633638013132,1.0807720475594573,-0.09112951633764653,68.5
1.040761915489751,1.413370921201695,-0.9397411317949329,-0.7620626658670409,1.2613499872873568,-0.3135366638346329,-0.1599331087973553,-0.051255536774348485,71.3
0.4803942633132703,2.310050626528701,-0.9397411317949329,0.05771496111344471,0.8483775604735344,-0.4691245638261386,-1.5819134987659198,-0.12552430996589903,74.7
0.7330449543539064,0.6670024277981433,-0.9397411317949329,-1.5902837178382925,1.6102312519675908,1.5638179945751907,-2.327155816572586,-0.2428642378261427,52.2
0.20251753684295798,1.5125760044954932,-0.9397411317949329,-1.8635457171536998,1.13573034888953,0.4741002449779594,0.4677957584286383,-0.0715618761607703,67.7
1.6764016991176311,1.1708284745482993,-0.9397411317949329,0.22084910326536142,1.0447544806612132,-1.2059047594693364,-0.9172624995884647,-0.10629343645709802,66.0
0.8097480031956353,1.0300583663951612,-0.9397411317949329,-1.9534460653027437,2.657811968437819,-0.6571520887754181,-0.5527287598448725,-0.24844710304292833,74.5
0.8406246965198237,1.467620684558565,-0.9397411317949329,-0.1630531736771601,0.8679643289048374,-0.2649051873670372,-0.10434121427229683,-0.02334725234197359,49.9
1.045858047329922,1.3256680597055426,-0.9397411317949329,-0.5750150356523118,0.8605549793145334,-0.6439003440341013,-0.23987273721256905,1.0505455397153816,63.4
0.2669090165765255,1.9264439102146838,-0.9397411317949329,-0.4884065557697042,0.42366853510119257,0.7230292750362056,-2.2335201795365873,0.8764855830470726,64.9
1.117913324823526,0.21732201008753915,-0.9397411317949329,-1.6143837701432124,1.700224547819982,-1.7305270235232093,0.9947628745191667,0.7442012449326392,64.3
1.1625637907934807,0.23386339549524843,-0.9397411317949329,-1.6909674786119169,2.117962183466467,-0.7324169998187611,0.05152860342300689,0.7750213871262137,64.9
1.883426040692509,0.45807947743603505,-0.9397411317949329,-0.14318893646450742,0.5305994818289961,-1.6708049784752033,-0.026527483518496042,0.9405305591182881,72.3
0.9018995683882857,0.16575939813360543,-0.9397411317949329,-1.3627448516703808,1.0185971913900118,-1.7063519805046892,1.6087156699723157,0.8236739021803849,55.2
0.2664215788629649,1.347036653762213,-0.9397411317949329,-1.465077795472615,1.4174907475792893,-1.7064996585694883,1.0525690545907882,0.8231884276264078,66.1
1.2028128172903565,0.20547887681666546,-0.9397411317949329,-1.7878522286573892,1.028732015088966,-0.44620024689673476,0.9162595592478945,0.9581486762066087,73.7
0.6469547745941782,0.6141995538031277,-0.9397411317949329,-1.6323469747523331,1.511767600755618,1.4265827290832296,-2.3317540961049152,0.6853573673563093,54.9
0.11088172771571293,1.4001323470535327,-0.9397411317949329,-1.9076438056643252,1.024570975222485,0.33974412813839405,0.3273041545165742,0.9926201586181315,72.99
1.5231266655225413,1.0802072495844617,-0.9397411317949329,0.0847641046640572,0.9439795094944363,-1.2565505396793102,-0.987066015758647,0.9313211632458116,71.7
0.7085269628869438,1.3484843119517997,-0.9397411317949329,-0.29891736596104923,0.7617754060058309,-0.3717033988679341,-0.22642500321871703,1.0768419135084841,59.89
0.7872147904212335,1.1231477740140685,-0.9397411317949329,-0.7824617965959034,0.6688462825759491,-0.8017811562810866,-0.4483371207336426,2.1387435546280886,64.9
0.10573594231175744,1.701310047337413,-0.9397411317949329,-0.6758070206288692,0.29272633650318935,0.474091211137375,-2.251814869397401,1.9225520304348434,66.6
0.9125793828718838,0.14125319877005302,-0.9397411317949329,-1.699280340596573,1.490846883274235,-1.7736410822050541,0.7436979186677223,1.752442143644448,65.2
0.9480607553162798,0.1543977661031724,-0.9397411317949329,-1.7725465195611096,1.8713968311594908,-0.8514053586561272,-0.13611830211894238,1.792518559348018,66.7
1.5741325210435944,0.34718917384027204,-0.9397411317949329,-0.37058078771446773,0.3832867849762313,-1.7270420471205676,-0.23602328197667433,2.0031149497398015,74.19
0.6982966910751343,0.08810928408467998,-0.9397411317949329,-1.47354996043584,0.8470114166103188,-1.7545321597312244,1.2911999344448513,1.8552358433270428,57.6
0.11250732677773354,1.177214777137161,-0.9397411317949329,-1.5678483101027219,1.2148420669446487,-1.7546478794905156,0.7785980333995118,1.8546133455279041,68.1
0.9485679562578287,0.1150752868463834,-0.9397411317949329,-1.8747377167439228,0.8357514423824188,-0.6103037548688606,0.6213284284925666,2.0250700647020534,75.5
0.48502176493326654,0.5148789538389659,-0.9397411317949329,-1.711466681636916,1.3265604676371012,1.1684473687581585,-2.340403320046721,1.6751840570489134,56.5
-0.05233924740152411,1.199848597848675,-0.9397411317949329,-1.986190970534292,0.8265747820731187,0.10043008036185534,0.07706162591654178,2.0677682307629777,76.8
1.2469710118206052,0.9169349733880048,-0.9397411317949329,-0.16042026011023378,0.7624132270633844,-1.3477990503668196,-1.1128310225345965,1.991602916351859,73.3
0.47701379940709265,1.1396870998485236,-0.9397411317949329,-0.5370315871080553,0.5756697644420619,-0.5588768735263112,-0.44038782764644147,2.170643191152183,67.8
-0.46508285022918516,-0.828630532569293,0.6665021608808687,0.47398258619575023,-0.25334990281547476,-0.05227302877034254,1.378038496998413,-1.1211102940944622,11.58
-0.4696234855623624,-0.828630532569293,0.6606221351014336,0.46206433705628275,-0.2567374927658998,-0.060586828446449345,1.3639979806756817,-0.6637268691237744,24.45
-0.48467027459717904,-0.828630532569293,0.6411368646645033,0.42256955993651957,-0.26796331196967305,-0.08813715579602951,1.317470419762703,-0.09489159178453252,24.89
-0.5410752151004542,-0.828630532569293,0.5680936713863777,0.2745180023267406,-0.3100448260272047,-0.19141331467637931,1.1430555131014513,0.9515021744977759,29.45
-0.6707734285759958,-0.828630532569293,0.4001372549768708,-0.06591356896699287,-0.4068075766818359,-0.42888778378994497,0.7420037329625443,2.244103807471349,40.71
-0.342348049046621,-0.828630532569293,0.637744048484458,0.9400284273001348,-0.22909909073582438,-0.31931915305656716,1.1407533152073779,-1.1207847815684169,10.38
-0.347376738790662,-0.828630532569293,0.6319244477969888,0.9262982936313172,-0.23260245622715262,-0.3267123465599262,1.1274791344934327,-0.6616342787365868,22.14
-0.3640377837717674,-0.828630532569293,0.6126429582318602,0.880807641732611,-0.24420979989066638,-0.351207460751342,1.0834991450290916,-0.09070285656096407,22.84
-0.4264530020239702,-0.828630532569293,0.5404110915752453,0.7103916222144671,-0.28769296009509143,-0.4429704864261215,0.9187423339011315,0.9589020749660102,27.66
-0.5697399711032862,-0.828630532569293,0.3745879873068818,0.319166603651713,-0.38751749658083084,-0.6536313827696605,0.5405091920044336,2.2534398468205645,34.56
-0.784872219408952,-0.828630532569293,0.6694490244563013,-0.8430299767472079,0.30798048940502176,0.3838421399908617,1.7161534292241416,-1.1241209004253614,12.45
-0.7880048406211608,-0.828630532569293,0.6639731077858076,-0.8496271449488839,0.30292133891356693,0.3746298335616657,1.7019512306239815,-0.6830892452783647,24.99
-0.7984030702072707,-0.828630532569293,0.6457966878240553,-0.8715253780681202,0.28612830689430857,0.3440510719498088,1.6548093287890409,-0.13370452780011038,25.72
-0.837615969938513,-0.828630532569293,0.5772513525310906,-0.9541060916871978,0.22279988398332176,0.22873510368218733,1.4770318855728508,0.8825766196434268,33.96
-0.9291283963394195,-0.828630532569293,0.417284862062006,-1.1468274035257913,0.0750082725379211,-0.04038154240283145,1.062146852852328,2.156171514531038,37.34
-0.8343786142470863,-0.828630532569293,1.0458421066677646,-1.039760180566231,0.3502755040099812,1.4433904219047584,0.32141147251003227,-1.1250151486429305,15.04
-0.8372776158590517,-0.828630532569293,1.0392338790728999,-1.0455575998900182,0.3451867949151327,1.4308543213874216,0.3121632943367882,-0.6888433700668246,21.06
-0.8469050439764093,-0.828630532569293,1.017288311367759,-1.0648105170238242,0.32828746625709054,1.3892226071777811,0.28145059303578435,-0.14525793251716929,26.4
-0.883274503403329,-0.828630532569293,0.9343847129691553,-1.1375421105514216,0.26444700539062765,1.2319508080676134,0.16542746305322084,0.8619360224781857,35.34
-0.968522124094654,-0.828630532569293,0.7400641313165437,-1.308020181851184,0.11480916423329124,0.8633160555240481,-0.10652312219119472,2.12949715098217,40.57
-0.5813371573316115,-0.828630532569293,1.0620423031041228,-0.02350829002657704,-0.017062806587290997,1.153752286488221,0.09182485038406188,-1.1218572253731944,12.47
-0.5853793392858128,-0.828630532569293,1.054844089442131,-0.033426539829656696,-0.02124006728843102,1.1412489770935381,0.08265808711938463,-0.6685292676378057,20.92
-0.5987799657935174,-0.828630532569293,1.0309805984118083,-0.06630748450931175,-0.03508850635315676,1.0997980525169542,0.05226846780330814,-0.10450898882708365,24.9
-0.6490893885713289,-0.828630532569293,0.9413908722517118,-0.18975106726057245,-0.08707913345700677,0.9441805455402824,-0.06182203426017233,0.9344832842390445,34.2
-0.7651995850128748,-0.828630532569293,0.7346248207004112,-0.47464916092382525,-0.20706941744034063,0.5850275617224254,-0.3251339522921138,2.222555204720044,39.61
-0.39309206160777893,-0.828630532569293,1.0158958711481123,0.7824305753484289,-0.23730837917930725,0.7846206933239027,-0.1834416155375361,-1.1215096145893675,10.03
-0.3978506569327293,-0.828630532569293,1.0088047293925106,0.7695069663093529,-0.24072199639641623,0.7733511922443159,-0.19168699583624144,-0.6662941857012256,20.08
-0.4136232642840139,-0.828630532569293,0.9853007777122796,0.7266710038003972,-0.25203660508582104,0.7359978550859273,-0.21901673014493875,-0.10003219284342249,24.48
-0.47279650416776126,-0.828630532569293,0.897122270505794,0.5659656347551709,-0.2944850119508004,0.595861355716862,-0.3215482195930611,0.9424103477937578,31.54
-0.6091293293564469,-0.828630532569293,0.693962446369091,0.19570676388770614,-0.3922844774529574,0.27299235431400626,-0.5577767521988237,2.2326054437024134,35.34
-0.8526559768319679,-0.828630532569293,1.0098707372714786,-1.0784313011904216,0.7298186936699476,1.3567050465889359,0.25720945444595694,-1.1263326342292024,9.45
-0.8554014451571913,-0.828630532569293,1.0035941628659288,-1.083914859495916,0.7236742988655233,1.3448574921627447,0.24847004484378413,-0.6973231994045327,22.72
-0.8645254196886252,-0.828630532569293,0.9827353153990849,-1.1021382882134536,0.703254721924281,1.3054846886773674,0.21942649336755043,-0.16229966220736405,28.47
-0.8990806584546719,-0.828630532569293,0.9037365794734092,-1.17115589981474,0.6259196357427773,1.156368026784187,0.10942981895580299,0.8313880623078633,38.56
-0.9805952070697629,-0.828630532569293,0.7173814411471304,-1.3339659296993691,0.44348898651836594,0.8046072570928707,-0.1500483262985395,2.0897300126952527,40.39
-1.0878949720734679,-0.828630532569293,1.5969252539219252,-0.36564443997648316,-0.3133391915513805,0.9704735749608543,-0.04153457920956332,-1.1265247084109342,10.76
-1.0898734173546027,-0.828630532569293,1.5887985428960008,-0.3733848104805976,-0.31611166063656293,0.9599211649217453,-0.04927428484235373,-0.6985596915090861,25.48
-1.0964490243446092,-0.828630532569293,1.561788416137694,-0.3991108868484495,-0.3253263037050052,0.9248489282133473,-0.07499815142832982,-0.16478614526456067,21.54
-1.1213619838688513,-0.828630532569293,1.4594553241969774,-0.49657910540894373,-0.3602377620910272,0.7919709726316201,-0.17245799780257326,0.8269208146125337,28.63
-1.1801853252169627,-0.828630532569293,1.2178311047790096,-0.726716608157152,-0.44266910195665155,0.4782256172788276,-0.4025757325272686,2.0838856515717543,33.54
-0.49976670993051153,0.3633320996944101,-0.5133509525739789,0.21129025792363917,0.30793814663328894,1.4701175831947184,0.32636307393914665,-1.1171224050947235,18.0
-0.5046093174777062,0.35854458354734847,-0.5150635480972899,0.19926884170788414,0.30196692244710555,1.4548811304809595,0.31518208825804905,-0.6381028466242697,30.39
-0.5206199555054764,0.34271608880857557,-0.5207257345834936,0.15952361318464345,0.28222485000040526,1.4045063423425828,0.27821549272266494,-0.043682252640992965,45.71
-0.5801494991450196,0.28386377657306644,-0.5417784482193306,0.011745909901736008,0.20882136906401624,1.2172066142733529,0.14076909250350786,1.0414456298733634,50.77
-0.7143348895365265,0.15120493173826552,-0.5892333155895702,-0.32135942895735736,0.04336277248572567,0.7950147815360725,-0.16904848283338295,2.3562094961297295,53.9
-0.4969062530243723,0.3650913292806827,-0.5127216390382374,0.21570766988132667,0.2669767419320208,1.4785857831472362,0.3319282286997048,-1.1169932484241971,13.18
-0.5017746020593985,0.3602826694684874,-0.5144417980966137,0.20363316208507573,0.2611529896837266,1.4632704811944046,0.32069199564473727,-0.6372734181911117,17.84
-0.5178691219671971,0.34438547916426115,-0.5201285584357828,0.16371543952544454,0.24189995424524435,1.4126388542505748,0.2835455677097761,-0.04202767942626213,40.23
-0.5776944283257075,0.28529367116761223,-0.5412669447577855,0.015336364228713841,0.17033405790059247,1.2244348810536685,0.14546773475394023,1.044332525209872,47.13
-0.712458948557037,0.15218145429824748,-0.5888839928691311,-0.3189073883214586,0.009122285276880703,0.8004802087362565,-0.16557108887304145,2.359758298386405,49.97
-0.40435633798175596,-0.828630532569293,1.002022203744221,0.7445597507108951,0.0618710619333481,0.7476037080879574,-0.21139201359607712,-1.12202947788391,13.36
-0.4090155779229142,-0.828630532569293,0.9950686906913819,0.7319320411032654,0.05742841092458645,0.736606534022094,-0.21943504074757414,-0.6696368987855151,22.32
-0.4244633581497202,-0.828630532569293,0.9720142133944296,0.6900646796344128,0.04269873456653904,0.7001452377096388,-0.24610181845459958,-0.10672803168437762,24.54
-0.4824782908232366,-0.828630532569293,0.885431938881948,0.5328296516128167,-0.012619322116579611,0.5632129652601896,-0.34625027283305754,0.9305508342150792,31.35
-0.6164860822540559,-0.828630532569293,0.6854368884736389,0.1696349038172082,-0.1403976416066171,0.24691523705597138,-0.5775816312954235,2.2175608683940786,40.86
-0.2521442231970336,-0.828630532569293,0.6803886563731549,0.4513477970990091,0.31331549814059223,-0.21310798890454988,1.1828397002603575,-1.1180605415050018,19.93
-0.25785765673621575,-0.828630532569293,0.674019362361086,0.4386374874069501,0.30744972477364724,-0.22140408050067242,1.1685286458707977,-0.6441283255680414,25.69
-0.2767578046696231,-0.828630532569293,0.6529496153807612,0.3965915387121965,0.2880456337627323,-0.24884771091319335,1.1211874029577948,-0.055707854987321385,30.23
-0.34716794226078196,-0.828630532569293,0.574456907856851,0.23995461485428415,0.21575811925630087,-0.3510855240855978,0.9448235226862979,1.0204271047463727,39.59
-0.5066283113312334,-0.828630532569293,0.39669165218046737,-0.11478665597628414,0.05204598721484095,-0.5826271738987426,0.5454059046994093,2.330279267954407,44.3
-0.16285923215516895,-0.828630532569293,0.6685413636643875,0.4112368874926956,-0.03443920053956637,-0.16672869516548036,1.2952333408308434,-1.1201304031543697,13.82
-0.16863875884895035,-0.828630532569293,0.6625156968356564,0.39927400977851263,-0.038726476440012605,-0.17480879003127,1.2811735432307152,-0.6574280842950591,24.92
-0.18778036339250498,-0.828630532569293,0.6425588841660493,0.35965334764813617,-0.05292579486235945,-0.20156980157946042,1.2346079505994618,-0.08228689917948576,29.22
-0.2593932223977637,-0.828630532569293,0.5678961562504767,0.2114239301830786,-0.10604849864806079,-0.30168850074483045,1.0603960546212299,0.9737469260312955,38.33
-0.42326189444866347,-0.828630532569293,0.3970485983513555,-0.12776316744548755,-0.2276069316730144,-0.5307858794500705,0.6617543519163277,2.272107738919555,42.35
-0.6105952152091958,-0.828630532569293,0.6642015183973732,-1.1656005632290183,0.5419434098220888,0.3961119856260985,1.6759803550615986,-1.1243035157149672,13.54
-0.6143040877990482,-0.828630532569293,0.65876806473318,-1.171075262240157,0.5361145035281553,0.3868996456550542,1.6619782721554777,-0.6842641952607421,26.31
-0.6266163132700657,-0.828630532569293,0.6407308027407063,-1.1892494450890152,0.5167644701145788,0.3563177358991095,1.615496006284247,-0.13606295083039338,31.64
-0.6730636950310318,-0.828630532569293,0.5726859480018864,-1.2578108283224194,0.4437672373102038,0.24094869552883305,1.4401435037559336,0.8783677798473499,42.55
-0.7815562264453078,-0.828630532569293,0.4137456964647095,-1.4179575953142993,0.27325914249570743,-0.02853213981775724,1.0305523455926782,2.15074511871193,42.92
-0.6266165015332447,-0.828630532569293,0.6393015290542956,-1.1857176022240887,0.8462362363404872,0.3021102190697867,1.6144414401183076,-1.125550558347169,13.33
-0.6301590659977073,-0.828630532569293,0.6341164072082829,-1.1909584108367883,0.8395868103147931,0.293488966437985,1.6010706797695773,-0.6922891320797394,25.37
-0.6419271143716739,-0.828630532569293,0.6168919458552424,-1.2083678581147816,0.8174980754690457,0.2648500188527018,1.5566543378345143,-0.15218058649676525,37.4
-0.6864292749451374,-0.828630532569293,0.5517557634938467,-1.2742035849609104,0.7339671114780497,0.15654870978307533,1.3886890883669196,0.8495415470085244,44.4
-0.7910112340436783,-0.828630532569293,0.3986829806946982,-1.428920326879059,0.5376658140354893,-0.0979639459955297,0.9939636497941491,2.113403716716726,47.74
-0.6127488118480634,-0.828630532569293,1.0591272225987367,-1.176638002476868,0.36790599540633384,1.4261770236026883,0.2932203901499777,-1.1240971118211043,19.52
-0.6164693385981855,-0.828630532569293,1.0523212695266029,-1.1821031468757317,0.36263982954222135,1.4134102509606075,0.2838547896422148,-0.6829361929768358,31.35
-0.6288188656059536,-0.828630532569293,1.0297303013860937,-1.200243575069913,0.34515986986605185,1.3710335623532095,0.2527675957628022,-0.13339733938867995,38.5
-0.6753881595941774,-0.828630532569293,0.944541173401498,-1.2686499952603958,0.2792440351502929,1.2112337199168166,0.13553973188359014,0.8831246547947875,45.08
-0.7840558067434894,-0.828630532569293,0.7457556366671741,-1.4282737321778312,0.12543198315191506,0.8383469654647346,-0.13800695644101943,2.1568776059923356,47.82
-0.3721058180249002,-0.828630532569293,1.0742722134617115,-0.33652281504768655,0.1950818758945082,1.1586355153396857,0.09632629248186535,-1.12135151070413,15.44
-0.37695881829941175,-0.828630532569293,1.066941743524489,-0.34542267426477075,0.1900815465397955,1.1459620231265897,0.0870314068512584,-0.6652776700228671,26.77
-0.3930429077286828,-0.828630532569293,1.042646683281423,-0.37491909368747783,0.17350917069646182,1.103958814676922,0.05622576842945279,-0.0979965871794607,33.73
-0.4533655682769729,-0.828630532569293,0.9515291426530036,-0.4855441000983378,0.11135521371480031,0.9464276534389542,-0.05930940548658682,0.946011944511404,42.7
-0.5922379677258666,-0.828630532569293,0.7417620106343324,-0.7402205341231106,-0.03173312262236896,0.5837657590489647,-0.3252898293709311,2.2371640110176743,45.84
-0.1546021080361026,-0.828630532569293,1.0402568274879584,0.45644968730581065,0.023067837804152887,0.8095589340138138,-0.16770382119868493,-1.1204741733900678,17.22
-0.16036565388309681,-0.828630532569293,1.032898374527107,0.4444153768886609,0.018601461272018078,0.7979158132771189,-0.17621323984371226,-0.6596376697982099,29.93
-0.17945806235739442,-0.828630532569293,1.0085226528104583,0.4045503395851843,0.003806075338546678,0.7593466367802458,-0.2044016677599052,-0.08670734798947433,29.65
-0.2509366870134343,-0.828630532569293,0.9172642311372587,0.2553026403150656,-0.05158525149188111,0.6149504128138525,-0.30993419192404237,0.9659535506340937,36.97
-0.4147778292625593,-0.828630532569293,0.7080844362162064,-0.08679842338249757,-0.17855157607161734,0.2839697541210132,-0.5518326529910954,2.2623174652684153,43.58
-0.16200386295427274,-0.828630532569293,1.030806834924525,0.44099478876216913,0.1410631142876843,0.7946064154664647,-0.178631925698703,-1.1208758370808012,13.12
-0.16768557976181955,-0.828630532569293,1.0235528550005142,0.42913133775830176,0.13620467092106914,0.7831286001530886,-0.18702053025246404,-0.6622196203085287,24.43
-0.186511201750596,-0.828630532569293,0.9995177457915844,0.3898233518719727,0.12010685728975828,0.7450983674495513,-0.21481506906732917,-0.09187441518122473,32.66
-0.25704827146034437,-0.828630532569293,0.909461429205474,0.24254162368966709,0.05979051804937274,0.6026042083249986,-0.3189574619775488,0.9568331401654125,36.64
-0.41905375002545153,-0.828630532569293,0.7026252687812011,-0.09572656573545879,-0.07874057551806517,0.27533183173355497,-0.5581457111032978,2.250831626352136,44.21
-0.9481151314707552,-0.828630532569293,1.6285486684171204,-0.7251845365172634,0.2682580262501674,0.8996719551086301,-0.09516960838487577,-1.1273030789191927,13.62
-0.9504934993062126,-0.828630532569293,1.6204830511413473,-0.7316430046448313,0.2637137963237788,0.8895501794843519,-0.10258810809380439,-0.7035711066219221,21.6
-0.958401538371284,-0.828630532569293,1.5936649889602874,-0.7531173188749098,0.248604296757394,0.8558954201778357,-0.12725451361267412,-0.17486764263498958,27.77
-0.9884071203151586,-0.828630532569293,1.4919088448987436,-0.834597606215059,0.19127411368172292,0.7281987017039326,-0.22084659705676485,0.8087819799776883,35.57
-1.0595212638252927,-0.828630532569293,1.2507436828510294,-1.0277083700053669,0.05539983287852059,0.42555358786103475,-0.44266268667318964,2.0600793753993654,45.37
-0.8829584813988275,-0.3055209146613563,1.0826333495514382,-0.5335595918424622,0.50409764003578,1.2025626733932258,0.1289975200787564,-1.121279957546265,7.32
-0.8859572328429373,-0.3074281490154898,1.075259862321032,-0.541756279913579,0.4979621038730611,1.1897073567475802,0.11956762506736078,-0.664817638814063,21.5
-0.8958954655538671,-0.31374895925899654,1.050823214818691,-0.5689211166891205,0.47762817912874844,1.147103249412154,0.08831578815804782,-0.09707545075403402,31.27
-0.933163004964376,-0.3374514677137608,0.9591878355371575,-0.6707869770044198,0.4013776662034898,0.9873414189786243,-0.02887597999080263,0.947641124629507,43.5
-1.0189284585976106,-0.3919991094959603,0.7483032427454455,-0.9052154329173907,0.22589895378392114,0.6196743801254,-0.2985746323931881,2.2392245007622753,48.67
-1.0503308690424396,-0.3634528690842436,1.0228281924749123,-1.234386462323686,0.9323368270250664,1.313110550374263,0.21059030552477714,-1.1252415414265173,7.4
-1.052498838713264,-0.3649922804134703,1.0163334665038943,-1.2395070453365717,0.9253506590327255,1.3010764236454166,0.20176112712385236,-0.69030032081434,23.51
-1.059699426029698,-0.3701052051195563,0.9947622046546284,-1.2565142966793954,0.9021471459425298,1.2611068698946337,0.17243633035026618,-0.14818462424443132,31.12
-1.0869129690356194,-0.3894287394731433,0.9132368462040428,-1.320790659910787,0.8144529380093283,1.1100479184335554,0.0616076460960562,0.8566984599754509,39.15
-1.1507700097797846,-0.4347717409437635,0.7219362083147052,-1.471616237633637,0.6086769900631445,0.7555855238779474,-0.19845374335636987,2.12270344435503,48.15
0.2405205555543189,-0.828630532569293,0.6623679374519398,-0.6336647956652587,0.7593383973599648,-0.12722582104621807,1.3142864381125676,-1.1208922782723258,22.5
0.23335986268700437,-0.828630532569293,0.6564725569758199,-0.641569123492082,0.7522067446464357,-0.13530703203779804,1.3004075237688884,-0.6623253124169386,34.67
0.20963362749311099,-0.828630532569293,0.6369388070544428,-0.6677593182880192,0.7285767310796312,-0.16208331139938187,1.2544211378065553,-0.09208596731867282,34.74
0.12073167129155533,-0.828630532569293,0.5637460495111242,-0.7658937054603202,0.6400353163127871,-0.262413751336047,1.082110628478746,0.9564594826927137,45.08
-0.08346986375768176,-0.828630532569293,0.39562743791446775,-0.9913014845227727,0.4366619195583933,-0.49286570900482307,0.686325518530415,2.2503604031603306,48.97
0.04140478696227224,-0.828630532569293,0.6269779909083781,-1.0883776985080975,1.1711120253383882,-0.034040306980938816,1.3280204229079697,-1.1237509750115098,23.14
0.03540595705465426,-0.828630532569293,0.6215977468387159,-1.094192772809453,1.16304245161033,-0.0419019837001687,1.3150209689895436,-0.6807093052553849,41.89
0.015497829355281777,-0.828630532569293,0.6037425004586494,-1.113491076571278,1.1362622116749264,-0.06799228238639336,1.2718800910824193,-0.1289284852581954,48.28
-0.05952352674527748,-0.828630532569293,0.5364571777417168,-1.186214385388423,1.0353441370578105,-0.16631039738275868,1.1093089436177037,0.891092734985523,51.04
-0.23428675611343,-0.828630532569293,0.3797151392303411,-1.3556242835804253,0.8002541635033092,-0.39534373102608433,0.7305973312211352,2.1671311704030978,55.64
0.31068702305744833,-0.828630532569293,0.6646490330549517,-0.4367212518826096,0.6703950458669892,-0.194563443619021,1.2620172314560199,-1.120246735583666,22.95
0.30315395327068534,-0.828630532569293,0.6586543961779602,-0.4454830909536052,0.6634859604584357,-0.2025174291157543,1.248120011022368,-0.6581757892294238,35.23
0.2782030183751586,-0.828630532569293,0.6387990385781988,-0.4745039393479274,0.6406017784322231,-0.2288625155024073,1.2020898198673464,-0.08378259330893105,39.94
0.18483415605434295,-0.828630532569293,0.5644983296939379,-0.5831028198912169,0.5549669094432855,-0.3274484303775406,1.0298402990157438,0.9711109236575158,48.72
-0.028941450473151373,-0.828630532569293,0.3943808117940271,-0.8317487922131152,0.35889890986639267,-0.5531689031737589,0.6354610072600113,2.268798824745133,52.04
-0.27038870142610505,-0.828630532569293,0.6033281282190096,-1.863712160652977,1.19245859984983,0.2831104215389586,1.4899596900486733,-1.1269653929973507,21.02
-0.27493470290822014,-0.828630532569293,0.5984399631130636,-1.8666202399303615,1.1849470832827786,0.2748536283526336,1.477455162228084,-0.7013968522498123,33.36
-0.29004741296053843,-0.828630532569293,0.5821897656099045,-1.8762878476293856,1.1599758261510675,0.24740477645986228,1.4358851574585747,-0.17049290277689294,33.94
-0.3473529951187867,-0.828630532569293,0.520570967599406,-1.9129462553770515,1.0652878170380693,0.14332202546117678,1.2782566900697974,0.8166582718000618,44.14
-0.4829483195939745,-0.828630532569293,0.37476979788208503,-1.9996866479545492,0.8412389401916356,-0.10295650208198281,0.9052793573714784,2.070431539392692,45.37
-0.2793122785426559,-0.828630532569293,0.6046845798091537,-1.2596691284350376,1.298375914803187,0.08026168929388257,1.396330855853554,-1.126031646894011,15.36
-0.2839387619773396,-0.828630532569293,0.5996743470526511,-1.2646067714529379,1.2903399783626397,0.07246419623835645,1.3838290597608394,-0.6953856883231149,28.68
-0.29931142836339825,-0.828630532569293,0.5830265760685787,-1.2810133445919656,1.2636385383285087,0.04655504491802723,1.3422886666581482,-0.15840426912441247,30.85
-0.3574987351034231,-0.828630532569293,0.5200128520690521,-1.343114107063401,1.1625705230182068,-0.05151406667193816,1.185053510773967,0.8383814022906522,42.03
-0.4945607002072867,-0.828630532569293,0.37158211478684855,-1.489394335787724,0.9245017488529171,-0.28251883220553203,0.8146813341550037,2.0988643620781504,51.06
-0.2581370269277351,-0.828630532569293,0.5942460217440576,-1.84913810711255,1.5507363623264032,0.06401602008487121,1.3702840171587995,-1.126562897476387,21.78
-0.2627692541971206,-0.828630532569293,0.5893363727797919,-1.8521229062604796,1.5420004672881962,0.056375066946666726,1.3580332030307734,-0.6988055434718985,42.29
-0.2781653439993304,-0.828630532569293,0.5730182191238314,-1.862043454854199,1.5129650558782626,0.03097890353565181,1.3173152884086157,-0.16528057935825544,50.6
-0.33650066785364713,-0.828630532569293,0.5111892229011455,-1.8996321168106942,1.4029507503239576,-0.06524640017919738,1.163036327537972,0.8260322015787873,55.83
-0.47426477661973965,-0.828630532569293,0.36517449292737697,-1.9884011193978515,1.14314208286787,-0.2924911008365295,0.7986926993311285,2.082722226856842,60.95
-0.3287353149424716,-0.828630532569293,0.9780174241623967,-2.006320849940316,1.0986856591280239,1.2830686269115699,0.1932130188501019,-1.1275503487509477,23.52
-0.33303134510557797,-0.828630532569293,0.972033050699348,-2.0087404822526955,1.0915789557220137,1.2718147860255749,0.18494176581170602,-0.7051633133130571,42.22
-0.347317432106588,-0.828630532569293,0.9521325200480845,-2.016786766010657,1.0679462112360607,1.2343910846341033,0.15743640946466186,-0.1780720182182131,52.5
-0.4015487284470999,-0.828630532569293,0.876588280746881,-2.0473311970285417,0.9782341459611753,1.092327282266371,0.05302355443287573,0.8030077973360086,60.32
-0.5302314332278627,-0.828630532569293,0.6973331697710047,-2.119808535108226,0.7653609161096371,0.7552312588681032,-0.19473243714453536,2.0524755415808094,66.42
0.046420869016673215,-0.828630532569293,1.0412623650519808,-1.1206391550170294,0.8212517399117018,1.0695979965342288,0.0449717450443898,-1.122581537347789,23.8
0.040230514869632625,-0.828630532569293,1.0342623377638271,-1.1265087067144943,0.8141846306326308,1.0576087591331882,0.03612941843046949,-0.6731871267077714,38.77
0.019700002243398476,-0.828630532569293,1.0110465176007544,-1.1459752674915944,0.7907463308458065,1.0178460599411479,0.0068035521100148575,-0.11384280278202233,51.33
-0.05748820826776629,-0.828630532569293,0.9237624031433899,-1.219163356778325,0.7026257636244403,0.8683509327807352,-0.10345239639820888,0.9179282525891646,56.85
-0.23626978323859085,-0.828630532569293,0.7215969254197645,-1.3886799420850207,0.49852291306179447,0.5220937244945506,-0.3588247128914276,2.2014911443250136,58.61
0.31157275606934903,-0.828630532569293,1.0178884828296935,-0.27990897621767513,0.7807485735550161,0.7184560453951858,-0.23663542502697818,-1.1208584023142647,21.91
0.30414463484694,-0.828630532569293,1.010679073993694,-0.2891224501545378,0.7735323337130339,0.7072539182663142,-0.24481389216617896,-0.6621075415083756,36.99
0.2795327738088625,-0.828630532569293,0.9867918805667711,-0.3196497845130473,0.7496225068684584,0.6701375078077793,-0.27191190130034104,-0.09165008280092052,47.4
0.18731869007600177,-0.828630532569293,0.8972929332338009,-0.43402757017994115,0.6600387581518247,0.531072210120975,-0.3734409193386544,0.9572293498335382,51.96
-0.02445499955853721,-0.828630532569293,0.6917546734814435,-0.6967011738463516,0.45430574830080983,0.21170265181601802,-0.6066067643437731,2.2513312339685227,56.74
-0.661741940847958,-0.828630532569293,1.6922205607636072,-1.4719718790899714,0.7237103357656575,0.8079548763388024,-0.16093053261318202,-1.128878792956535,17.57
-0.6648880330855292,-0.828630532569293,1.6842868967989877,-1.4759199196406645,0.7179756894956784,0.7985160184698111,-0.1678529083499311,-0.7137189873393458,33.73
-0.6753573018495898,-0.828630532569293,1.657885998777808,-1.48905783629899,0.6988924749763309,0.7671062782606305,-0.19088853686976848,-0.19530145623982104,40.15
-0.7151989416782459,-0.828630532569293,1.5574152692724388,-1.5390552291825115,0.6262697754557255,0.6475739990988045,-0.27855246406444534,0.7718885223230197,46.64
-0.810340236809408,-0.828630532569293,1.317492530925755,-1.658448324762338,0.45284775472499156,0.36213253889926517,-0.48789273232284497,2.011283505894864,50.08
-0.6778841535388195,-0.828630532569293,1.6487322946617966,-1.4993107340361176,0.9735848066904943,0.7503775119416917,-0.2035688995976713,-1.1299166381475063,17.37
-0.6808976676997943,-0.828630532569293,1.6411411172984744,-1.5030716328508789,0.9672727278369608,0.7413632402463781,-0.2101786803644551,-0.7204049836787875,33.7
-0.6909310702065509,-0.828630532569293,1.6158665262669343,-1.515593429524129,0.9462568558652805,0.7113505005036563,-0.2321857416795779,-0.20877830776966996,45.94
-0.729187604871755,-0.828630532569293,1.5194965991862817,-1.5633380055219759,0.866125072647906,0.5969144039160839,-0.31609684795826215,0.7474625600938549,51.43
-0.8209956154476622,-0.828630532569293,1.288228101868172,-1.6779154124019384,0.673824863926225,0.32229072308037243,-0.5174666740569206,1.9787008766324536,59.3
0.15690719546704393,0.3416281046909339,-0.5198307999994701,-0.9720255314695035,1.1977435388557176,1.354625217002104,0.24252096656607436,-1.118452291505013,30.45
0.14965136494908313,0.3370687117154229,-0.5214667940918658,-0.9790761972367248,1.1884846422275968,1.3402956243384276,0.23200191851343424,-0.6466449202658155,47.71
0.12564346894759992,0.32198271541010576,-0.5268799271483853,-1.0024052496534896,1.1578490551936693,1.2928822552469648,0.19719677648906309,-0.06073343965708354,63.14
0.03613267781041655,0.2657362428204988,-0.5470621964480344,-1.0893850473907194,1.0436276493616277,1.1161067403249625,0.0674296449565453,1.0116244668363608,66.82
-0.16698367480862192,0.13810271154516368,-0.5928594559252441,-1.2867581131795294,0.7844383935313802,0.714970772614876,-0.22703570510749563,2.3193711966051715,66.95
-0.5653656081544608,-0.22560321243187112,1.018708767519718,-2.106579108140127,1.151845869740789,1.2537227715503985,0.16947195048298228,-1.1250882142158873,27.42
-0.5691529867245464,-0.22760648652702464,1.0122027406467415,-2.108821941415209,1.1441036100290751,1.24183963644549,0.1607454018572656,-0.6893135745429966,35.96
-0.5817311616688582,-0.234259513565111,0.99059572600948,-2.116270562878014,1.1183909712431315,1.2023748326318446,0.131763864035494,-0.14620240957593084,55.51
-0.6292543701425217,-0.25939616433612606,0.9089595056797223,-2.1444131505098047,1.0212427681975862,1.0532678193082448,0.022265016238480356,0.8602461938532481,61.99
-0.7406852581452119,-0.31833577314599776,0.717541526618619,-2.210400983217729,0.7934527918699159,0.7036464987847055,-0.23448435395723252,2.127306362470262,63.53
-0.467602595020431,-0.1646290490110007,1.2152126265592773,-1.200147718986223,0.9222882514711954,0.7805121102202868,0.299335598434838,-1.1157428334311086,18.02
-0.4727314029946386,-0.16738023477643832,1.206283914422387,-1.2067007098961087,0.9135829881003109,0.7676517498455042,0.28791349225550067,-0.629244935869007,38.6
-0.4896744096506765,-0.1764687713272743,1.1767879321345034,-1.2283485019681637,0.8848251683540487,0.7251675756426985,0.2501805878465807,-0.026022177493060364,52.2
-0.5524886381848484,-0.21016346457358456,1.0674350050015413,-1.3086051757734418,0.7782088930755111,0.5676624361101236,0.1102902290149442,1.0721962751919791,53.96
-0.6930972415943599,-0.28558847368753365,0.822650300616561,-1.4882584021425889,0.5395501382444492,0.215089807005117,-0.2028520071437196,2.3938529218939895,56.63
-0.5739219064145965,-0.828630532569293,0.9970533902461524,-1.2423793800584562,1.004575951008837,1.2441578830188509,0.1628390669178605,-1.1261579290519843,15.34
-0.5775809256449516,-0.828630532569293,0.9907903589628463,-1.2473571567253028,0.9975157541769528,1.2326216014737466,0.15436597000075664,-0.6961985723789796,26.05
-0.5897397629147789,-0.828630532569293,0.9699784491598556,-1.2638981948143155,0.9740548814765111,1.194286801579234,0.12621006261118395,-0.16003846760894652,30.22
-0.6357735186265685,-0.828630532569293,0.8911838777295676,-1.3265231062027243,0.8852312498487104,1.0491499949551775,0.01961087603997132,0.8354483203277616,37.27
-0.7442737364525316,-0.828630532569293,0.7054673740140092,-1.4741281934242692,0.6758765441399754,0.7070667803709318,-0.2316402935465449,2.0950355199145445,46.23
1.0023929046134843,-0.828630532569293,-0.9397411317949329,1.6158949484941518,-1.1787359198695098,0.3327057384335573,-0.21493289083089387,-1.1245104644818855,16.28
0.9932669011767636,-0.828630532569293,-0.9397411317949329,1.6010740360491267,-1.1787359198695098,0.3237542577528621,-0.2224904961630649,-0.6855957727715182,25.62
0.962968198277274,-0.828630532569293,-0.9397411317949329,1.5518680034210581,-1.1787359198695098,0.2940349775076244,-0.24758205351112375,-0.13873619844630408,31.97
0.8486213561048701,-0.828630532569293,-0.9397411317949329,1.3661651875111838,-1.1787359198695098,0.18187486758632296,-0.3422772078699135,0.8735942647078349,36.3
0.5812582344368803,-0.828630532569293,-0.9397411317949329,0.9319591909053362,-1.1787359198695098,-0.08037528769099596,-0.5636912110482919,2.1445827630771923,43.06
2.25033997161895,-0.828630532569293,-0.9397411317949329,-2.1383143433855696,-0.38514288418274917,-0.14677512540766663,1.011256736828692,-0.11680005540405322,67.57
2.0515794387410593,-0.828630532569293,0.0184450201190266,-2.0270033154713847,-0.7967238848364223,1.6470257511991528,-1.819512259320854,-0.10221120441749962,57.23
2.0901785646367728,-0.828630532569293,-0.028586624645586655,0.4683867701273935,-1.1787359198695098,0.5392033293306489,-2.0005312704114298,-0.1737943101905878,64.02
2.600930753034271,-0.828630532569293,-0.9397411317949329,-0.9419139306582611,0.5238681992359556,-2.3233489504272473,0.4579240352023827,-0.06615625301384888,41.37
2.3608941165737463,-0.828630532569293,-0.9397411317949329,-0.6644017334431255,-0.1689741902285662,-1.6261432580908264,0.9638103010119224,-0.13990194814678344,60.28
2.5647301960626967,-0.828630532569293,-0.9397411317949329,0.1663839219904435,0.20188176670676947,-0.7401958905936922,-0.7555612245038529,-0.10752674800673205,56.83
2.520305921630874,-0.828630532569293,-0.9397411317949329,-0.3237481168873527,-0.12938872749801286,-1.3975502788473244,0.41683308687539206,-0.09816156442925193,51.02
0.780734935106006,-0.828630532569293,0.9866645767552165,-1.4069956185947734,2.328495392371545,-1.134063276999463,-0.39768444025607724,-0.24311193432123518,55.55
1.6937129284761034,-0.828630532569293,-0.9397411317949329,0.38233817907837264,-0.6674207431279611,1.3415250303496074,-2.2365029696704717,-0.2701060549440752,44.13
1.3851679401723445,-0.32891157032660123,-0.9397411317949329,0.5083557096553237,-0.64705616767183,1.4874890191252936,-2.2277050659201616,-0.2328859013592361,39.38
0.7535473599897371,-0.6672396998662453,1.1837721326007493,-1.094946630041356,2.2821460802654236,-0.48688187538886796,-2.0193631989908716,-0.29231159478588103,55.65
0.3335754852003458,-0.6547452072198525,1.3801091839573612,-0.9955154716423884,1.9751861363935177,-0.03888590028293404,-1.7675590972011923,-0.23853248623029888,47.28
0.3905027500411075,-0.6496439789679741,1.3617658707559153,0.059524343423547996,1.5803943797924087,-0.332948464580629,-1.9826466646248295,-0.21584050876402835,44.33
1.308989758819681,-0.828630532569293,-0.9397411317949329,-0.36284967220367614,-1.1787359198695098,1.888703964013113,-1.1034695772226994,-0.11576337164581006,52.3
-0.7757280288136282,1.307216325171634,-0.9397411317949329,0.2502390080153209,-1.1787359198695098,2.0080002642131016,-1.6137151138620767,-0.16629793442124946,49.25
2.5962528647330756,-0.828630532569293,-0.9397411317949329,-0.9439124557901157,0.542759621261098,-2.3233489504272473,0.4547572041281098,-0.06739294556775592,41.37
-1.2629040409363042,0.5152440979260725,1.0349319378093038,0.1926808644786663,-0.007758114330308076,-1.8862544042959026,1.5086991322171692,-0.07821871797452261,29.16
-1.1154683046933007,0.6370267511092556,1.0611790624422253,0.05440566378531635,0.12076166489241377,-2.0128394160289513,1.4488864259960879,-0.09131342172674871,39.4
-0.2017369941251518,1.1718277563308417,-0.9397411317949329,0.8009409367931459,0.1628854134893131,0.39811164352571005,0.09066013760576602,0.04218268366033993,39.3
-0.039457925396569775,1.4522247006818645,0.7844932357368899,-0.9628558265853511,0.955890416054674,-1.441890448751615,0.6671621143337357,0.027400661794989022,67.87
2.0965431543479682,-0.828630532569293,-0.9397411317949329,-0.9788583161793714,0.7541836723130354,0.9640170393871835,-1.5234527663171769,-0.08901753494340674,58.52
0.38061113196448915,1.6094260081207712,-0.9397411317949329,-0.7074077053760762,0.5505898216506291,1.1563578442375675,-1.0596546413064332,0.043001933742435,53.58
1.0932894663089974,0.6473824577424311,-0.9397411317949329,-0.9451530770686166,0.8007789546096334,1.4789057839523647,-1.5220372834739582,0.001348321988943813,59.0
0.1704619278664844,1.3684854089925185,1.158276781005148,-0.8638210579616646,1.0723229410009654,-1.905996362299042,0.04106493988241536,-0.01783218010740248,76.24
2.393803876455114,-0.828630532569293,-0.9397411317949329,-1.5374899169024048,0.6716059395324473,0.8480366542636111,-1.6108307702130156,-0.07734780191743773,69.84
-1.0944044569351925,-0.828630532569293,1.3059342348117686,-0.9772331706595629,-1.1787359198695098,0.3104057998765658,1.5534711957988068,-1.125998618110321,14.4
-1.0389850153366433,0.7015835781179698,1.3134569254812356,-0.20425561371988596,0.5317012880665482,0.5520868137809515,-0.28219470092596494,-1.118866803140776,19.42
-0.8651851380398232,0.7868070440504018,1.1744665820713522,0.18254418380256707,-0.3842411716111737,0.7038388137660194,-0.1810685499639998,-1.114997013158947,20.73
-1.0083897910099848,0.7298956674092377,1.2702646033904084,-0.1631288658672008,0.4807462893165455,0.58079773822662,-0.2658260164596525,-1.11822140804936,14.94
-1.0263616627127168,-0.6809562527804307,1.7415914798384535,-1.331266415725127,-0.3892891510116618,0.3049789516923672,0.9531665283719134,-1.1264282029354133,21.29
-0.9956000474349509,-0.2687302283274942,1.8375405678461358,-0.8840529226330872,0.10939313427177734,0.3804536232402815,0.21137875432956735,-1.1241433013926647,23.08
-1.0474895440659437,0.030521520857901017,1.7858620869053272,-0.8881536417375655,0.4175063957674004,0.44820002661091196,-0.05550116159835227,-1.122566495942319,15.52
-0.987692280614153,0.2223938596440242,1.6375403809787887,-0.48877223698729827,0.7568421594821702,0.4124187829997748,-0.4019018929939891,-1.1235866958314136,15.82
-0.8474898302731336,-0.828630532569293,1.0216813646127574,-0.8353398428814376,0.7413805987130199,1.2616479661312594,0.22521285282879996,-1.1258582999733406,12.55
-0.16875290490585323,-0.828630532569293,0.6623966894938528,0.631905105344718,-0.08026296023671897,-0.2852124046942215,1.224933328158288,-1.120453254628266,8.49
-0.6726598890300595,-0.828630532569293,1.6618924513295452,-1.275608795967537,0.9845275027488217,0.6590514103463695,-0.23704150050457917,-1.129536773601637,15.61
-0.7815158829673123,-0.828630532569293,0.6753160021173512,-0.6022676132663414,0.3134009376520147,0.28259590999774653,1.6763074754471474,-1.1238273624967545,12.18
-0.20498568861598662,-0.828630532569293,0.9759309389570835,0.5764945513354881,-0.015976189584694215,0.910385748506963,-0.2881025137072421,-1.1232082891709614,11.98
-1.0963883784339712,-0.828630532569293,1.2986430015440595,-0.9830919539126847,-1.1787359198695098,0.3018545548747473,1.540448740387403,-0.6951730847095826,16.88
-1.041556809026408,0.6956786604377999,1.3047620971219813,-0.21420174314755996,0.5251009104857756,0.5409908427245612,-0.29058856953799295,-0.649308025887954,33.09
-0.8687249224644729,0.7800016534467291,1.1655600111716802,0.17005656598623292,-0.3875881576988554,0.6910861110530485,-0.19065810889503662,-0.6244576130977161,34.24
-1.0111200449647346,0.7237911745432047,1.2616083714678927,-0.17338545521356355,0.47424636823249494,0.5694226694321104,-0.2744100595011923,-0.6451616968774078,31.81
-1.0285425955768452,-0.6814305206343935,1.7329801640067615,-1.3359246602962456,-0.3918245229492756,0.2965378647581305,0.9422132146991511,-0.6979384228920914,29.75
-0.998014245333867,-0.27063445960649707,1.8280949814747895,-0.8905069191449809,0.10501218356018627,0.37125794073391394,0.20230218389235935,-0.683233370575136,33.01
-1.0498153301186477,0.027484534130097497,1.7762274468350026,-0.894847139186813,0.4118638942944541,0.4384029744766059,-0.06399155507539699,-0.6730903905260551,32.9
-0.9901670764804806,0.21876995337013808,1.628653977663217,-0.49667826018451594,0.7501683338342345,0.4029859230904218,-0.40898920460088595,-0.6796524758349309,29.55
-0.8502853332223734,-0.828630532569293,1.015290403150687,-0.8416817873418895,0.7351242257513454,1.2499668636776435,0.21647201090822202,-0.6942698875638481,19.42
-0.17446668443762686,-0.828630532569293,0.6564395698860591,0.619212461000876,-0.0843473371982438,-0.2927906685730304,1.2112415546944733,-0.6595032085676058,24.66
-0.6757194635692243,-0.828630532569293,1.6541852458072082,-1.2800705691279168,0.9781189462536944,0.6502162028523264,-0.24361920222083394,-0.7179576334304091,29.59
-0.7846827751556915,-0.828630532569293,0.6697801787434892,-0.6097379722078484,0.3082864398925086,0.27366368700301463,1.66213863804207,-0.6812007309680421,24.28
-0.2102074091009033,-0.828630532569293,0.9692642470311381,0.5648077006521267,-0.020022686385506996,0.8991320932821565,-0.29565184704568076,-0.6772183048281173,20.73
-1.1029803456623353,-0.828630532569293,1.2744164528702902,-1.002558907230365,-1.1787359198695098,0.27344137076015257,1.497179085132569,-0.1579768847591532,26.2
-1.0500683331965637,0.6761359382678332,1.2759859779372746,-0.2471191273685647,0.5032565170048823,0.5042679803061326,-0.31836864219962463,-0.06605350791196958,46.39
-0.8804133638978304,0.7575301128217587,1.1361503297210451,0.12882219349960153,-0.39863997503318493,0.6489764227512412,-0.22232303096109,-0.016486904671178138,39.16
-1.0201526235914675,0.7035955031138666,1.2329707074457095,-0.20731762828192002,0.45274249011994566,0.531790198250387,-0.3028088989472745,-0.05777126286153313,41.2
-1.0357908247769168,-0.6830067278456691,1.704360855320592,-1.3514061200315712,-0.40025071396758355,0.2684843039157067,0.9058103848338788,-0.16353677714110784,33.69
-1.0060278826066833,-0.2769553245034184,1.7967415025230404,-0.9119301782032216,0.09047014873837636,0.34073398736824484,0.17217360860132358,-0.1339938045600617,38.2
-1.0575288115644352,0.017412351975259997,1.7442741133231408,-0.9170461580183902,0.3931505090418436,0.40591100051643736,-0.09214998885587303,-0.11364889607219868,41.41
-0.9983793651504507,0.20674449105262177,1.5991656023761078,-0.5229133713750705,0.7280221101801502,0.3716842025675296,-0.43250752770857437,-0.12680812347582546,37.81
-0.8595732441345553,-0.828630532569293,0.9940567712137084,-0.8627525628796875,0.7143377569990159,1.2111570176802493,0.18743102525021377,-0.15616136987004683,24.85
-0.19339401151970478,-0.828630532569293,0.6367061603877108,0.5771671161120059,-0.09787714496338322,-0.3178942411471713,1.1658865189878553,-0.08643830998125769,27.22
-0.6859042556440736,-0.828630532569293,1.6285292976620265,-1.2949230367968416,0.9567859750947004,0.6208053321207588,-0.2655152284339161,-0.20384395452730703,44.64
-0.7951930791734111,-0.828630532569293,0.6514078492839669,-0.6345306518844218,0.291312408838465,0.2440193626483094,1.6151150010355906,-0.1299145529788504,37.27
-0.2275314110413655,-0.828630532569293,0.9471462910441879,0.5260344602036439,-0.0334476712409482,0.8617960571011711,-0.3206981255246015,-0.12192545569084097,33.27
-1.1279301146020473,-0.828630532569293,1.1827220055714032,-1.0762388832391072,-1.1787359198695098,0.16590103356758534,1.3334088685477674,0.8391482939548609,36.56
-1.0818296906989047,0.603210881250942,1.1686058435824722,-0.3699526865977291,0.4217426098716331,0.36723400866205186,-0.42203195814729866,1.00229395736847,53.72
-0.9236785891329209,0.6743508222326683,1.0272892382480063,-0.023808456466297267,-0.43954871115109206,0.49310575690201586,-0.33953198418641606,1.0887419404693084,48.59
-1.0538135560062942,0.6283340346951992,1.1262491926928504,-0.3337697336598599,0.37260584058545726,0.391548510754654,-0.40864040673231733,1.0168142533094908,51.72
-1.063247074803041,-0.6889773915886616,1.5959510805780157,-1.4100497994089145,-0.432169076505605,0.1622175787126588,0.7679166771639349,0.8291657669301344,35.85
-1.0362495401778955,-0.3007930660888343,1.678498802948872,-0.9927232534667814,0.03562808616284789,0.22561965976246004,0.05855036180890006,0.8820605030465174,53.77
-1.086528186813737,-0.020454724252293978,1.624143311753293,-1.0005049284565826,0.3227962228561185,0.28375514234994464,-0.19801359835202356,0.918272556774353,53.46
-1.0293163814331587,0.16144263447218934,1.4880781354019081,-0.6217452676585947,0.6445937128939893,0.25376557154880097,-0.5211048449929896,0.8948704339728607,48.99
-0.8947173356757534,-0.828630532569293,0.9137118247988435,-0.9424812845853581,0.6356848104368369,1.0643062572317061,0.0775441983779785,0.8424051752751325,31.72
-0.26425159848036744,-0.828630532569293,0.562830870258469,0.4197633966731868,-0.14852822348715275,-0.41187362708908665,0.9960924232473818,0.966428114231343,39.64
-0.724710753249801,-0.828630532569293,1.5307739892618393,-1.351514496573088,0.8755022445952927,0.5087428691623445,-0.3489443335710958,0.7564143318025404,51.26
-0.8348058226225631,-0.828630532569293,0.5821635750730245,-0.7279728641923958,0.227338242505297,0.13229157500233724,1.4378855635575396,0.8893352783789371,43.39
-0.2927450595156473,-0.828630532569293,0.863886510096361,0.38007831903568123,-0.08398404535035615,0.7212500592827888,-0.41498114430552224,0.9035622801607719,39.27
-1.186690651654439,-0.828630532569293,0.9667675019034816,-1.24976654077945,-1.1787359198695098,-0.08737297403945574,0.9477048605081434,2.0998649369496394,37.96
-1.1540515490427348,0.4373872656450464,0.9244351449042949,-0.6492627857917977,0.2363888870782757,0.05563372244501092,-0.6577510176765634,2.307777786254417,55.02
-1.0201625850087255,0.48885611403359736,0.7845226042215299,-0.3641837791836116,-0.5307775977554607,0.14550500828143212,-0.6009148406988029,2.413963389775698,49.99
-1.1301081361799892,0.45774927294543827,0.8843582948642544,-0.6203812325035523,0.1909711800414962,0.07368207323361559,-0.6485140488555636,2.3258057450846343,53.66
-1.1280452963915255,-0.7030684780218284,1.3400982019276841,-1.5484520257669008,-0.507498122770567,-0.088577588166934,0.4424801366038466,2.086823575239374,37.68
-1.1067865333647946,-0.3564300744772561,1.40252173337184,-1.1812933405305326,-0.09237264262346526,-0.04305582644840555,-0.20664495932745366,2.155506445503386,56.06
-1.1536909064084535,-0.1081550902318739,1.345919685514367,-1.1937959200201,0.1598552920685835,0.0008414734051091229,-0.4431943258246147,2.201930257533519,56.81
-1.1013265969723933,0.05599625183225113,1.229506579327481,-0.8517902755059025,0.45040249497659424,-0.020706470556186157,-0.7273274443396076,2.1719842180674838,50.94
-0.9774308146520881,-0.828630532569293,0.7246157422226226,-1.1301270497029852,0.45057093904052387,0.7186852223906035,-0.181080262966197,2.104111814571593,33.56
-0.42665234603128277,-0.828630532569293,0.3935137532475531,0.059004827257746896,-0.2646170344296837,-0.6272679579716232,0.606935957994154,2.2629142681114782,41.16
-0.8176708357690066,-0.828630532569293,1.2966033710344798,-1.4870780515254356,0.6807889166504746,0.24029978754855563,-0.5487968576729119,1.9906675014216881,52.96
-0.9271187405945744,-0.828630532569293,0.4207978011151736,-0.9457291347466367,0.0782538455454595,-0.12807711441691977,1.0248728535154326,2.1648716417808487,44.28
-0.44425747223313666,-0.828630532569293,0.6704470907590145,0.0409749623508663,-0.20139639921259533,0.3947162166678031,-0.6340311129546348,2.183130209646675,40.15
1.8536375311072664,-0.54911491639506,0.37811924841042766,-0.9517663162864276,1.2169278533809331,-0.043912096112652774,-0.8123716027257025,-0.07225293488708044,57.03
1.8536375311072664,-0.54911491639506,0.37811924841042766,-0.9517663162864276,1.2169278533809331,-0.043912096112652774,-0.8123716027257025,-0.07225293488708044,44.42
1.8536375311072664,-0.54911491639506,0.37811924841042766,-0.9517663162864276,1.2169278533809331,-0.043912096112652774,-0.8123716027257025,-0.07225293488708044,51.02
1.9216414647979698,-0.5437741697383376,0.4032998036722182,-0.9168011417675014,0.9890927192777664,-0.00035855543569059773,-0.7809397734880338,-0.05061639387771329,53.39
1.9131563020101152,-0.5444405592004105,0.4001579102715124,-0.9211639070017633,1.2569906890382956,-0.005792930516289755,-0.7848616670216448,-1.1193495798677717,35.36
1.9131563020101152,-0.5444405592004105,0.4001579102715124,-0.9211639070017633,1.2569906890382956,-0.005792930516289755,-0.7848616670216448,-1.1193495798677717,25.02
1.9131563020101152,-0.5444405592004105,0.4001579102715124,-0.9211639070017633,1.2569906890382956,-0.005792930516289755,-0.7848616670216448,-1.1193495798677717,23.35
1.9104660043314807,-0.5446518440122289,0.3991617445250476,-0.9225471612156909,1.2551798157266734,-0.007515948333354524,-0.7861051388716402,-0.9489744342108004,52.01
1.9104660043314807,-0.5446518440122289,0.3991617445250476,-0.9225471612156909,1.2551798157266734,-0.007515948333354524,-0.7861051388716402,-0.9489744342108004,38.02
1.9104660043314807,-0.5446518440122289,0.3991617445250476,-0.9225471612156909,1.2551798157266734,-0.007515948333354524,-0.7861051388716402,-0.9489744342108004,39.3
1.6828952810622146,-0.5625243039348581,0.3148966606945996,-1.039555834430073,1.1019990905795536,-0.1532650280538487,-0.8912897028385642,0.9914055858585837,61.07
1.6828952810622146,-0.5625243039348581,0.3148966606945996,-1.039555834430073,1.1019990905795536,-0.1532650280538487,-0.8912897028385642,0.9914055858585837,56.14
1.6828952810622146,-0.5625243039348581,0.3148966606945996,-1.039555834430073,1.1019990905795536,-0.1532650280538487,-0.8912897028385642,0.9914055858585837,55.25
1.7414160213787147,-0.5579283279194736,0.3365657709287617,-1.0094665765431745,0.8813760119409668,-0.11578505733019916,-0.8642410629046421,1.0293338121837472,54.77
0.9923696657930992,-0.6155162829393415,0.49494804796461095,-1.3486915452482593,1.5233028291051234,-0.6021633511135288,0.7440958677008931,-0.16858494294179496,50.24
1.0091434276470275,-0.6141912375617414,0.5038682786354092,-1.339781648014717,1.464051416368756,-0.5914618188306215,0.7640012897717454,-0.1621432821416603,46.68
1.1017005128324642,-0.6068796792507848,0.5530898281757372,-1.2906171180529837,1.101954482707698,-0.532411103567739,0.8738387765745318,-0.1265984024297713,46.68
1.0299813898525192,-0.6125451401782541,0.514949837512962,-1.3287129263156618,1.5609734348160675,-0.5781673576838611,0.7887296981281355,-1.1268180801725802,22.75
1.0474711240860424,-0.611163536474601,0.5242508199099095,-1.3194227184291012,1.5013653335345811,-0.5670090404769382,0.8094847645739953,-1.1263205529812355,25.51
1.1441465353356197,-0.6035266504904448,0.5756624815306168,-1.26807061347225,1.1364401245838467,-0.5053308645578991,0.9242094686418174,-1.1235704456789237,34.77
1.0282879820039907,-0.6126789111392122,0.5140492888608371,-1.3296124317477918,1.5592773759151526,-0.5792477389911056,0.7867201311474784,-0.9713342376680896,36.84
1.045745046809473,-0.6112998881610393,0.5233328977647936,-1.3203395772282969,1.4996849115289903,-0.5681102646304024,0.8074364287852658,-0.9698444441173423,45.9
1.1422322796801947,-0.6036778673510308,0.5746444867505565,-1.2690874289795342,1.1348848708498251,-0.5065521450835598,0.9219378215834777,-0.9616101814356169,41.67
0.8827633799279351,-0.6241746449517682,0.43665979030357155,-1.406912280209996,1.41352495314962,-0.6720913265319279,0.6140260955910899,0.8200908860726458,56.34
0.8975636253986505,-0.6230054977432233,0.44453051153670353,-1.3990506766339093,1.355422933957875,-0.662648882667571,0.6315895459018988,0.8316689308103964,47.97
0.9788317746217566,-0.6165857103149804,0.4877486425422518,-1.3558826106840245,1.0021287027210382,-0.6108004225513035,0.7280304531527708,0.895243975516317,61.46
0.698122351230247,-0.6254394564119353,0.5460926886818316,-1.9246023799963667,1.3055144714715388,-0.23027891372993567,1.0885086810243145,-0.16483629847787418,44.03
0.7254465606347492,-0.6231295423234269,0.5629839249507091,-1.9148585211722942,1.1803212791471611,-0.20648450278711694,1.128819248247545,-0.15301570386820668,55.45
1.7950264583887445,-0.5652610156587862,0.8448747202119016,1.0115460370680185,-0.47820096888942604,-1.3559584440003405,-1.18425487447587,-0.21973879460231122,55.55
1.9677753030080496,-0.552263688793816,0.9329457917202323,0.7655620599021703,-0.4436294594564729,-2.0601667409863578,-1.1214248967753164,-0.17113414801784851,57.92
1.839039289055514,-0.5619495657461153,0.8673134066498885,1.0592402670957415,-0.4693928637242633,-1.3437950575704884,-1.1682470963895655,-1.1307598948409348,25.61
1.8370615185061507,-0.5620983698110608,0.8663050967427287,1.0570970683490495,-0.4697886667373266,-1.3443416342640808,-1.1689664255392749,-0.9831388245916161,33.49
1.6657579985755657,-0.5749869529246807,0.7789708828052462,0.871465075124478,-0.5040709293378631,-1.3916830771602484,-1.2312707284188915,0.7275431369655719,59.59
2.0187287337976656,-0.5484300400286175,0.9589229451799646,0.8147685004460288,-0.4334323607895235,-2.0565159841210914,-1.102892773290882,-1.127014898166332,29.55
2.0164348640935077,-0.5486026268519696,0.9577534811341071,0.8125532783998616,-0.433891423414747,-2.0566803373440385,-1.1037270699408992,-0.9719235985047251,37.92
1.8192300293188852,-0.5634399804827085,0.8572142205474493,0.6221098121421131,-0.4733572086746094,-2.0708098452743244,-1.1754518643882148,0.8155042676490324,61.86
1.5594149765336167,-0.5775306010931879,1.2182284580517146,-0.1614407899737113,0.5416103922822338,-2.0407517526079046,-0.3260972251946561,-0.09489284786930195,62.05
1.5588953779346435,-0.5775705633423659,1.2178850198119624,-0.16185780402793395,0.5413366012557107,-1.2335046624131298,-0.32643641965784537,-1.122442422622423,32.01
1.6379767696100815,-0.5714884255426717,1.2701553184768826,-0.6276457454741775,0.6659123367746596,-2.0339516636183506,-0.27481201141146666,-0.06818937447115227,72.1
1.6094341988495975,-0.5736836303164479,1.2512895819653373,-0.12129688133290278,0.5679669187448861,-2.036422228680085,-0.2934446289479386,-0.9542453375082486,39.0
1.408565043184508,-0.5891324465117598,1.1185214232779424,-0.2825083648468986,0.46212334558069335,-2.0538089007542535,-0.4245722062004869,0.9514999543383214,65.7
1.6943012513644993,-0.5671565182220126,1.307384019452875,-0.5913574662368494,0.6969879368753092,-2.0290763740759163,-0.23804333576284512,-1.1190331627854224,32.11
1.6917548949101995,-0.5673523581094257,1.3057009583742356,-0.5929980120736363,0.6955830494724826,-2.02929677956579,-0.23970559969564328,-0.9480273064349057,40.29
1.4765095229673597,-0.5839068469109855,1.163430575426631,-0.731674550557575,0.5768268906288783,-2.0479278166957133,-0.3802179847068458,0.9985445208372236,74.36
-0.7211182534445744,-0.7067463394203334,1.2980589734815386,1.1668974653431812,-0.8447126949952218,-0.4813114928704277,0.2881018908437741,-0.1272947070996735,21.97
-0.7062541900763002,-0.7049057989290276,1.3318513923243673,1.226524459022362,-0.8396686999164971,-0.4534953795620193,0.32956099846982784,-1.1236243974588103,9.85
-0.7069245194040429,-0.7049888023608383,1.330327445013025,1.2238354417867667,-0.8398961705445808,-0.4547498115482441,0.3276913040898174,-0.961771711024736,15.07
-0.7641502025467778,-0.7120747642783347,1.2002288168375164,0.994275370459186,-0.8593152255497353,-0.561840049729476,0.16807641967987774,0.894003690855054,23.25
0.2809573975202215,-0.6443402738305668,1.5415499184904073,0.09446848759567658,0.01951246407995382,-1.7294403416340334,0.586835087246332,-0.01007157438509791,43.73
0.3180300838884527,-0.6409008232705871,1.5878588115962315,0.14814741694114425,0.0418756432483796,-1.7183560916521257,0.6436503567376198,-1.1144948491424551,13.4
0.31634977429076355,-0.6410567154476283,1.585759873397603,0.14571443382044605,0.040862038131709584,-1.7188584823190112,0.6410752198383607,-0.93444458078218,24.13
0.17574923503862513,-0.6541010521504201,1.4101304280917966,-0.05786634631200616,-0.04395175224867416,-1.7608962108284096,0.42559966867689647,1.099851005532968,44.52
0.830819959029645,-0.6175586674009187,1.303848039898174,-1.438633744129038,0.9684828089533549,-0.47654624276672886,0.2952043574868979,-0.1245076938050887,62.94
0.830819959029645,-0.6175586674009187,1.303848039898174,-1.438633744129038,0.9684828089533549,-0.47654624276672886,0.2952043574868979,-0.1245076938050887,59.49
0.8693223793174687,-0.614354437631644,1.3379074120851158,-1.4182447030323702,1.0010792052876092,-0.44851038773156027,0.3369909837636937,-1.1234084321357434,25.12
0.8693223793174687,-0.614354437631644,1.3379074120851158,-1.4182447030323702,1.0010792052876092,-0.44851038773156027,0.3369909837636937,-1.1234084321357434,23.64
0.8675858270864577,-0.6144989561401665,1.3363712520641116,-1.4191642980744457,0.9996090290141695,-0.44977487256772586,0.33510630590331675,-0.9611251216175474,35.75
0.8675858270864577,-0.6144989561401665,1.3363712520641116,-1.4191642980744457,0.9996090290141695,-0.44977487256772586,0.33510630590331675,-0.9611251216175474,38.61
0.7194046375080517,-0.6268308193151118,1.2052896668228124,-1.4976339719671983,0.8741578820818166,-0.5576742284758213,0.17428545506132193,0.8989667893907721,68.75
0.7194046375080517,-0.6268308193151118,1.2052896668228124,-1.4976339719671983,0.8741578820818166,-0.5576742284758213,0.17428545506132193,0.8989667893907721,66.78
1.7337105263346764,-0.828630532569293,-0.9397411317949329,1.978680167974465,-1.1787359198695098,-1.8122360820416223,-0.7133761270335106,-0.07764847634453724,23.85
0.009308497633460608,-0.828630532569293,-0.9397411317949329,0.24237438213455934,-1.1787359198695098,-0.9578452223638898,1.2654134820260288,2.1036208494853956,32.07
0.31521473138806244,-0.828630532569293,-0.9397411317949329,0.781862189693478,-1.1787359198695098,-0.7142440559331983,1.9295508377653283,-1.1170269992826223,11.65
1.5807836885478483,-0.828630532569293,-0.9397411317949329,0.9425395105674454,-1.1787359198695098,-0.2310194439923831,0.4580945611256722,-1.1130769897902562,19.2
1.0479827494605358,-0.828630532569293,-0.9397411317949329,0.3387203276858144,-1.1787359198695098,-0.5702517440024052,-0.014598855552205902,2.209019976037146,48.85
1.5187204347015038,-0.828630532569293,-0.9397411317949329,0.8722037050625413,-1.1787359198695098,-0.27053487800131487,0.40303292485860887,0.008021036400803223,39.6
2.3257340482921145,-0.828630532569293,-0.9397411317949329,0.7353047427717556,-1.1787359198695098,-0.4097239663803836,-0.7588843885012839,-0.03741259833764255,43.94
2.3942253323171703,-0.828630532569293,-0.9397411317949329,0.7950603166702124,-1.1787359198695098,-0.37721074614203004,-0.7300259358415677,-0.9408431107189235,34.57
1.771950044164907,-0.828630532569293,-0.9397411317949329,0.2521530329819196,-1.1787359198695098,-0.6726085296786642,-0.992218449824574,2.1143183547334816,54.32
2.3974729024087953,-0.828630532569293,-0.9397411317949329,0.7978936759415833,-1.1787359198695098,-0.37566910528755465,-0.7286575887725597,-1.1166328893826543,24.4
0.8846228358996401,-0.828630532569293,-0.9397411317949329,0.9160025658134197,-1.1787359198695098,-0.385811825911472,1.2984850076465804,-1.1137293605362124,15.62
-0.356465530961222,-0.828630532569293,-0.9397411317949329,0.12597740796468962,-1.1787359198695098,-1.2842261846783416,1.7125720147627115,1.9762865922877813,21.86
-0.13973519966476963,-0.828630532569293,-0.9397411317949329,0.5931347486319568,-1.1787359198695098,-1.1172782634322067,2.382529798053152,-0.9557352169507952,10.22
0.3136296016704786,-0.828630532569293,-0.9397411317949329,0.7790666985864811,-1.1787359198695098,-0.7155063363496776,1.926109443825038,-0.9420226476237784,14.6
-0.16308659539349193,-0.828630532569293,-0.9397411317949329,0.542801341839082,-1.1787359198695098,-1.13526590250324,2.310345857644029,-0.10130007460138567,18.75
0.836382498145798,-0.828630532569293,-0.9397411317949329,0.8471320598740724,-1.1787359198695098,-0.4218986888545864,1.2285311706532023,-0.0002996692548413148,31.97
0.8824353833266063,-0.828630532569293,-0.9397411317949329,0.9128796406342495,-1.1787359198695098,-0.3874481805655465,1.2953129589452312,-0.9321538798023743,23.4
0.28019141071663545,-0.828630532569293,-0.9397411317949329,0.7200960260865659,-1.1787359198695098,-0.7421340458268985,1.853513500132678,-0.04246002358581704,25.57
0.46929728648554575,-0.828630532569293,-0.9397411317949329,0.32306142879975963,-1.1787359198695098,-0.6965019428621244,0.696216923804553,2.1918896831544603,41.68
1.5779683633282342,-0.828630532569293,-0.9397411317949329,0.939348924273499,-1.1787359198695098,-0.23281195068571248,0.45559684462502437,-0.9302017576037503,27.74
-0.1386311465638468,-0.828630532569293,-0.9397411317949329,0.5955145101886216,-1.1787359198695098,-1.1164278085418284,2.3859426520072087,-1.1216080758086742,8.2
-1.101428918329788,2.0227652976169472,-0.9397411317949329,0.3837941747301354,-1.1787359198695098,1.058289786922268,-0.44705753650263796,-0.945989493655448,9.62
-0.15481803788946322,1.2065176555288573,-0.9397411317949329,0.6072992656199354,-1.1787359198695098,1.2970547179770822,-0.3051146386846831,-0.9277276901474,15.69
-0.8742361528046146,2.366018914580475,-0.9397411317949329,0.3150386320169568,-1.1787359198695098,0.5954788192246206,-0.7710759382462864,-0.06601977850611576,27.94
-0.7615297787478426,2.5413293477952905,-0.9397411317949329,0.289110442890743,-1.1787359198695098,0.37662066102551994,-0.9241980379712065,-0.07555302770262486,32.63
0.05477609943443175,1.369678710608081,-0.9397411317949329,0.6318014405484991,-1.1787359198695098,1.1101575691053998,-0.4440690200392212,-0.9257257048580096,17.24
0.25980584078660357,1.5273847482091576,-0.9397411317949329,0.6433850831589895,-1.1787359198695098,0.9049595514448219,-0.5922763433325261,-0.9247792467508674,19.77
-0.3924094305316751,1.0027694581876925,-0.9397411317949329,0.5083406252605754,-1.1787359198695098,1.402573035561011,-0.21903436278444463,0.005053294233478531,25.75
1.4306339670870365,-0.828630532569293,-0.9397411317949329,0.3828063180673323,-1.1787359198695098,1.0572344842128432,-0.4476849013505204,-0.04110302726505561,33.08
1.329265863626416,-0.828630532569293,-0.9397411317949329,0.4388162486309828,-1.1787359198695098,1.220453331900033,-0.33922452002626063,-0.9414938363163586,24.07
-0.588086203019796,2.8290265568177917,-0.9397411317949329,0.2781784032162805,-1.1787359198695098,0.07778175962367642,-1.137418447258194,-0.9546189815076414,21.82
-1.1111393936629053,1.9769248284639822,-0.9397411317949329,0.3329038017827689,-1.1787359198695098,1.0039248669119103,-0.47937683168481005,-0.05945113175310205,21.07
0.34763243751842654,-0.828630532569293,-0.9397411317949329,0.37179819708697515,-1.1787359198695098,1.7597329025833046,0.04493486322298865,-0.9469696421868938,14.84
0.021998017686100657,1.3287427538585437,-0.9397411317949329,0.5682363552468864,-1.1787359198695098,1.046220306948557,-0.48156041729856813,0.027075692982068512,32.05
-0.5982673151603658,0.8376438390135009,-0.9397411317949329,0.46537632529424416,-1.1787359198695098,1.660838283486832,-0.027792089480513777,-0.9393237072188414,11.96
1.4835721914252658,-0.828630532569293,-0.9397411317949329,0.4362247129240994,-1.1787359198695098,1.1143000271687455,-0.41376011810479235,-0.9417055814523408,25.45
0.9443377877115683,-0.828630532569293,-0.9397411317949329,0.04138900675947004,-1.1787359198695098,1.4980776941956622,-0.025562349917363697,-0.16663498373359792,22.49
0.3148698668636854,-0.828630532569293,-0.9397411317949329,0.32147506335564935,-1.1787359198695098,1.6945759752271852,0.005003129140618536,-0.06365323822868683,25.22
-0.4622237636204038,2.971043210887078,-0.9397411317949329,0.15540044646632745,-1.1787359198695098,-0.29618519339338345,-1.3898084106881285,-0.12471537798375473,39.7
-0.3684020223828377,1.0362545726822947,-0.9397411317949329,0.5684957061643656,-1.1787359198695098,1.4706973802855101,-0.17810830884330786,-0.930898190538999,13.09
0.6902648534860328,1.8253476132219355,-0.9397411317949329,0.5491778002050235,-1.1787359198695098,0.2904375920277533,-1.0205143314084102,0.020068263591028757,38.7
-1.3557976060967003,1.5481042306020318,-0.9397411317949329,0.306760180415473,-1.1787359198695098,1.466216196237774,-0.14647517275383917,-0.9522836664727825,7.51
-0.331157390742867,-0.828630532569293,-0.9397411317949329,0.22410271791176775,-1.1787359198695098,1.9357073368365025,0.19985834810229747,-0.09945499937160443,17.58
0.8488256469209338,-0.828630532569293,-0.9397411317949329,0.42378149127522974,-1.1787359198695098,1.5097576065295752,-0.13146453953354612,-0.9427222726957221,21.18
-1.3611546460623725,1.5116897145954236,-0.9397411317949329,0.25944086363520213,-1.1787359198695098,1.4081553714332482,-0.18188141981754147,-0.0864619072707967,18.2
-0.7465479355485682,2.5948173903024734,-0.9397411317949329,0.33785067951428416,-1.1787359198695098,0.4194746101739782,-0.899863017147206,-0.9497433727226523,17.2
-0.6169727370295092,0.8094926686016971,-0.9397411317949329,0.4105176968802326,-1.1787359198695098,1.5935267196248086,-0.0688395576893567,-0.030914136767679793,22.63
0.45829003337973556,1.675636833110817,-0.9397411317949329,0.6406599371290949,-1.1787359198695098,0.6857140342402953,-0.7486764390706122,-0.9250019087096196,21.86
-0.860814011453904,2.4176052333822735,-0.9397411317949329,0.3650442166037761,-1.1787359198695098,0.6426112455968295,-0.7438456202804573,-0.9475214858339015,12.37
-0.8928303880342272,1.2539882939466354,-0.9397411317949329,0.7599483292966721,-1.1787359198695098,1.2390547645012495,-0.36848655380307077,0.09756414914361111,25.73
-0.6048972234298292,2.7739959666814538,-0.9397411317949329,0.23214129761837907,-1.1787359198695098,0.04165600022649659,-1.157278001139155,-0.096499382874205,37.81
-0.44420902117220595,3.0261018825574526,-0.9397411317949329,0.19796038502428978,-1.1787359198695098,-0.26681084410541495,-1.3743385959016927,-0.9611733095553611,21.92
0.4177943356299164,1.6287678663421077,-0.9397411317949329,0.5766079294295589,-1.1787359198695098,0.6293974943348071,-0.7806563195382918,0.030153744536767616,33.04
0.9797522136961234,-0.828630532569293,-0.9397411317949329,0.07911991722426583,-1.1787359198695098,1.5491511633654647,0.0069392432541129844,-0.9708833401552392,14.54
-0.1832914134253867,1.1691472776337488,-0.9397411317949329,0.5450684735902994,-1.1787359198695098,1.2305751102451552,-0.34463597092381454,0.018557350720973857,26.91
-0.7886167897990085,0.6924881250645417,-0.9397411317949329,0.45958438928319073,-1.1787359198695098,1.7577831005510018,0.04123396261080291,-0.9397969456446149,8.0
0.80674355992474,-0.828630532569293,-0.9397411317949329,0.37097028772039436,-1.1787359198695098,1.4466064738242648,-0.16978477455102903,-0.04545488640359937,31.9
-0.31027935287866054,-0.828630532569293,-0.9397411317949329,0.2697668319063754,-1.1787359198695098,2.0004104585609093,0.24022714955245655,-0.9553062609867972,10.34
-0.17059725175914256,-0.828630532569293,-0.9397411317949329,0.2540763613870977,-1.1787359198695098,1.880723711234341,0.15764759088898303,-0.08843432179220695,19.77
1.2788099897659808,-0.828630532569293,-0.9397411317949329,0.38527082651801947,-1.1787359198695098,1.1615331867575864,-0.374441858988526,-0.04019687940054662,37.44
-0.14680172615085654,-0.828630532569293,-0.9397411317949329,0.3011418186216557,-1.1787359198695098,1.9459015626114067,0.19819000888587773,-0.9527427227685802,11.48
0.7351928639709109,1.8751190523821997,-0.9397411317949329,0.6116438438192028,-1.1787359198695098,0.3394552970461687,-0.9935676382404803,-0.9273727101642395,24.44
-0.8040524958836089,0.6668786112651522,-0.9397411317949329,0.4050138948280699,-1.1787359198695098,1.6890732684467549,-0.0008329959183684235,-0.03293776889393874,17.6
-0.8755374165270223,1.2983077537769105,-0.9397411317949329,0.8353172683967728,-1.1787359198695098,1.3148649926298046,-0.3240331117379857,-0.9090971527111802,10.73
0.22296794045942672,1.4832221268259445,-0.9397411317949329,0.5791827986200906,-1.1787359198695098,0.8444461213157614,-0.627237410912719,0.03110046972155641,31.38
0.997253950397821,-0.828630532569293,-0.9397411317949329,1.2697532141119492,-1.1787359198695098,0.20423554893741214,0.4160449769110838,-1.1121777929257726,13.22
0.9948928928778765,-0.828630532569293,-0.9397411317949329,1.266213879425196,-1.1787359198695098,0.20202747059232753,0.4135347563391175,-0.9275111622898342,20.97
0.9851456341934755,-0.828630532569293,-0.9397411317949329,1.2516022867507122,-1.1787359198695098,0.19291176263385734,0.40317170119828666,-0.606370550182227,27.04
0.9452325176090982,-0.828630532569293,-0.9397411317949329,1.191770674521788,-1.1787359198695098,0.15558472266539589,0.36073701864818086,0.019478990464644262,32.04
0.5524310439809448,-0.828630532569293,-0.9397411317949329,0.6029430543236485,-1.1787359198695098,-0.21176610233952164,-0.05688022763693227,2.2324533584660333,35.17
-0.2659711452126014,-0.828630532569293,-0.9397411317949329,0.8704903717053185,-1.1787359198695098,0.05762928922262017,1.7547523950811073,-1.1175403845791856,6.47
-0.27169802199605964,-0.828630532569293,-0.9397411317949329,0.855960241451139,-1.1787359198695098,0.04815668705879518,1.737994553281158,-0.6407872616531964,12.84
-0.29063688198683935,-0.828630532569293,-0.9397411317949329,0.8079089016132454,-1.1787359198695098,0.016830661912379193,1.6825761408379916,-0.04903853728965649,18.42
-0.48188965482573487,-0.828630532569293,-0.9397411317949329,0.32266575671986636,-1.1787359198695098,-0.2995130448466266,1.122937120788991,2.089625074751986,21.95
0.236175658949569,-0.828630532569293,-0.9397411317949329,0.8207194551316996,-1.1787359198695098,0.13578808721269212,1.4594746382055686,-0.6199521745040083,21.26
0.2086385382218803,-0.828630532569293,-0.9397411317949329,0.7696277325869137,-1.1787359198695098,0.10091127868836273,1.403923389241677,-0.007519060581859056,25.97
0.24451867288420134,-0.828630532569293,-0.9397411317949329,0.8361988858735966,-1.1787359198695098,0.1463548310052415,1.4763051866414465,-1.1142949648356246,11.36
-0.06516010260289619,-0.828630532569293,-0.9397411317949329,0.2616282097430807,-1.1787359198695098,-0.24586509145935612,0.8515832730457676,2.176949429175556,31.25
-0.06186611301828766,-0.828630532569293,-0.9397411317949329,1.1149830894342752,-1.1787359198695098,0.0732942654544007,1.4619253455299994,-1.1169673880989883,9.31
-0.31095198457807605,-0.828630532569293,-0.9397411317949329,0.5244346132715071,-1.1787359198695098,-0.2899190519155241,0.8679480521678405,2.1052414997254614,26.94
0.6555040491080212,-0.828630532569293,-0.9397411317949329,1.0750968101767615,-1.1787359198695098,0.22928842890213624,0.9255941301888277,-1.1112614039171849,12.54
0.6091817572029925,-0.828630532569293,-0.9397411317949329,0.9994253385008187,-1.1787359198695098,0.1792051867742539,0.8592191005561396,0.031142907155550566,27.53
0.26101971055605744,-0.828630532569293,-0.9397411317949329,0.4306725119891893,-1.1787359198695098,-0.19722446221003384,0.36033907513453217,2.2561232145628876,32.92
-0.2606027248742379,-0.828630532569293,-0.9397411317949329,0.8291510659834032,-1.1787359198695098,0.06650898264651037,1.770461330709997,-0.9423822253758548,9.99
-0.7383693563556514,-0.828630532569293,-0.9397411317949329,-0.13092525317486164,-1.1787359198695098,1.9201045088757909,0.8800921243894702,-0.9646194763828202,7.84
-0.7518022593364416,-0.828630532569293,-0.9397411317949329,-0.16774536052697905,-1.1787359198695098,1.861162002578665,0.8337336025039364,-0.13957697313144118,12.25
-0.4651642059575452,-0.828630532569293,-0.9397411317949329,-0.021649089545382458,-1.1787359198695098,1.8521608125787163,0.7899186027004517,-0.9593789654315639,11.17
-0.4831360630906582,-0.828630532569293,-0.9397411317949329,-0.06164289821276216,-1.1787359198695098,1.7916570718872737,0.7428644666924852,-0.11698433690770128,17.34
0.6957214527938336,-0.828630532569293,-0.9397411317949329,0.33022120428586427,-1.1787359198695098,1.420847205647781,0.2847497161356814,-0.9427432690344358,17.54
0.6561679720337001,-0.828630532569293,-0.9397411317949329,0.278959441490838,-1.1787359198695098,1.3591705349807637,0.23957934014449694,-0.04554477689586944,30.57
0.10589734400404746,-0.828630532569293,-0.9397411317949329,0.19090822110329778,-1.1787359198695098,1.6648449733053505,0.5617189251568561,-0.9499760264816,14.2
0.07764731082345364,-0.828630532569293,-0.9397411317949329,0.1445465921231488,-1.1787359198695098,1.6026443779128763,0.5146321780737836,-0.07655170236655257,24.5
0.39948081988765166,-0.828630532569293,-0.9397411317949329,0.29073550404676834,-1.1787359198695098,1.5426531118536047,0.4218517730945452,-0.9460662348859049,15.58
0.3656605637827742,-0.828630532569293,-0.9397411317949329,0.24136979338712855,-1.1787359198695098,1.4805373164911613,0.375590261890334,-0.059780082922470154,26.85
1.2598143614322603,-0.828630532569293,-0.9397411317949329,0.46817276653072704,-1.1787359198695098,1.0932048274829822,-0.05715380715686735,-0.9404523087711738,26.06
1.2101319289992236,-0.828630532569293,-0.9397411317949329,0.4137213806718944,-1.1787359198695098,1.0359610433220219,-0.09736955119058184,-0.03574078916534591,38.21
1.474748440891399,-0.828630532569293,-0.9397411317949329,0.4657301259933373,-1.1787359198695098,0.8493229495304289,-0.2860687054460436,-0.03661409351827398,43.7
1.5288570058886497,-0.828630532569293,-0.9397411317949329,0.5209829800395195,-1.1787359198695098,0.9033035307630953,-0.24912514436043207,-0.9406564594951736,30.14
-0.18032678716799877,-0.828630532569293,-0.9397411317949329,0.09144202178576642,-1.1787359198695098,1.7659884282590845,0.6806674693715659,-0.9539972735887288,12.73
-0.20338435778035088,-0.828630532569293,-0.9397411317949329,0.048004024778754456,-1.1787359198695098,1.7041636160011695,0.6332244492503905,-0.09382638106090628,20.87
0.9746519175863795,-0.828630532569293,-0.9397411317949329,0.4517424473443721,-1.1787359198695098,1.2480474091373681,0.1054513331221269,-0.9417879105602416,20.28
0.9301890223698336,-0.828630532569293,-0.9397411317949329,0.39809923318398904,-1.1787359198695098,1.1887978407828006,0.06293353339462288,-0.041455368142036875,34.29
-0.6840118378005384,2.629856258388493,-0.9397411317949329,1.1269582124003075,-1.1787359198695098,-0.15429684445855302,-1.969245236888828,-0.9598703121485546,19.54
-0.285215357137171,0.9707447375786389,-0.9397411317949329,0.940450896712005,-1.1787359198695098,-0.07718711737402807,-1.1648235505121969,2.2527630638794385,47.71
-1.1884297204126526,1.6686558754716228,-0.9397411317949329,0.31838424095309453,-1.1787359198695098,-0.6465528232436143,-0.0862509128405796,2.186773001690218,43.38
-1.2833892470547956,1.7342532531070554,-0.9397411317949329,1.389505268717345,-1.1787359198695098,0.11112741109643852,-0.22167600567195572,-0.02922018109799125,29.89
-1.0118552604006499,2.1859749808798856,-0.9397411317949329,1.375603080024589,-1.1787359198695098,0.15699589859437957,-1.0353443236369813,-1.1178548838703724,6.9
-1.5155498713198865,1.0796617260312977,-0.9397411317949329,0.7986983398594225,-1.1787359198695098,-0.400078566667598,0.10258744674880814,2.121093990544955,33.19
-0.7716762924459076,0.7448497837186296,-0.9397411317949329,1.6466248021210168,-1.1787359198695098,0.07052878988150743,0.7073163661231221,-1.1121977433384433,4.9
-1.7054456176699104,0.9046150306134058,-0.9397411317949329,0.5371374673627242,-1.1787359198695098,-1.174688255330869,2.261542653298677,-1.1230431873231326,4.57
-1.7054456176699104,0.6703022246464734,-0.9397411317949329,0.08847022276319168,-1.1787359198695098,-1.3299726052747605,1.623601305671551,1.9352550311044463,25.46
-1.4851536382369461,1.385118258879997,-0.9397411317949329,1.371808555597263,-1.1787359198695098,-0.09222451522129396,0.5123597434776997,-0.03420695004048922,24.29
-1.0236565899409154,2.1346819478593817,-0.9397411317949329,1.3048669108809288,-1.1787359198695098,0.11479322574862537,-1.0595403975929738,-0.05307048207414853,33.95
-0.549911884635117,0.9366890400927366,-0.9397411317949329,1.1068650884427433,-1.1787359198695098,0.24940439547282897,0.9140274207841552,-1.1090372934042605,11.41
-1.6395742628006886,1.082794259326389,-0.9397411317949329,1.2793622504487079,-1.1787359198695098,-0.41942347846357886,1.135193837791201,-0.06025745785147681,20.59
0.5343162738448846,1.695106084204667,-0.9397411317949329,1.4973580123662522,-1.1787359198695098,0.08049389474470134,-1.9081409942897383,-0.936675820151412,25.89
-1.6483394534947091,0.828449972169911,-0.9397411317949329,0.7389733455217583,-1.1787359198695098,-0.6727698664663192,0.6571441307539955,2.0656174980290167,29.23
-1.5786945407423552,0.9345016322829575,-0.9397411317949329,0.20406628439222066,-1.1787359198695098,-1.0159976487704,1.1767765418051925,2.0617131177297967,31.02
-1.2761147067188434,1.7784269767451744,-0.9397411317949329,1.461400255808744,-1.1787359198695098,0.15308791145096434,-0.18314116691240032,-0.9389275003542226,10.39
-1.1014928714774692,2.088577607773234,-0.9397411317949329,0.8396703100154874,-1.1787359198695098,-0.36459752481392455,0.31246090308609414,-0.0027760533845068896,33.66
-1.3699440312574267,1.6079345870913158,-0.9397411317949329,0.7874558909861624,-1.1787359198695098,-0.5077507477146718,1.1183343182940892,-0.020104824929316416,27.87
-0.0025533120360961632,1.328866309761961,-0.9397411317949329,1.681257589518418,-1.1787359198695098,0.36985637620752987,-0.9075676011882915,-0.9251600005669361,19.35
-0.8973893101030431,0.6574981221820244,-0.9397411317949329,0.9716236969126225,-1.1787359198695098,-0.12102812326160485,1.5727438498382396,-0.9278214778431393,11.39
-0.7283836955622681,2.6909200370951787,-0.9397411317949329,0.7985406474822806,-1.1787359198695098,-0.4675316119092837,-0.6712950613191926,-1.116616984563523,12.79
-0.7454734770749659,2.6293596089406264,-0.9397411317949329,0.7359183618902768,-1.1787359198695098,-0.4999916967054797,-0.7025358307338907,-0.037208952185524675,39.32
-1.1777034992530202,0.35950749090381867,-0.9397411317949329,0.6308899562854903,-1.1787359198695098,-1.128506569604646,2.410182990778018,-1.1207384238433609,4.78
0.5157855329809096,1.7524240143265255,-0.9397411317949329,1.1566440944238905,-1.1787359198695098,-0.24704039808246636,-0.4652904463371616,-1.1078135516523036,16.11
0.49573662973942356,1.6516350077210815,-0.9397411317949329,1.4236514014475112,-1.1787359198695098,0.03908797485494423,-1.9176019414916055,-0.019598118907698272,43.38
-0.09548703306507401,1.294734695557055,-0.9397411317949329,1.180558128185857,-1.1787359198695098,0.4129716200210533,0.05352376262300223,-0.9124124646297793,20.42
-0.8966843646228004,0.6587946155927134,-0.9397411317949329,0.97489809965341,-1.1787359198695098,-0.11910682631903231,1.5762597343328428,-1.1122815027025084,6.94
-0.4341089069519678,1.009706802121479,-0.9397411317949329,1.7073215831419661,-1.1787359198695098,0.3211594446213625,-0.02797041329131611,-0.9235278693088453,15.03
-0.0939215552137131,1.2967993953988821,-0.9397411317949329,1.184410933308148,-1.1787359198695098,0.4156323401713867,0.055965314651752085,-1.1071309458149068,13.57
-0.9253095558588851,0.48596473644059196,-0.9397411317949329,0.9180285076837222,-1.1787359198695098,-0.32333641806703073,0.18662469506576643,2.2319356781105193,32.53
-1.012389131979748,2.183654573467996,-0.9397411317949329,1.3724030990231921,-1.1787359198695098,0.1550867232326165,-1.036438911849842,-0.9445005158931639,15.75
-1.7054456176699104,0.9034355169552,-0.9397411317949329,0.534878909018843,-1.1787359198695098,-1.1754699454775455,2.258331302858161,-0.9600316126998517,7.68
0.4690293395900389,1.6980936554569916,-0.9397411317949329,1.0737428374450828,-1.1787359198695098,-0.2907460179069074,-0.5072237330132942,0.07490726528778395,38.8
-0.4581472132150924,0.9749477052640633,-0.9397411317949329,1.6224432615637894,-1.1787359198695098,0.27115734668801167,-0.07390584831955167,0.036419575865479684,33.0
-1.7054456176699104,0.8784681577832247,-0.9397411317949329,0.4870708679756326,-1.1787359198695098,-1.1920163741835503,2.1903550320302307,-0.11979574433432483,17.28
-0.9122174572653846,0.630227084027296,-0.9397411317949329,0.9027484050354982,-1.1787359198695098,-0.16144156601070342,1.4987891197875922,0.018158123771991778,24.28
-0.7896419065369895,0.7145762039610585,-0.9397411317949329,1.5614239832145878,-1.1787359198695098,0.02447085833261965,0.646427562391138,0.019224911517322873,24.05
-1.417133550760253,1.2652228328381858,-0.9397411317949329,0.285438485466475,-1.1787359198695098,-0.7631212445053039,0.615394079452895,2.1507314865853613,36.59
-0.8773867857538361,2.1541844432709376,-0.9397411317949329,0.25254688734353375,-1.1787359198695098,-0.7505459347617954,-0.9436783670562259,2.1147492177601004,50.73
-1.3640689280910807,1.650602258510093,-0.9397411317949329,0.8499571429548948,-1.1787359198695098,-0.47595707763510764,1.180950463167567,-0.936794443792954,13.66
0.5361470800059961,1.697169014449403,-0.9397411317949329,1.5008557770686897,-1.1787359198695098,0.08245882249347553,-1.9076920227963834,-1.1152404362028547,14.14
-0.3813961354745102,0.9176508051599479,-0.9397411317949329,0.47690585146075093,-1.1787359198695098,-0.07296569891524385,-0.39238605872576443,2.3601901516438217,47.78
-1.6384486253729595,1.115457490412484,-0.9397411317949329,1.3487597111714307,-1.1787359198695098,-0.38688839891186094,1.1965856159442114,-1.1184151958216733,2.33
-1.0905966232195368,2.1412085864675596,-0.9397411317949329,0.9050058091907615,-1.1787359198695098,-0.32925859814521274,0.3624335324477492,-0.9327345785987053,16.89
0.513657833216729,1.7499516425748693,-0.9397411317949329,1.1528715677887664,-1.1787359198695098,-0.2490292776350942,-0.467198673626459,-0.9144543615655376,23.52
-0.43296507685597124,1.0113607664507445,-0.9397411317949329,1.711360402585236,-1.1787359198695098,0.32353872641655596,-0.025784638117189267,-1.1108464922785204,6.81
-0.6470228515348576,0.7018358422858465,-0.9397411317949329,0.955530751501423,-1.1787359198695098,-0.12172300274728337,-0.4348332995919167,2.2667702221997375,39.7
-1.1861100481453348,0.3405813145828784,-0.9397411317949329,0.5765295767128972,-1.1787359198695098,-1.1475395414719016,2.3326459053141155,-0.0901064448032687,17.96
-0.128308368425299,1.2514468228682794,-0.9397411317949329,1.099781380762448,-1.1787359198695098,0.3571877657315285,0.002334920912229,0.08354886231968478,32.88
-1.5592972234413052,1.2043220935708197,-0.9397411317949329,0.6609951007471411,-1.1787359198695098,-0.815927490497326,1.732931987442087,-0.0620742690822295,22.35
-0.7724916745847936,0.7434757958276887,-0.9397411317949329,1.6427579025203374,-1.1787359198695098,0.06843841798836776,0.7045528845761243,-0.9275708568418358,10.79
-1.6384995313697968,1.113980323522504,-0.9397411317949329,1.3456212699388999,-1.1787359198695098,-0.388359770257518,1.193809224907894,-0.9461775981173486,7.72
-0.6987545926647618,2.5799385603789693,-0.9397411317949329,1.0705427429692074,-1.1787359198695098,-0.18560362529569507,-1.9762909857528543,-0.11910085026115468,41.68
-0.6833153365119563,2.6322145517540743,-0.9397411317949329,1.1296234840891206,-1.1787359198695098,-0.15281779841897308,-1.9689123701208449,-1.122989310481753,9.56
-1.3637901303195672,1.652627014734864,-0.9397411317949329,0.8529230840238969,-1.1787359198695098,-0.47444833742826387,1.1839218563767102,-1.1152800744172184,6.88
0.12369869020782838,1.2968219361632638,-0.9397411317949329,0.4614529389119162,-1.1787359198695098,-0.6135458221906608,-0.8169334862762004,2.343285200677709,50.53
-0.5509909962595186,0.9350404712823392,-0.9397411317949329,1.1032336790826607,-1.1787359198695098,0.24700179314032294,0.910878964038886,-0.9181151793555716,17.17
-0.5736431939791188,0.9004344992929293,-0.9397411317949329,1.0270048618173384,-1.1787359198695098,0.19656750826485345,0.8447880582486693,0.059396000063034915,30.44
-0.0010389717346779446,1.3307849187119902,-0.9397411317949329,1.6852264047517336,-1.1787359198695098,0.3722513775547227,-0.9061893721030898,-1.1113919972559874,9.73
-1.4812111778716406,1.4247366639235965,-0.9397411317949329,1.446142250313078,-1.1787359198695098,-0.05229514657834478,0.5655081396702695,-1.1163824926677748,3.32
-1.252308355398576,0.19154502736541568,-0.9397411317949329,0.14846270225038746,-1.1787359198695098,-1.2974168021350474,1.7220714742592025,2.0008847252389064,26.32
-0.7500138358467484,0.6309914382806057,-0.9397411317949329,0.4334851691006324,-1.1787359198695098,-0.19611523738877373,0.3302024264206563,2.312689429440594,43.25
-1.556807905382329,1.238948992566217,-0.9397411317949329,0.7196341968945907,-1.1787359198695098,-0.7902518648259141,1.8043051455409576,-1.1185567805915808,6.28
-1.0295651288790435,0.41440829055915035,-0.9397411317949329,0.35767995885645476,-1.1787359198695098,-0.48126732418383583,0.9135227826486914,2.22976115568612,32.1
-0.03438900888382858,1.2885317476788742,-0.9397411317949329,1.5978219188873544,-1.1787359198695098,0.3195067046259611,-0.9365418570422137,0.029481510805131547,36.96
0.1859207086186649,1.302538174011137,-0.9397411317949329,0.8317464711672808,-1.1787359198695098,-0.29342450699767086,-1.9935785903173138,2.15179126275901,54.6
-0.7291573455366386,2.688133212487233,-0.9397411317949329,0.7957057528636878,-1.1787359198695098,-0.46900107152478465,-0.6727093228437792,-0.9407955094941133,21.48
-1.0900791267682284,2.1437081940442657,-0.9397411317949329,0.9081087936462646,-1.1787359198695098,-0.32758024347567816,0.364806886812026,-1.1139234170142593,9.69
-1.17808319466798,0.3586526594546908,-0.9397411317949329,0.6284346815772144,-1.1787359198695098,-1.1293662246478304,2.4066809025588087,-0.9531318301855336,8.37
-1.3420237012483918,1.3782029659955528,-0.9397411317949329,0.8100152758546925,-1.1787359198695098,-0.22708379158512432,-0.532275594616171,2.1316059030534014,39.66
-1.5569204738400484,1.237383143396619,-0.9397411317949329,0.716982501747975,-1.1787359198695098,-0.7914129320396379,1.8010776084647802,-0.9466013865305042,10.09
-1.2757696471873,1.780522306990273,-0.9397411317949329,1.464810512597546,-1.1787359198695098,0.15507825997155905,-0.18131331074604326,-1.1159928228567602,4.83
-1.4813896757362515,1.4229429107734557,-0.9397411317949329,1.4427767362568873,-1.1787359198695098,-0.05410297883983047,0.5631018059728266,-0.9400937079905224,10.35
-1.1153019358737235,1.7363566795861558,-0.9397411317949329,0.7555524739766855,-1.1787359198695098,-0.21293921651916764,-1.2474393593452824,2.0810172800775604,43.57
-0.8216415450938712,2.163853925101404,-0.9397411317949329,0.6002964984854714,-1.1787359198695098,-0.4465585772618641,-2.035020213326341,1.9368053457289707,51.86
0.5203498586159127,-0.828630532569293,-0.9397411317949329,0.7473233138567381,-1.1787359198695098,0.6733572175197376,0.9454735232999218,-1.1178760854303669,11.85
0.5186374515366935,-0.828630532569293,-0.9397411317949329,0.7446082590981483,-1.1787359198695098,0.6710517133029285,0.9428555347727371,-0.9445639738482393,17.24
0.4824963368810168,-0.828630532569293,-0.9397411317949329,0.6873058182723476,-1.1787359198695098,0.6223930192049996,0.8876017200248059,-0.05334234365530393,27.83
0.18850765419561713,-0.828630532569293,-0.9397411317949329,0.22118103895845925,-1.1787359198695098,0.22658050718567252,0.4381414206995882,2.0804360662888466,35.76
0.011019908583240574,-0.828630532569293,-0.9397411317949329,-0.06022923676640694,-1.1787359198695098,-0.012380631732247434,0.16679187574154783,2.7761386707347975,38.7
0.6950254973145471,-0.828630532569293,-0.9397411317949329,0.6752536846963882,-1.1787359198695098,0.7930195534118403,0.7488599707971256,-1.1196478085195138,14.31
0.6932532812723453,-0.828630532569293,-0.9397411317949329,0.6727014765260699,-1.1787359198695098,0.7907188057704956,0.7464928572289976,-0.9498671331027058,17.44
0.6558114827567961,-0.828630532569293,-0.9397411317949329,0.6187807006120615,-1.1787359198695098,0.7421106634385263,0.6964825948395672,-0.07608426305403086,31.74
0.34863057549069015,-0.828630532569293,-0.9397411317949329,0.1764025691534746,-1.1787359198695098,0.34331856866632704,0.2861871928432755,2.031449971661143,37.91
0.1610789361871057,-0.828630532569293,-0.9397411317949329,-0.0936947636707954,-1.1787359198695098,0.09983302204983932,0.035678214508675726,2.7271880514494407,39.38
0.7823596071107182,-0.828630532569293,-0.9397411317949329,0.5399348263960392,-1.1787359198695098,1.085434311782537,0.46049552457601306,-1.1229744184721517,15.87
0.7806637459146706,-0.828630532569293,-0.9397411317949329,0.5376705561318443,-1.1787359198695098,1.083110647854776,0.4585064829772453,-0.959825727403737,9.01
0.7447679611932712,-0.828630532569293,-0.9397411317949329,0.4897434273408539,-1.1787359198695098,1.0339263512211914,0.41640503670459006,-0.11890878300178848,33.61
0.4455827018857704,-0.828630532569293,-0.9397411317949329,0.09027896190326946,-1.1787359198695098,0.6239836056763784,0.065496644032068,1.937233729060373,40.66
0.259025869863744,-0.828630532569293,-0.9397411317949329,-0.15880692337697414,-1.1787359198695098,0.36836399361304195,-0.15331212421557855,2.631947341517378,40.86
-0.3128050504267208,-0.828630532569293,-0.9397411317949329,0.2821409109296006,-1.1787359198695098,1.9984746774400453,0.23318417558844728,-0.9555746247984122,12.05
-0.333601452788207,-0.828630532569293,-0.9397411317949329,0.23638807303092427,-1.1787359198695098,1.933936572479894,0.19300546726237391,-0.10060928387753283,17.54
0.35239205963837517,-0.828630532569293,-0.9397411317949329,0.39207075527302504,-1.1787359198695098,1.7452699602757242,0.04386240491824137,-0.9466385539216547,18.91
0.31947110450208516,-0.828630532569293,-0.9397411317949329,0.34129698297395084,-1.1787359198695098,1.680180851400473,0.0038475909559889704,-0.062233621908386466,25.18
0.618828703212509,-0.828630532569293,-0.9397411317949329,0.7846110925073476,-1.1787359198695098,1.4575098593310452,-0.20890148919465396,-0.9147294004386951,30.96
2.3026554764758203,-0.828630532569293,-0.9397411317949329,0.7151697237942322,-1.1787359198695098,-0.4234941015786753,-0.6428776509277231,-0.04409495065331103,43.89
1.757103391493557,-0.828630532569293,-0.9397411317949329,0.23919999430734862,-1.1787359198695098,-0.6820878220481713,-0.88985674736318,2.100148179178304,54.28
1.4302593750971833,-0.828630532569293,-0.9397411317949329,0.3986825085375264,-1.1787359198695098,1.0483661305409417,-0.4522217672201551,-0.04124200611383141,36.94
0.15907364503292323,-0.828630532569293,-0.9397411317949329,0.3348921029023848,-1.1787359198695098,1.8655150270824514,0.06897708313162412,-0.9512865409471368,14.5
0.13691857038176064,-0.828630532569293,-0.9397411317949329,0.24539610509776338,-1.1787359198695098,1.8157410204622346,0.038957493697821304,-0.07812319207981976,22.44
1.7434518365877414,-0.828630532569293,-0.9397411317949329,0.42944353484106174,-1.1787359198695098,1.402986994756111,-2.2355495946737816,-1.2046322595082901,12.64
1.7432341042608877,-0.828630532569293,-0.9397411317949329,0.4292408109724216,-1.1787359198695098,1.402751747461362,-2.235563600395696,-1.134381946700344,26.06
1.741493728897488,-0.828630532569293,-0.9397411317949329,0.4276204010330588,-1.1787359198695098,1.400871371671487,-2.235675550760247,-0.9939876764930772,33.21
1.7342884239311818,-0.828630532569293,-0.9397411317949329,0.42091176332818014,-1.1787359198695098,1.3930864527958005,-2.2361390349801717,-0.7491896909790067,36.94
1.704438458880995,-0.828630532569293,-0.9397411317949329,0.39311937952743836,-1.1787359198695098,1.3608352771072736,-2.238059146319076,-0.26692175245293787,44.09
2.21323605657778,-0.828630532569293,-0.9397411317949329,-0.6976467924666637,-1.1787359198695098,1.5239033819309908,-2.228350696614495,-0.9870288974045103,52.61
2.204496328087278,-0.828630532569293,-0.9397411317949329,-0.702294841098541,-1.1787359198695098,1.5153229603468061,-2.228861542015465,-0.7342098237334201,59.76
2.1683285870333164,-0.828630532569293,-0.9397411317949329,-0.7215299259763653,-1.1787359198695098,1.4798144812987613,-2.2309755807068257,-0.236638779886687,67.31
1.7782275913466976,-0.828630532569293,-0.9397411317949329,-0.9289972862342464,-1.1787359198695098,1.0968242079694674,-2.25377735307047,1.6648383453798743,69.66
1.004223298536866,-0.828630532569293,-0.9397411317949329,1.434188634379711,-1.1787359198695098,0.18536091498350943,0.20734072965332048,-0.9388877659680479,18.13
0.9952250329154672,-0.828630532569293,-0.9397411317949329,1.420188453700008,-1.1787359198695098,0.17702999396176697,0.1984916570262097,-0.6307645722322278,22.53
0.9582975517614739,-0.828630532569293,-0.9397411317949329,1.3627338919039254,-1.1787359198695098,0.14284119114467647,0.16217644069264756,-0.029050313457313185,27.34
0.8213249109163377,-0.828630532569293,-0.9397411317949329,1.14962152106575,-1.1787359198695098,0.01602694704115971,0.02747483287576829,1.066933359434269,29.98
0.5881496044387073,-0.828630532569293,-0.9397411317949329,0.7868297834037074,-1.1787359198695098,-0.199855217835831,-0.2018343816646896,2.1319633688704727,31.35
1.6164078334765466,-0.828630532569293,-0.9397411317949329,0.7303480564082396,-1.1787359198695098,0.24715196943608395,0.215560711371791,-1.2046322595082901,6.27
1.6160230801193671,-0.828630532569293,-0.9397411317949329,0.7299412716083528,-1.1787359198695098,0.24685424141373302,0.21525111579769082,-1.109479322149964,14.7
1.6129498585702886,-0.828630532569293,-0.9397411317949329,0.7266920736753877,-1.1787359198695098,0.2444761356558995,0.21277821784353065,-0.9194375710040762,23.22
1.6002675798202812,-0.828630532569293,-0.9397411317949329,0.713283592301122,-1.1787359198695098,0.23466239472111888,0.20257329747767436,-0.5890720145492516,27.92
1.548420043560517,-0.828630532569293,-0.9397411317949329,0.6584672033899268,-1.1787359198695098,0.1945419795347191,0.16085366734445364,0.05378719245307485,31.35
0.8196159893283904,-0.828630532569293,-0.9397411317949329,0.5896785899797412,-1.1787359198695098,1.014371182834833,0.46286821901852443,-1.1217515431013596,14.99
0.8171165680507413,-0.828630532569293,-0.9397411317949329,0.8510797808582419,-1.1787359198695098,0.264383972119335,0.97130613338391,-1.1153253892442399,13.52
1.326006422019961,-0.828630532569293,-0.9397411317949329,0.45765758720663813,-1.1787359198695098,1.2114731647307928,-0.34209764900000444,-0.941307075629829,24.0
1.2755349480369762,-0.828630532569293,-0.9397411317949329,0.40372432486676924,-1.1787359198695098,1.152620944710868,-0.377315918745178,-0.03939771053143875,37.42
0.9582159445014707,-0.828630532569293,-0.9397411317949329,0.0646407255077367,-1.1787359198695098,1.5906661077559305,-0.021909559869598194,-0.9732549652395922,11.47
0.1302859136809161,-0.828630532569293,-0.9397411317949329,0.2867723770672388,-1.1787359198695098,1.800839969405738,0.029970404547829753,-0.0821787137639137,22.44
0.8557004126039878,-0.828630532569293,-0.9397411317949329,0.39656335466536824,-1.1787359198695098,1.5204492187290326,-0.127604601234789,-0.9417957316900734,21.16
0.8132133922803866,-0.828630532569293,-0.9397411317949329,0.3438386234534049,-1.1787359198695098,1.456684197522765,-0.16625375305821077,-0.04148884051248496,31.84
0.42345203259500275,-0.828630532569293,-0.9397411317949329,0.4624536159636696,-1.1787359198695098,1.6001365649211237,0.14364193141209336,-0.9363467605260191,14.8
0.3866942136846692,-0.828630532569293,-0.9397411317949329,0.4064393214117631,-1.1787359198695098,1.5323931625774057,0.09873198571220992,-0.01819264679787525,25.18
-0.32654859536699454,-0.828630532569293,-0.9397411317949329,0.20022448930006137,-1.1787359198695098,1.9423673999512625,0.20663160779700165,-0.09493333551823945,17.54
0.3269771619358899,-0.828630532569293,-0.9397411317949329,0.6732747798962687,-1.1787359198695098,1.6254993486317406,-0.04349458981428085,-0.9498248517077591,14.2
0.295242359195367,-0.828630532569293,-0.9397411317949329,0.6193275701958224,-1.1787359198695098,1.5638409559585436,-0.08118598729361685,-0.07590276954595482,21.65
0.0349005597253568,-0.828630532569293,-0.9397411317949329,0.17676254892766172,-1.1787359198695098,1.0580159463557177,-0.39039371499062253,2.031843777062694,29.39
1.0372926440529773,-0.828630532569293,-0.9397411317949329,1.1681602985265347,-1.1787359198695098,-1.0834586247981222,1.2705730309344467,-1.1075304431509043,13.52
0.8150601912179272,-0.828630532569293,-0.9397411317949329,0.8481183463440609,-1.1787359198695098,0.262274468511631,0.9685110726028971,-0.9369300559134663,16.26
0.7717249991623493,-0.828630532569293,-0.9397411317949329,0.7857103618812171,-1.1787359198695098,0.21781970588104718,0.9096091759177285,-0.020684126119423017,31.45
0.4235741863821549,-0.828630532569293,-0.9397411317949329,0.2843305482912054,-1.1787359198695098,-0.13932563045296403,0.43639693818410463,2.1495194416998245,37.23
0.8178428465183439,-0.828630532569293,-0.9397411317949329,0.5873111352916353,-1.1787359198695098,1.0120273768699253,0.46081755420570486,-0.9561647111914701,18.13
0.7803367800876648,-0.828630532569293,-0.9397411317949329,0.5372339997667226,-1.1787359198695098,0.9624504664697238,0.4174412563345546,-0.10314774811144695,32.72
0.4695281919993556,-0.828630532569293,-0.9397411317949329,0.12225036460540938,-1.1787359198695098,0.5516121411084972,0.05798671522057598,1.9722093359752189,39.49
0.45306988326768993,-0.828630532569293,-0.9397411317949329,1.3826740723105893,-1.1787359198695098,0.15470675716326754,0.7855624121868657,-0.6358880293397269,18.13
1.379275435571882,-0.828630532569293,-0.9397411317949329,0.09037009568665047,-1.1787359198695098,1.0095152747379823,-2.2589753921839737,1.5915875461222913,47.22
2.2153476095380853,-0.828630532569293,-0.9397411317949329,-0.6965238055387576,-1.1787359198695098,1.5259764457128275,-2.228227274345731,-1.132058720813632,41.64
-0.14555720349428036,-0.828630532569293,-0.9397411317949329,0.2767829093370514,-1.1787359198695098,1.9552714070672006,0.20496570746916376,-0.9517012955738884,13.71
-0.1695645243302894,-0.828630532569293,-0.9397411317949329,0.22971131770458794,-1.1787359198695098,1.8894216894050988,0.16399078931248334,-0.0839601213378122,19.69
0.8478518766740099,-0.828630532569293,-0.9397411317949329,0.38682362841100343,-1.1787359198695098,1.3799828384195052,-0.13474417596699928,-0.025492421383391643,31.65
1.6868455003893565,-0.828630532569293,-0.9397411317949329,1.06273854150532,-1.1787359198695098,-0.17277335815983222,0.11865898706836316,-1.1101220779794583,19.11
1.6187028050727748,-0.828630532569293,-0.9397411317949329,0.9855129520086249,-1.1787359198695098,-0.21597307547153402,0.06691233901287401,0.045625784107376555,39.58
1.1094735913638427,-0.828630532569293,-0.9397411317949329,0.4084074231634626,-1.1787359198695098,-0.5388038349077949,-0.3197894898324123,2.285255244197601,48.79
1.3382208182972453,-0.828630532569293,-0.9397411317949329,0.4153021162865427,-1.1787359198695098,1.2257157512929293,-0.33357461868365457,-0.9402460797428516,24.0
1.2871470423504918,-0.828630532569293,-0.9397411317949329,0.3616550000682725,-1.1787359198695098,1.166161217571961,-0.3692131660897341,-0.034858662663853145,37.42
-0.1512893381912978,-0.828630532569293,-0.9397411317949329,0.31835598425400485,-1.1787359198695098,1.9395487258909825,0.19518228550060018,-0.9526307430530434,11.47
0.5614751597039395,-0.828630532569293,-0.9397411317949329,0.812528279295449,-1.1787359198695098,0.12120428065097888,1.302054854491162,-0.9395548402061962,14.99
0.5232412849893313,-0.828630532569293,-0.9397411317949329,0.7519077266576021,-1.1787359198695098,0.07997445784327072,1.2386478846012308,-0.03190244769212059,27.92
0.21475148870128274,-0.828630532569293,-0.9397411317949329,0.26279114944150156,-1.1787359198695098,-0.2526881282503796,0.7270491159544916,2.125956085585365,34.68
1.9920661193680043,-0.828630532569293,-0.9397411317949329,-0.03265385531328763,-1.1787359198695098,1.4354923502610915,-2.233614350443214,-1.1337646693440167,33.8
1.9901672607584169,-0.828630532569293,-0.9397411317949329,-0.03406563866920259,-1.1787359198695098,1.433561995829924,-2.233729276344434,-0.9921386712520338,42.42
1.9823063607143583,-0.828630532569293,-0.9397411317949329,-0.039910143251418596,-1.1787359198695098,1.4255707092979009,-2.234205046903335,-0.7452088029470904,48.4
1.9497496290474476,-0.828630532569293,-0.9397411317949329,-0.06411576427989679,-1.1787359198695098,1.3924739684872696,-2.236175499947436,-0.25886897020747524,55.94
1.5960264853443318,-0.828630532569293,-0.9397411317949329,-0.32710556476352,-1.1787359198695098,1.0328837207425188,-2.2575841245111534,1.6111932987513096,58.78
0.681710311301672,-0.828630532569293,-0.9397411317949329,1.4051044338572247,-1.1787359198695098,0.16805412565866618,0.5544767051623665,-0.6328246442848877,20.77
0.6492988414294976,-0.828630532569293,-0.9397411317949329,1.348258087298218,-1.1787359198695098,0.13422724624958185,0.5135831072110537,-0.03315640322397523,25.18
0.4240696594147347,-0.828630532569293,-0.9397411317949329,1.3267243588255473,-1.1787359198695098,0.12141342653441543,0.741992340544392,-0.03926448664511003,21.75
1.4424353209123333,-0.828630532569293,-0.9397411317949329,0.3566410261177343,-1.1787359198695098,1.061458503779078,-0.44443565277636954,-0.03672456052507885,39.09
2.3731476418192043,-0.828630532569293,-0.9397411317949329,0.776670976915693,-1.1787359198695098,-0.3900805526217702,-0.6109648569314287,-1.1171546174158946,24.39
2.382536557663574,-0.828630532569293,-0.9397411317949329,-1.853966649877644,-1.1787359198695098,-1.0961270571305441,1.503360248135758,-0.9678989176602939,50.51
2.3272635887056725,-0.828630532569293,-0.9397411317949329,-1.8665106411174381,-1.1787359198695098,-1.1127201328102618,1.4498074087615815,-0.15373597674290143,74.99
0.13124529438098026,0.44090367880840875,0.480350727276771,1.745965262961775,0.7508790549226677,-0.8550415847682025,-1.2127420892252752,-0.02905221241319078,37.17
-1.1707902336525442,1.0772314108096745,1.1866689771134147,-0.43347123443193364,2.200857686208214,-1.8857621591069462,-0.6923713735840626,-0.2293396489842278,33.76
-1.1984789182882782,0.7517210824587124,0.8208427878578498,1.8249444050075019,0.7673601438716707,-0.7447358366959299,-1.6166489406090714,-0.13757351518041794,16.5
-1.2394849821024634,0.5118166261325454,0.5461580395323287,1.1609287573272598,0.6814973582450126,-1.5125213700921525,0.8214115421676172,-0.0713216492248742,19.99
-1.2353315934112332,1.0553150234385351,1.167482468730083,-0.8311635440068479,2.199530470519466,-0.5388798746069634,-1.177823736639517,-0.17556101623060175,36.35
0.1782777177942333,0.6291930229076352,0.6810960109017654,-0.902926211624053,2.798347022733223,-0.9651230361578812,-1.7618315852595858,-0.21342146624849068,33.69
-1.3433181258183484,-0.828630532569293,1.4930950919368078,-1.4325035752925355,1.9192033227052572,-0.6983976991283342,0.44705110458752695,-0.26095292237108847,15.42
0.4655043177087497,0.8650894734996258,-0.9397411317949329,1.967784287835816,0.10843990317073528,-0.9825425378159951,-0.6037823810828957,-0.02835235307335791,33.42
1.2170335727743586,-0.828630532569293,-0.9397411317949329,0.6521263318407938,0.3225684478538188,0.6997904281742713,-0.48845678692936695,-0.028666266194656398,39.05
-1.1220195725002493,0.8881404676883388,0.9746539289791725,-0.29309082279520804,1.8859812463576457,-0.25847126428871897,-0.7196262940856399,-0.08436099368402664,27.68
-1.1754133303182337,1.9674211429074566,-0.9397411317949329,1.0694911936801335,0.06598384215378127,0.4491283120331916,-1.1970642633723223,-0.06715063578399962,26.86
0.6720513783156461,1.0113270973919963,-0.9397411317949329,-0.4104450453700169,1.1028920209239943,-0.6090961351381624,0.776955938229561,0.046401073782648995,45.3
0.4447744450185839,-0.828630532569293,0.7681079496795983,0.9274299332719756,0.9356052020500296,-0.10216899938088056,-0.8731579469436253,-0.045323515879743426,30.12
-1.2473695376063632,-0.828630532569293,1.8337193102811722,-0.8899733978799794,1.060557298987671,0.03405996242347073,-0.2152052481365213,-0.18144818053132397,15.57
-1.2871375455526128,1.1372986435112418,1.2522673228846992,-0.2923813233527021,1.1175032646910692,-1.1852241360512374,0.2340199047354473,-0.06004609095682387,44.61
0.4509683155116852,0.8680956750395128,0.9583735754358282,1.3513647504366126,0.1389608852531248,-1.1989858897325034,-1.5530900662242915,-0.0004608892146144408,53.52
0.8098439377432032,1.2916965647976038,-0.9397411317949329,0.8889233987863978,-0.03242597123508152,-1.2715499607364764,0.3282607424226832,0.05242804413258579,57.21
1.1516634050643764,1.4495054060170542,-0.9397411317949329,0.7322100050962945,0.33346365103536574,-1.9929866300544632,-0.08043766398643064,-0.02013209503842948,65.91
0.28919396240021367,0.7986007455138809,0.8670462502489027,-0.22853196705150083,0.8344093935384657,-1.966408754271031,0.7285485504044913,0.021837006776458577,52.82
-0.0572064550707217,0.37118877686544,0.4067552190577986,0.9540969030244428,0.5759813138869223,-1.827501969994816,0.9035860441776594,-0.0019768491536138063,33.4
-1.0948824412109464,-0.828630532569293,1.4041850836006682,-0.07957767575514532,1.1427149098149678,0.5321553535385034,-0.6944680392599981,-0.14390849673405126,18.03
-1.1510017127109349,1.979939582161713,-0.9397411317949329,-0.02364990177693256,1.0757354455783226,0.6882415145737449,-1.0185721270429198,-0.0808657287229819,37.36
-1.1500800085345368,1.1977638894505698,1.314324013593394,0.9129669726523327,0.9237440109346555,-1.9675138330147073,-0.9607486444484507,-0.15662756355323587,32.84
0.4422281456961138,-0.828630532569293,0.9506803192314623,0.4968249397651117,0.13362012313644922,-1.189000116316653,0.805594869443398,-0.005341520943740602,42.64
0.4834209459158552,-0.828630532569293,1.118985581443747,1.489990441032108,0.03494624795513152,-1.5163804689991838,-0.5047997980134132,-0.09551420332966787,40.06
0.4147140801868434,0.7323495424753275,0.7972088746607322,0.7640970524707948,0.8801275139254073,-0.7566921902864133,-0.8822979286728252,0.04968987422394976,41.94
0.8440810404195608,1.298209224497115,-0.9397411317949329,-0.072406543608777,0.8660235731119582,-1.0997577533143021,0.5485342158365275,0.04109732512876713,61.23
0.7217079163780825,-0.828630532569293,1.248093515664953,0.4183516751548365,0.9194520976291494,-2.3233489504272473,-0.08824669195212166,-0.15876691586423833,40.87
-1.396601118223077,1.5702250583157917,1.7326936217878082,-0.06878122098153576,-0.15124780932349155,-1.4215653403942505,-0.48761548232126467,-0.07787372638290195,33.3
0.8329188339229915,1.106600001053102,-0.9397411317949329,0.670513706481017,0.6637724437532685,-0.026341830850976775,-0.6695097114414417,0.05819380129864407,52.42
-1.1680483539147495,-0.828630532569293,1.8553525959928976,-0.40920531034374236,1.0705014905380905,-1.7711637218902718,0.4857754991654342,-0.2559604380239091,15.09
0.6092334564073792,-0.828630532569293,1.0495391903113662,-0.40535218260319533,1.0006950057597865,-0.5264800355571763,0.32313633346294346,-0.00963429914007158,38.46
0.5565593908208644,-0.828630532569293,1.1919389914905774,0.09811493764925465,1.0891975858097682,-1.3774639816426884,0.1312552832087069,-0.0741553739778767,37.26
0.45432225295891804,0.7529621435525231,-0.9397411317949329,0.15986457292045575,0.44374783323909883,-0.6743601894312042,1.2194328855384304,0.0662530848492875,42.13
0.24559037740645798,-0.828630532569293,0.7775961843886928,1.41437665166641,1.0069617049506987,-1.2796479787907973,-0.445472926191257,-0.11514677087712856,31.87
0.1290603626547068,0.5776425019203851,0.6208624428540227,1.1020273470482633,0.16920532580027572,-1.8453562199154745,0.5149466534756539,0.027177858390938746,41.54
-1.1207176219625206,2.0085112888897974,-0.9397411317949329,-0.6902521296640602,1.2361428012632762,0.9949641438741704,-1.1804751309027715,-0.1012191650032636,39.45
-1.0822381191462243,2.0213453646607924,-0.9397411317949329,-0.0170791438389054,1.3481418409293515,-1.5737646606977818,0.5997762850925014,-0.1388587147000432,37.91
0.3097776342526975,0.6837011460031538,0.7409157002466278,0.32938981372642673,0.9019408157776877,-1.2627216688356278,0.25800745604810904,0.06297920020545288,44.28
0.48029871950080844,-0.828630532569293,0.9184795480291373,0.6973583391034044,0.8044565544474418,-2.099185197752125,0.4743886049695912,-0.117233281198362,31.18
-1.1859603376619223,0.9008087975362291,1.0027744210416594,0.9197270239896149,0.14504105566377612,-0.9884248727541805,0.31273016981374874,0.005095447498467117,23.69
-1.0939127660284433,1.4297737369237589,-0.9397411317949329,-0.11851415174077252,1.176995674014201,0.36785447469871224,0.3615761185241449,-0.030391432460048003,32.76
0.04745981121212771,0.4123829640700038,0.44675474726476133,1.3597985824653214,0.8018425599002175,-1.4015383517566862,0.023388004117844658,0.0019963026347874792,32.4
0.6044222344994182,-0.828630532569293,1.054812604748636,0.0473485089773624,0.5694308107599149,0.5970388305429183,-1.056071602480344,-0.00646646028564545,36.8
-1.152149985852273,1.3219098624604335,-0.9397411317949329,0.714329157484206,0.6967424772066718,1.0850958500675858,-1.0085272354800012,-0.0620338597430125,18.28
-1.2700280520798863,1.7334704782904862,-0.9397411317949329,0.9862258121356673,-0.5861344719929703,-1.9818680618764606,1.249492256866245,-0.1215398595671723,33.06
0.10691651099952103,-0.828630532569293,0.6719790530167478,1.680115912587262,0.8725401728471588,-2.100168813504584,-0.14121697113331683,-0.18215069078046878,31.42
-1.3694854076727991,1.7332601127992733,-0.9397411317949329,1.013296461241431,-0.5297495293257262,-0.19458429145766903,0.4777754377821576,-0.01848560093712762,31.03
0.6802897154188132,1.016907300054719,-0.9397411317949329,0.14026906522982047,0.6268492496352772,-1.3329195383579444,1.0467245361949005,0.032887228638777105,44.39
-1.1822610981064818,-0.828630532569293,0.9498399065834864,0.24239813964849766,0.4922125330203436,0.32916718314250365,0.6726388253408139,-0.059390645285504,12.18
-1.1392321774854803,0.9835152934442517,1.0830500888321557,0.08740044641618577,0.5941801215090108,0.638383619591197,-1.0362325649633126,0.010496325456892589,25.56
-1.2912141453892114,0.8033924853614688,0.8705954992253562,1.25775267518421,0.34442476190074506,-0.659564266144107,-0.12196155161598345,-0.011546298644475277,36.44
-1.2590781461203469,1.6943960508519211,-0.9397411317949329,-0.4242047743631737,1.285749297407503,-1.7435301432373478,1.3688890257172681,-0.1651743217747045,32.96
0.24924562806640319,-0.828630532569293,0.97036211319468,1.480414484090151,0.7918762582406195,-1.3144597136580805,-0.6749001423792942,-0.12413114987187371,23.84
-1.1496421070076093,0.9501986870308177,1.0458607313385395,0.03465120660010431,0.561584761297514,-1.3687194939098075,0.9200647768983441,-0.011844018364143585,26.23
-1.277612625653618,-0.828630532569293,1.114728026202689,-1.3263084277224384,1.791730228235569,0.15779683810637765,0.5002058833010454,-0.18667702559113394,17.95
0.42235846909205527,-0.828630532569293,1.1738711574489618,0.6899110673293326,0.9070248279962818,-2.3233489504272473,0.07691524402036383,-0.16496142775580405,40.68
-1.1439554391185172,0.9683986638377736,-0.9397411317949329,0.06346671467808608,0.5793907404690425,0.5844531798774731,0.9249513439775798,0.00035991784582816696,19.01
0.1800566724099076,0.6438352226451928,0.6943194416340367,1.2848337537290837,-0.0025789932440802733,-0.8531546960960319,-0.2502407320922013,0.08515867799023168,33.72
-1.227612488812411,-0.828630532569293,1.7430413372870797,1.2500776943113576,0.6948305243373677,-1.2248497378168488,-1.0892087162079036,-0.27073205768252967,8.54
-1.2853613917128988,-0.828630532569293,1.6175174295829609,-1.0468707261918617,1.5593587605422543,0.7829462611603627,-1.4870441398663337,-0.26630888805228903,13.46
0.08464633375183524,-0.828630532569293,0.5793518510759847,1.0441407660622541,1.1198465981434964,-0.5171633824517669,-0.08766206699348532,-0.05887803012240105,32.24
-1.1661218088369363,0.6955937820226841,0.762425924839342,0.4761798574679138,0.42464960928131934,-0.00843363115670851,0.41851821828602154,0.05129351876136969,23.52
-1.2851584358849941,1.121502037061402,1.4237879162142766,0.5466570389614884,0.45823309768866854,-0.06490060429339918,-1.7805856486836786,-0.08267961228046103,29.72
0.16419533200286476,0.5167267729117024,0.5484487450168545,-0.14591424632344582,1.1833152916618643,-0.20315945175014163,0.23723327418619988,0.09049774294877368,49.77
0.6949094665770651,1.2331102197615786,-0.9397411317949329,0.1581749636916474,1.0920762913338509,-0.5719269067448017,0.0718328003836081,0.04047072992631261,52.44
0.4688904755643536,0.7851767689414296,-0.9397411317949329,-0.3032677880343336,0.49059144125889087,0.3563239093859019,0.7621647012441666,0.10294550460087053,40.93
0.9112960847599384,-0.828630532569293,-0.9397411317949329,0.33618682490610335,-0.5090757977960657,0.4223727283369613,0.9027738173134559,0.019299594455886797,44.86
-1.2774054360959102,-0.828630532569293,1.210977022708091,-0.057004244511202104,1.006996298018592,0.028318306213412903,0.46664757031513115,-0.11512952757455576,13.2
-1.2302005711049855,1.8128039955534154,-0.9397411317949329,-0.424912526090677,1.1928878381184966,1.1983395692143812,-1.3767802646638223,-0.12098334293841626,37.43
-1.282448847542747,1.0986805785970373,1.2200015966986706,0.5396926760280698,0.429559897543835,-2.1495805116801447,0.4060003123457484,-0.10233176968963197,29.87
0.712414191541038,1.1918733915716393,-0.9397411317949329,0.8617490555487188,0.5073271093093161,-2.1832175636524944,0.5017762134751969,-0.04903135399944452,56.61
-1.1885270088450515,-0.828630532569293,1.3090284254487754,0.4844776865618418,0.5734371105100742,0.8610039401605826,-1.1037850396357074,-0.13715523404923982,12.46
-1.1627310883260844,1.2807834067551398,-0.9397411317949329,0.6474715158330825,0.660876245908783,-1.2904711169454623,1.323176611069853,-0.08388465714514018,23.79
-1.386808431019545,-0.828630532569293,1.6446201487087098,-0.18799470386041806,0.7486589721317563,-0.2729315079125039,0.28781787054080116,-0.1478275047989422,13.29
0.2098329381911418,0.6437540583534714,0.6984703648843066,0.2363330634166926,1.1524466261212931,-0.6338637878815008,-0.0812335735160261,0.07357222724351208,39.42
0.7110795499054177,1.0319077341490461,1.1370677086049052,0.22212016064507406,0.6415249505925104,-1.2946124237041239,-0.9829218071678343,0.042945721720981475,46.23
-1.2097800557040799,1.3651708985750441,-0.9397411317949329,0.35918067196223646,-0.5041372061371866,0.4426218035519567,0.9275543477661761,0.028325814542441295,23.74
-1.2246409403557343,0.9239316850755855,1.0167950219708008,0.17668869517649008,0.4208428012023053,-0.19625234196085392,0.31913878237987725,0.04831166049183007,26.14
-1.3148432812825932,-0.828630532569293,1.5520464186181644,-0.45747364498516896,1.3637376604926046,-1.895095976422031,0.8606802291569099,-0.2752609858441085,15.52
0.31905701588149316,0.6950057360410676,0.7576593001131476,0.9744955646377068,0.4377298856492406,-0.0970263985566981,-1.3350602922588448,0.06153924942233205,43.57
0.3653868286708813,-0.828630532569293,0.8830431964489261,-0.8052698588642809,1.5629672023444632,-0.1919131132418589,0.24751941084231252,-0.04825077532836843,35.86
0.7284917654301392,1.0541950518317638,-0.9397411317949329,0.19930570708589906,0.6633297868654904,0.7539011124178278,-0.9808022210961604,0.057890411276151854,41.05
-1.1645757481237173,1.2851012862098325,1.413224453698151,0.6878331375991963,0.6546234952968719,-1.2533489043890989,-1.013563990871009,-0.08769402272057898,28.99
0.44993917548486384,0.9099833746204595,-0.9397411317949329,1.1957109310112077,0.20172031621574493,-0.4417454802683493,0.12071998346765221,0.05689153790466977,46.24
-1.182515403473366,1.4108077364059963,-0.9397411317949329,-0.24951892205995557,-0.7248945471613305,0.6791216682189406,1.1269767715357855,0.03959050602943805,26.92
-1.3263330059093759,-0.828630532569293,1.6048348654270375,0.5752787064948786,0.2291839826467159,-2.054215673981489,0.80956399001172,-0.23966624929686808,10.54
0.5856814140484503,-0.828630532569293,-0.9397411317949329,0.02439522991987616,0.5552472812621936,0.5445218121903,0.8785032147814389,-0.016187626841833277,25.1
-1.3382803636135414,1.140673709113611,1.254153788703185,-0.32123321511580977,0.9768773255790325,-0.5747819599281818,0.016279328380038788,-0.02269370786094476,29.07
-1.197186719219844,-0.828630532569293,1.2713557769255353,0.4297605326099392,0.5440837254498914,-1.356046028735318,1.0831568737877946,-0.1550382077213148,9.74
0.13006700773542393,0.5083229068058213,0.5496860971237378,0.9912372718790978,0.2580940574769924,-0.4445178582338671,0.048186878857464505,0.10840843086459466,33.8
-1.1781963661009398,1.2189934613524966,1.4972603155589264,1.1912850006418707,0.5753582545506605,-2.078429203358988,-1.9364112684442083,-0.24284955922810977,39.84
-1.3473301578167949,1.4952583974957223,0.7245635973293445,1.0676892295350853,0.08275342880522639,-1.6803033510225458,0.22496451447238094,-0.05182582353673173,26.97
-1.0604541617930259,1.0801896552111323,1.2072727895795055,0.914227817346269,0.48253492679699794,-0.11421504714511325,-1.7985731391822022,-0.06602352336972536,27.23
-1.1487695057056169,1.4063834845791854,1.513599217664031,0.7509471849563055,0.6732578423401363,-2.089387275476698,-1.382269214454442,-0.18917049725208832,30.65
-1.1775801013766927,1.483378458710919,1.4124185907793234,0.7748044581366209,0.5454785939785266,-2.0940654024304846,-1.034858541868507,-0.15418841145003484,33.05
-1.2641498568841472,0.788475403517757,1.9972067935165798,0.31475078959328245,0.32063840316464265,-0.6535027146078558,-2.0905062148533284,-0.1769848374312779,24.58
-1.392478163159034,0.2923283423250267,2.011503196077177,0.539309796124182,-0.04287626796617806,-0.25906768189471374,-1.8312297374981072,-0.16663196370698266,21.91
-1.1531728115691469,1.4508728053159592,1.5754286008286946,0.8580762580718141,0.17509686872746044,-1.7189600953644586,-1.4782448218368023,-0.14418019245855265,30.88
-1.3037370776011266,-0.6671321503394916,2.06743595965493,-0.40749650513487506,-0.033219788710360264,0.4693507668764805,-0.9753212658137229,-0.1578074330467537,15.34
-1.2608983652159809,0.8458456631086547,1.6103102651584191,1.606362808288282,0.015804394991307678,-1.8241116234201722,-2.2500536841921956,-0.2689533804487991,24.34
-1.08514283106764,1.1802176894833234,2.0607172384669887,0.024986601452831984,0.15471366404163447,-1.0947733222545994,-1.917329273678034,-0.16014627905672318,23.89
-0.9505352966741704,0.06261035979397642,1.8805746020900926,1.2398265601834577,-0.0761284111863161,-0.8326802685330703,-2.0976590008326332,-0.19701928703578797,22.93
-1.2340085499421485,0.9206727547272009,1.6925516461063161,1.3879369113657107,0.041141497694572884,-1.7092397235791954,-2.222128387402218,-0.24910692440116974,29.41
0.6036874649185362,-0.828630532569293,1.0513472053870812,0.07028479708334595,0.5663934918041905,0.590514453592704,-1.0629238793917766,-0.008548190609371042,36.8
-1.1560010315359637,1.3197165688042156,-0.9397411317949329,0.7190590419997069,0.7115154128752094,1.079717781635499,-1.0173682446750065,-0.06568866746451368,18.29
-1.2727361797956176,1.7288828810289152,-0.9397411317949329,0.9964410415904683,-0.5097777698049327,-1.9832189172352208,1.2321719726474347,-0.12582443660075784,32.72
0.11399470246117549,-0.828630532569293,0.6737371461267414,1.7166633445147035,0.7869474731704919,-2.0968077180120783,-0.12711625040359067,-0.17815738271306764,31.42
-1.3683928163736814,1.735767332086107,-0.9397411317949329,0.9968235409575246,-0.5080990433333529,-0.18877483423899527,0.482233473231134,-0.018454460073998064,28.94
0.6783282600498325,1.0127718656081488,-0.9397411317949329,0.16247342557317615,0.6228033401046282,-1.3321442914981163,1.0388725796356832,0.030114226303566607,40.93
-1.1864645548865471,-0.828630532569293,0.9480873749293429,0.2636267884702133,0.47126851128771474,0.3290752872234566,0.6711205065321179,-0.059430321964313956,12.18
-1.1390099269761926,0.9806789326172441,1.079884026974969,0.11116049036464293,0.5914051629283307,0.632276739343259,-1.0429378476264919,0.00859441278038665,25.56
-1.2948718527869187,0.7883718213438697,0.8645845276330498,1.2492133151892613,0.42145532346817877,-0.6699044899836821,-0.13063722623412782,-0.018961185926300295,36.44
-1.2513638271598353,1.71098294130502,-0.9397411317949329,-0.4184514297600668,1.2256224866967305,-1.7422558209294752,1.3901795114066176,-0.1583407136561521,32.96
0.2556068916923491,-0.828630532569293,0.9753188098463945,1.4733409756541505,0.7804981059954265,-1.3075213196008857,-0.6726346672584633,-0.11951873898956857,23.84
-1.1495930350862338,0.9468743578187553,1.042149979230125,0.05711083535559568,0.5583323979930366,-1.3676161236176547,0.9137528672552597,-0.014073136679802518,26.23
-1.2771452325443036,-0.828630532569293,1.1065190695003575,-1.3231433278559048,1.8070701749817246,0.15265329373355052,0.49826619769292324,-0.1877755020108817,17.96
0.43103544768111063,-0.828630532569293,1.1762292662180245,0.6963045918721121,0.8728733043663247,-2.322085894768671,0.08799414189512106,-0.1630467187159447,38.63
-1.1472244117110992,0.9647896190484542,-0.9397411317949329,0.06925171100892176,0.5794975496007014,0.5802459461002434,0.9281239838491647,0.0004331231336055025,19.01
0.17570028925212283,0.6347303416855842,0.6934604366154081,1.3019618200575938,-0.004562601906747601,-0.8525114063798873,-0.26030397537589617,0.08298342363536239,33.72
-1.223478172667456,-0.828630532569293,1.7456840566634406,1.2430525295998076,0.6976383552622024,-1.2266059775808444,-1.0883097313727783,-0.2693324628747214,8.54
-1.2857896413602423,-0.828630532569293,1.6348157354280792,-1.0511402350797618,1.5046135299292784,0.8046137648163625,-1.4820618924128217,-0.26149111663295926,13.46
0.09414425487635636,-0.828630532569293,0.5841893008652035,1.0573276314986402,1.0532351625002712,-0.49912263943189955,-0.06666017288617584,-0.05009819004026411,32.25
-1.1664477284044175,0.6895089360865926,0.7558500952592977,0.46836559652413023,0.446572330502238,-0.0037443600276890012,0.4214160438846563,0.05053454839933803,23.52
-1.2864943121633314,1.119904598447263,1.4113327836676304,0.5204524325927774,0.5346183139441832,-0.06665430052306427,-1.7758525657299766,-0.08624572134066215,29.73
0.1529494696224202,0.5041819219894741,0.5480247672657916,-0.18410574939598034,1.264567723975378,-0.2192638529042908,0.2211354959560066,0.08352284337262006,49.77
0.7134867519352829,1.243596458371305,-0.9397411317949329,0.158947691518738,1.0191571727568345,-0.5636241023099371,0.10034339572778958,0.05070201333898015,52.45
0.46024881267427187,0.774744383418733,-0.9397411317949329,-0.2949220490790676,0.5314623893718486,0.3519910540513674,0.7525756555306905,0.09774867864780903,40.93
0.9129566777805981,-0.828630532569293,-0.9397411317949329,0.3258217869000944,-0.4209254037367725,0.41529314165493625,0.894728003674079,0.017464986794295874,44.87
-1.2793192272257063,-0.828630532569293,1.2049449783275592,-0.06666095733184525,1.027265693727006,0.035350841602973825,0.4604689279371715,-0.11493238252735109,13.2
-1.2293043813381141,1.8155517987146195,-0.9397411317949329,-0.4305806185578277,1.1775593095094576,1.2089301894078053,-1.377415723340196,-0.11893986015636392,37.43
-1.2868142742760507,1.0947728923667237,1.206615225564522,0.5085948542934572,0.5246097732016675,-2.1488042094845223,0.4008949032073802,-0.1058593938971007,29.87
0.7066365958242217,1.1867028219226061,-0.9397411317949329,0.8556156630392087,0.5280502117284204,-2.18324651402261,0.5054320265504245,-0.04927009476045466,56.62
-1.191528330309613,-0.828630532569293,1.3013015629095224,0.4926974007791851,0.5892910329277491,0.8596741747135342,-1.1104813403852345,-0.13933319923720147,12.46
-1.1660683707696669,1.2803529284898174,-0.9397411317949329,0.6549151439177331,0.6768807984228222,-1.2902225562038059,1.3100317895759659,-0.08655725330287131,23.79
-1.3896308272792268,-0.828630532569293,1.6405567131078747,-0.1775386329831963,0.7491125595771944,-0.2724489687018358,0.28716256440979276,-0.14757879947601912,13.29
0.1990474238960678,0.6375962109457637,0.6966115370094589,0.2097700983710013,1.2291048371897666,-0.6500421829562657,-0.1053067003939206,0.06482615019211671,39.42
0.7098819513880453,1.034833157335369,1.1397124152875429,0.2148242432136688,0.6406228529239465,-1.293610154092712,-0.9805822300783033,0.04232743826146098,46.23
0.6455731929967068,0.9888729111342981,-0.9397411317949329,-2.7817187421322576,0.603108330466614,0.6192374361473245,0.9735871706980448,0.016615578520049676,44.52
-1.213437659742186,1.358862229029555,-0.9397411317949329,0.35166774233899756,-0.41462256177924606,0.4380709045879595,0.922608246928023,0.027629382294482124,23.74
-1.2305436578353277,0.9145351957723723,1.005685314751358,0.1601414196636978,0.5221576061199371,-0.2047742082231126,0.3027663120216271,0.03885093325773393,26.15
-1.3145439975376436,-0.828630532569293,1.5499135235942096,-0.44344989842492477,1.3601663784921945,-1.8968229198675495,0.8594471671849793,-0.2765664259190697,15.53
0.322816020569415,0.6952254124030678,0.7608109562656667,0.957839234917931,0.4407312660574996,-0.08520143522147268,-1.3392231856590422,0.06389021926495166,43.58
0.37339523231729743,-0.828630532569293,0.8977054897095963,-0.8202521912504817,1.5298449257618298,-0.18194752696552946,0.25659529327128766,-0.04437074211266929,35.87
0.7272517348206746,1.0505639584791295,-0.9397411317949329,0.22289866665142521,0.6597773003270366,0.7464385130707677,-0.9883038448392061,0.05545559324764403,41.05
-1.1633187619303917,1.2809016810409724,1.4131125814921655,0.6724342346186131,0.6926583764700667,-1.2603040180438734,-1.0225145621628717,-0.08930702320148202,28.99
0.461379285340856,0.9152983157329095,-0.9397411317949329,1.210915622635536,0.09339874153847587,-0.43022063783471687,0.13596517538231753,0.06358731254045037,46.25
-1.1858975209654734,1.4073167979942203,-0.9397411317949329,-0.2433457796428118,-0.680573289722337,0.6727292355358857,1.126988045613805,0.03694148417988849,26.92
-1.321656172517688,-0.828630532569293,1.6110579762916502,0.5718473170919413,0.19811235443896408,-2.053406665761856,0.8158097346448208,-0.236765584450672,10.54
0.582364597299953,-0.828630532569293,-0.9397411317949329,0.029857107575108024,0.5552023450686722,0.540124180069622,0.881342921018411,-0.01621842539741796,25.1
-1.3354039648999374,1.1281795113482316,1.2421618170399116,-0.35272425853001566,1.0543924732288374,-0.5872857539705701,0.0124670660154739,-0.027285456050363508,29.07
-1.1997946150662055,-0.828630532569293,1.2652547173922968,0.4400288937750362,0.5608525767625135,-1.3548220055892304,1.0744612846504862,-0.15646837954678575,9.74
0.12673941459520763,0.500596801856437,0.5440764744605091,0.9526593226840676,0.3719674025463819,-0.45159409080871954,0.04358135473151896,0.10346313197959658,33.8
0.13307735080836314,0.44486976989867805,0.47996061214339286,1.7393284252429213,0.7550655570527609,-0.8518559378934291,-1.214392925072548,-0.02650166816703179,37.17
-1.168829432627228,1.0852277537843984,1.1959094296822939,-0.433976690601145,2.177546908432339,-1.882970344174679,-0.6810778667695431,-0.2257628501566734,33.76
-1.2035432442631189,0.7502524762102347,0.8214720313787602,1.819238071048156,0.7822709098130363,-0.7458083705067021,-1.619905887096591,-0.14004371827225928,16.5
-1.2436984364599828,0.509948452386651,0.5542854326289872,1.1638871386399021,0.6439636821497019,-1.5108252465741454,0.8352610927670397,-0.06895094202900622,19.99
-1.2391434410079,1.0485980682460034,1.154261290314604,-0.8630730369444725,2.2416678335893856,-0.5462405352659748,-1.1881485285106346,-0.17980577693749827,36.35
0.1737845928774216,0.6243802816436338,0.6809225582353007,-0.9157208353122259,2.808812361691086,-0.9689106562480813,-1.7607209666188897,-0.21531010237052212,38.22
-1.346397415883117,-0.828630532569293,1.4942099953969885,-1.413516029267359,1.9051665942078768,-0.7001600599816812,0.4558584239334121,-0.25998065857693164,15.42
0.46327377629345934,0.8654954095743134,-0.9397411317949329,1.9449017559610229,0.1526155116524503,-0.9741237944198022,-0.5947652329671695,-0.027229430519008654,33.42
1.2237672122283703,-0.828630532569293,-0.9397411317949329,0.6672127240991551,0.2599509289536425,0.7062730918967057,-0.4802964459848803,-0.027255318504427816,39.06
-1.1262237676895286,0.8866625882723252,0.9742905102190825,-0.28834699203071557,1.885399456456806,-0.2547886070544682,-0.7240929584277148,-0.08457366013032715,27.68
-1.180463173178933,1.9591708290123,-0.9397411317949329,1.0629533709741996,0.12600113921466863,0.4416677476604173,-1.2006018117223998,-0.0690816271636212,26.86
0.6727140822839655,1.0092658829188785,-0.9397411317949329,-0.4156119253876411,1.1035280023334955,-0.6040659217326781,0.7778574835996428,0.04674978705373692,45.3
0.4492103381643529,-0.828630532569293,0.7664667372343441,0.9387473721405274,0.8996406788557213,-0.08975128641279291,-0.865460865105186,-0.04178620665221195,30.12
-1.2456420719277141,-0.828630532569293,1.8483553907692687,-0.8981275974293712,0.9985207554540559,0.05028505633355596,-0.1996130758040054,-0.17548932590507033,15.57
-1.2865692253608942,1.1401763945094632,1.2556685921654394,-0.309507385735284,1.1054301252735117,-1.186394846963852,0.24867481068059064,-0.05561850306781335,44.61
0.44511730707871044,0.8676931338532413,0.9533860482384622,1.3611561588090253,0.13672788209273162,-1.1950603155007102,-1.5501826397603287,-0.0025015092305902156,53.52
0.8136933334654994,1.2946226664877285,-0.9397411317949329,0.9187880226326558,-0.12396169702687646,-1.2713813405104042,0.3287073286774673,0.05262957103522002,57.22
1.159170900089756,1.4554915598844722,-0.9397411317949329,0.7580359956782613,0.2507987254990819,-1.9877981555573039,-0.0756539166915082,-0.017019637998267702,65.91
0.2696139246149087,0.7831893048325398,0.8584869177965352,-0.22810262385775665,0.9277580788734928,-1.968040722365413,0.6993259966785556,0.011163644113197277,52.83
-0.06080452267097793,0.36900540231610746,0.3958540996176398,0.9322883073705186,0.6365988362362034,-1.8216429136814962,0.8999203888835936,-0.005401704864966113,33.4
-1.096162487557255,-0.828630532569293,1.4204940256449883,-0.0878571230975233,1.0943657797959607,0.5482518715547503,-0.6882343633079737,-0.13936872724386268,18.03
-1.1535733448974999,1.9935701563390589,-0.9397411317949329,-0.0002109081047422868,1.0203679732962532,0.6966434126277088,-1.0187200515283192,-0.0777305840418436,37.36
-1.1510360122404437,1.1873240960900304,1.3088549873354223,0.9036433987379194,0.9699571817948913,-1.9731399394278186,-0.9723099706363205,-0.16202678512024948,35.31
0.43717114100793975,-0.828630532569293,0.9452673128608609,0.509714245812556,0.15167231219612728,-1.192248194919544,0.7991961340147019,-0.008775553288500893,42.64
0.4895143550760392,-0.828630532569293,1.1338690024604234,1.488319917677041,-0.02199259277492118,-1.5205057856504667,-0.5039367534646395,-0.09191147047660743,40.06
0.41625353930518216,0.7245093585889673,0.7938097587314311,0.7375815815059917,0.923998368015136,-0.7520142213138741,-0.8852490143103416,0.04856842679956899,43.8
0.8434711117909345,1.306637083063593,-0.9397411317949329,-0.06820914521692131,0.8464366659359092,-1.103913893132019,0.553191157591758,0.04302727006390317,61.24
0.7194373029712745,-0.828630532569293,1.2407480974500729,0.4312214554098707,0.9183148435281032,-2.3182787182037212,-0.08438327000654838,-0.15933379292257713,40.87
-1.3971964242324104,1.5598180317520798,1.7258857346624212,-0.07924782714003027,-0.050677560077840224,-1.4246672575010744,-0.4969502944405648,-0.08004558350530042,33.31
0.8230591070157262,1.089548449593491,-0.9397411317949329,0.6376164378987154,0.7669031832316128,-0.04045245859736143,-0.6727671284670987,0.050436198677121936,52.43
-1.1641959869381528,-0.828630532569293,1.8677405784712382,-0.3910102382101509,1.0098618792437577,-1.7655288685275796,0.4973424208802641,-0.2522320814694756,15.09
0.6063104975979658,-0.828630532569293,1.0418637730647855,-0.4116753834251813,1.021785588523351,-0.5227086165984723,0.320776688528333,-0.010016337156963234,38.46
0.5408486386774554,-0.828630532569293,1.1716232291292383,0.09899254283843222,1.1715248334652457,-1.3843872960656507,0.10445033815444311,-0.08405381798030556,37.27
0.45339269485263034,0.748888915505594,-0.9397411317949329,0.17590257294471545,0.43956929446067355,-0.6801441311308184,1.217766484078667,0.06298005133868614,42.14
0.2475789293642198,-0.828630532569293,0.7775941609847543,1.3991500978817173,1.0268290847107413,-1.2849337641571552,-0.44279272861924773,-0.11514805453247569,31.88
0.118878911695416,0.5741407097216259,0.6260270317227205,1.1209684192852147,0.14343904179151107,-1.8525065112692753,0.5135960538871087,0.024110500235431223,41.54
-1.125287247719328,1.9960795192115077,-0.9397411317949329,-0.6789516176797776,1.2656329216590796,0.9844204805393477,-1.1833653983883485,-0.10605409336219941,39.46
-1.079427912145297,2.0308933956072446,-0.9397411317949329,0.0053590009786652895,1.3009606888520304,-1.5729810162475464,0.6109258855075066,-0.1340528606560559,37.92
0.3182638795696852,0.6865864225494949,0.7497349905877603,0.3116665116056752,0.8827476629920609,-1.2591580953262647,0.267878674343222,0.06539759139992798,44.28
0.4719163638412549,-0.828630532569293,0.9032946783368571,0.680868230572154,0.8740083327632087,-2.101560048121471,0.46582201118544425,-0.12238732830637625,31.18
-1.1910656449337682,0.9072067617063327,0.9972317571705758,0.9058445176635772,0.16820677078698495,-0.9814584453922771,0.31499998325742795,0.006086684266125956,23.7
-1.09438303924448,1.4204708933627652,-0.9397411317949329,-0.1470419642274273,1.2351470355899405,0.3553940818742684,0.35303319962618235,-0.03334931456630587,32.77
0.056882444635945315,0.42608150395193456,0.46044973419861773,1.3620686717750914,0.7251875848182082,-1.3886400657518627,0.045765089698633805,0.009245904337360887,32.4
